display,name,revenue,avg_price,commission,buyout_pct,profit_pct,sellers_with_sales
Обувь / Кроссовки,Кроссовки,"128,457,195,363","5,250",3450.0%,37.6%,61.7%,9672
Платья,Платья,"58,288,206,789","1,894",3450.0%,26.1%,50.6%,32038
Футболки,Футболки,"46,416,871,016","1,352",3450.0%,53.3%,53.9%,14327
Костюмы,Костюмы,"42,050,547,127","2,267",3450.0%,43.1%,57.4%,18320
Брюки,Брюки,"30,519,268,612","1,620",3450.0%,34.7%,52.0%,16635
Товары для взрослых / Секс куклы,Секс куклы,"24,489,171,748","5,494",2950.0%,66.7%,68.0%,211
Джинсы,Джинсы,"22,198,859,474","2,058",3450.0%,25.4%,50.6%,9835
Шорты,Шорты,"19,549,415,642","1,048",3450.0%,37.4%,48.9%,9303
Автотовары / Шины автомобильные,Шины автомобильные,"18,116,907,571","9,924",1800.0%,79.8%,81.1%,258
Обувь / Босоножки,Босоножки,"17,774,394,342","2,432",3450.0%,31.1%,54.5%,3632
Электроника / Смартфоны,Смартфоны,"16,074,541,010","11,441",1650.0%,88.0%,82.9%,2738
Для ремонта / Смесители,Смесители,"15,825,174,637","4,114",2750.0%,80.6%,70.2%,2298
Дом / Шкафы-купе,Шкафы-купе,"15,180,513,054","36,540",2650.0%,91.4%,73.2%,103
Обувь / Туфли,Туфли,"15,067,702,380","2,717",3450.0%,25.8%,54.9%,6596
Рубашки,Рубашки,"14,712,062,316","1,503",3450.0%,36.3%,51.6%,10405
Автотовары / Чехлы на сиденья,Чехлы на сиденья,"14,711,355,944","5,599",2650.0%,73.4%,71.9%,1373
Инсталляции для унитаза,Инсталляции для унитаза,"13,769,504,576","21,178",2750.0%,79.6%,72.1%,288
Бытовая техника / Триммеры садовые,Триммеры садовые,"13,453,475,553","5,778",1950.0%,84.7%,78.4%,1740
Юбки,Юбки,"12,966,460,885","1,328",3450.0%,28.4%,45.5%,12730
Обувь / Сандалии,Сандалии,"12,928,159,755","1,905",3450.0%,30.6%,51.7%,3596
Дом / Тумбы для ванной,Тумбы для ванной,"11,410,879,539","22,074",2750.0%,85.3%,72.1%,252
Книги,Книги,"11,142,923,168",978,2950.0%,90.5%,62.0%,7811
Амортизаторы автомобильные,Амортизаторы автомобильные,"10,567,991,800","3,986",2650.0%,81.3%,71.2%,1084
Женщинам / Сумки,Сумки,"10,149,082,952","1,634",3450.0%,57.2%,57.0%,18179
Женщинам / Блузки,Блузки,"10,005,826,528","1,416",3450.0%,32.1%,48.5%,8483
Зоотовары / Корм сухой,Корм сухой,"9,899,413,814","1,990",2150.0%,92.9%,74.4%,1347
Женщинам / Костюмы купальные,Костюмы купальные,"9,884,506,068","1,618",3450.0%,25.2%,47.4%,4159
Дом / Кружки,Кружки,"9,810,401,826",676,2950.0%,83.1%,56.5%,4592
Электроника / Чехлы,Чехлы для телефонов,"9,740,160,102",403,2950.0%,77.2%,46.4%,5840
Женщинам / Топы,Топы,"9,549,426,560",870,3450.0%,37.6%,42.8%,8680
Мужчинам / Костюмы спортивные,Костюмы спортивные,"9,300,019,122","2,040",3450.0%,42.1%,57.1%,7289
Обувь / Лоферы,Лоферы,"9,223,910,399","4,333",3450.0%,24.1%,59.5%,2696
Куртки,Куртки,"8,848,807,181","3,672",3450.0%,30.2%,57.6%,11787
Колодки автомобильные,Колодки автомобильные,"8,751,067,747","2,225",2650.0%,82.5%,69.5%,1291
Магнитолы автомобильные,Магнитолы автомобильные,"8,112,939,474","11,614",2650.0%,82.0%,72.7%,972
Электроника / Ноутбуки,Ноутбуки,"8,093,465,570","46,251",1450.0%,87.7%,85.3%,1328
Обувь / Кеды,Кеды,"7,594,068,082","3,588",3450.0%,32.4%,58.3%,3620
Тормозные диски автомобильные,Тормозные диски автомобильные,"7,320,038,664","5,645",2650.0%,77.8%,71.8%,688
Автотовары / Тенты автомобильные,Тенты автомобильные,"7,021,963,728","3,962",2650.0%,82.6%,71.2%,838
Автотовары / Рычаги подвески,Рычаги подвески,"6,948,260,197","4,650",2650.0%,83.3%,71.6%,745
Женщинам / Бюстгальтеры,Бюстгальтеры,"6,747,008,547",990,3450.0%,47.7%,50.7%,2295
Дом / Краны шаровые,Краны шаровые,"6,436,677,162","1,210",2750.0%,89.2%,64.8%,1094
Женщинам / Пиджаки,Пиджаки,"6,026,106,709","2,892",3450.0%,23.6%,54.4%,5141
Обувь / Сабо,Сабо,"5,643,084,530","1,753",3450.0%,40.4%,54.4%,2199
Для ремонта / Ограждения душевые,Ограждения душевые,"5,525,944,328","35,444",2750.0%,50.0%,72.3%,90
Женщинам / Очки сварочные,Сварочные аппараты,"5,256,655,419","4,592",2850.0%,81.9%,70.2%,920
Бытовая техника / Холодильники,Холодильники,"5,169,016,068","39,645",1950.0%,100.0%,80.2%,280
Футболки-поло,Футболки-поло,"5,098,295,150","1,562",3450.0%,38.9%,52.1%,2892
Спорт / Ботинки,Ботинки,"5,016,118,344","3,532",3450.0%,42.7%,58.9%,6471
Электроника / Телевизоры,Телевизоры,"4,959,612,229","22,636",2150.0%,76.8%,78.1%,356
Мужчинам / Ювелирные кольца,Ювелирные кольца,"4,876,687,097","4,216",3300.0%,51.2%,63.7%,881
Женщинам / Трусы,Трусы,"4,814,516,835",641,3450.0%,75.3%,49.0%,5153
Дом / Светильники,Светильники,"4,616,609,962","2,174",2950.0%,83.7%,66.3%,5449
Системы и гарнитуры душевые,Системы и гарнитуры душевые,"4,555,066,689","15,216",2750.0%,74.7%,71.8%,848
Радиаторы автомобильные,Радиаторы автомобильные,"4,544,616,864","7,788",2650.0%,76.0%,72.3%,483
Дом / Раковины,Раковины,"4,520,264,125","10,716",2750.0%,79.9%,71.6%,346
Для ремонта / Шлифовальные машины,Шлифовальные машины,"4,394,535,945","3,629",3000.0%,84.7%,67.8%,1792
Красота / Кремы,Кремы,"4,375,323,360",570,3250.0%,93.1%,52.4%,12947
Дом / Люстры,Люстры,"4,349,391,648","7,172",2950.0%,79.4%,69.3%,1525
Сад и дача / Гарнитуры кухонные,Гарнитуры кухонные,"4,289,973,688","23,688",2650.0%,100.0%,73.2%,162
Обувь / Балетки,Балетки,"4,254,825,989","2,364",3450.0%,32.7%,56.0%,1482
Наборы автомобильных инструментов,Наборы автомобильных инструментов,"4,149,784,532","1,948",2650.0%,83.8%,68.9%,1579
Багажники автомобильные,Багажники автомобильные,"4,052,983,035","7,987",2650.0%,33.3%,72.3%,255
Мужчинам / Брюки спортивные,Брюки спортивные,"3,996,319,316","1,342",3450.0%,41.1%,50.8%,4510
Автотовары / ШРУС,ШРУСы,"3,950,922,442","3,616",2650.0%,81.8%,70.7%,592
Женщинам / Жилеты,Жилеты,"3,919,709,116","1,787",3450.0%,28.2%,52.6%,6270
Для ремонта / Мойки для кухни,Мойки для кухни,"3,873,892,208","8,114",2700.0%,80.4%,71.8%,574
Коврики автомобильные,Коврики автомобильные,"3,857,711,435","2,506",2650.0%,80.1%,69.7%,1503
Дом / Ванны,Ванны,"3,784,090,678","35,148",2750.0%,92.9%,72.2%,189
Автотовары / Ступицы,Ступицы,"3,776,447,627","5,317",2650.0%,79.0%,71.7%,715
Обувь / Шлепанцы,Шлепанцы,"3,767,619,114","1,459",3450.0%,43.8%,50.7%,2603
Автотовары / Шуруповерты,Шуруповерты,"3,735,084,432","4,642",3150.0%,84.4%,66.4%,1974
Женщинам / Сарафаны,Сарафаны,"3,723,402,511","1,270",3450.0%,31.7%,49.5%,3856
Детям / Пижамы,Пижамы,"3,719,600,537","1,223",3450.0%,57.0%,54.6%,6447
Автотовары / Фильтры воздушные,Фильтры воздушные,"3,558,508,542","1,059",2650.0%,90.6%,65.4%,1582
Другие автоаксессуары,Другие автоаксессуары,"3,498,884,164","1,068",2650.0%,86.9%,65.1%,4068
Бытовая техника / Водонагреватели,Водонагреватели,"3,445,271,745","7,120",2550.0%,76.7%,73.1%,1168
Зоотовары / Корм влажный,Корм влажный,"3,421,645,293","1,304",2150.0%,94.6%,72.3%,622
Для ремонта / Кабели электрические,Кабели электрические,"3,350,319,787","2,206",2850.0%,88.9%,68.2%,706
Дом / Постельное белье,Постельное белье,"3,335,456,822","2,930",2950.0%,80.4%,67.3%,2102
Автотовары / Сайлентблоки,Сайлентблоки,"3,302,243,285","1,024",2650.0%,79.3%,64.7%,758
Детям / Толстовки,Толстовки,"3,262,486,166","1,776",3450.0%,41.8%,53.7%,2988
Лонгсливы,Лонгсливы,"3,258,949,860","1,128",3450.0%,42.6%,48.1%,8039
Женщинам / Худи,Худи,"3,229,758,596","3,256",3450.0%,37.9%,58.2%,4681
Дом / Кабины душевые,Кабины душевые,"3,219,627,480","40,096",2750.0%,100.0%,72.3%,131
Красота / Масла,Масла моторные,"3,175,006,048","2,552",2650.0%,87.8%,70.0%,1025
Автотовары / Гайковерты,Гайковерты,"3,147,169,228","7,056",3150.0%,85.0%,67.2%,1225
Бытовая техника / Стиральные машины,Стиральные машины,"3,097,700,832","37,684",1950.0%,93.0%,80.3%,174
Аксессуары / Ювелирные серьги,Ювелирные серьги,"3,080,773,231","3,006",3300.0%,64.1%,63.2%,1011
Комплекты корпусной мебели,Комплекты корпусной мебели,"3,057,395,959","18,090",2650.0%,95.1%,73.1%,194
Женщинам / Ветровки,Ветровки,"3,054,140,644","2,619",3450.0%,32.4%,55.7%,2899
Мужчинам / Часы наручные,Часы наручные,"3,048,376,557","3,124",3450.0%,74.0%,61.9%,3261
Для ремонта / Радиаторы отопления,Радиаторы охлаждения,"3,046,253,685","9,452",2650.0%,57.1%,72.4%,386
Сад и дача / Насосы и помпы,Насосы погружные,"3,040,469,484","5,305",1950.0%,88.5%,78.9%,992
Обувь / Мюли,Мюли,"3,021,358,619","3,596",3450.0%,25.2%,57.2%,607
Мужчинам / Наборы инструментов,Наборы инструментов,"2,987,671,260","1,256",3150.0%,85.8%,61.5%,2932
Комбинезоны,Комбинезоны,"2,841,876,117","2,329",3450.0%,28.7%,55.1%,4794
Картриджи для принтеров,Картриджи для принтеров,"2,748,605,716","2,003",2450.0%,92.3%,71.3%,627
Автотовары / Подшипники ступицы,Подшипники ступицы,"2,747,571,930","2,730",2650.0%,84.9%,70.1%,898
Автотовары / Суппорты,Суппорты тормозные,"2,668,233,416","4,332",2650.0%,82.1%,71.4%,587
БАДы,БАДы,"2,591,745,502","1,020",2450.0%,90.6%,67.3%,2485
Женщинам / Солнцезащитные очки,Солнцезащитные очки,"2,557,814,873","1,436",3450.0%,42.8%,52.2%,4092
Ремкомплекты автомобильные,Ремкомплекты автомобильные,"2,531,084,733","1,010",2650.0%,89.2%,65.4%,2351
Автотовары / Диски колесные,Диски колесные,"2,524,687,963","11,657",2650.0%,75.0%,72.7%,206
Сад и дача / Газонокосилки,Газонокосилки,"2,502,702,419","13,638",1950.0%,86.8%,79.9%,607
Для ремонта / Унитазы,Унитазы,"2,486,739,317","18,926",2750.0%,71.7%,72.0%,221
Автотовары / Сцепления в сборе,Сцепления в сборе,"2,483,139,489","8,780",2650.0%,70.6%,72.2%,565
Автотовары / Генераторы в сборе,Генераторы в сборе,"2,482,075,366","12,928",2650.0%,72.8%,72.8%,496
Бытовая техника / Пылесосы,Пылесосы,"2,482,010,300","5,154",2550.0%,83.2%,73.0%,2667
Обувь / Сапоги,Сапоги,"2,479,993,310","3,988",3450.0%,32.3%,57.9%,2533
Дом / Шторы интерьерные,Шторы интерьерные,"2,472,710,700","2,974",2950.0%,66.0%,66.3%,2154
Автотовары / Опоры двигателя,Опоры двигателя,"2,425,861,972","2,995",2650.0%,83.8%,70.5%,737
Автотовары / Пружины подвески,Пружины подвески,"2,393,812,567","4,162",2650.0%,80.4%,71.2%,501
Дом / Стулья,Стулья,"2,341,815,000","9,590",2650.0%,84.4%,72.6%,1161
Туники,Туники,"2,316,397,021","1,222",3450.0%,44.6%,52.1%,3294
Дрели,Дрели,"2,293,737,690","3,908",3050.0%,82.6%,67.4%,996
Женщинам / Рюкзаки,Рюкзаки,"2,285,390,650","1,753",3450.0%,62.5%,58.5%,8446
Дом / Зеркала для ванной,Зеркала для ванной,"2,266,767,811","7,902",2750.0%,79.7%,71.4%,517
Автотовары / Стойки стабилизатора,Стойки стабилизатора,"2,266,442,010","1,152",2650.0%,86.7%,65.9%,799
Дом / Диваны,Диваны,"2,258,786,021","42,029",2150.0%,90.2%,78.3%,337
Дом / Полотенцесушители,Полотенцесушители,"2,231,645,414","12,720",2750.0%,79.7%,71.7%,392
Комплекты мебели для ванной,Комплекты мебели для ванной,"2,230,274,287","29,990",2750.0%,100.0%,72.2%,53
Красота / Шампуни,Шампуни,"2,227,159,949",924,3100.0%,93.1%,58.9%,6708
Дом / Римские шторы,Римские шторы,"2,217,014,496","12,080",2950.0%,71.6%,69.5%,39
Автотовары / Фильтры салонные,Фильтры салонные,"2,208,896,469",910,2650.0%,93.3%,64.4%,992
Стартеры электрические,Стартеры электрические,"2,155,786,358","8,676",2650.0%,80.2%,72.4%,574
Здоровье / Контактные линзы,Контактные линзы,"2,112,660,435","2,700",3050.0%,95.6%,65.9%,282
Наконечники рулевой тяги,Наконечники рулевой тяги,"2,112,375,176","1,398",2650.0%,85.5%,67.0%,734
Мужчинам / Жакеты,Жакеты,"2,108,953,896","3,958",3450.0%,27.8%,57.9%,2283
Автотовары / Катушки зажигания,Катушки зажигания,"2,108,565,569","2,770",2650.0%,84.6%,70.2%,831
Для ремонта / Перфораторы,Перфораторы,"2,088,253,392","7,424",2750.0%,82.9%,71.3%,945
Женщинам / Кардиганы,Кардиганы,"2,083,364,764","1,811",3450.0%,39.2%,53.4%,4398
Автотовары / Фары автомобильные,Фары автомобильные,"2,063,036,626","4,464",2650.0%,78.7%,71.4%,1207
Обувь / Мокасины,Мокасины,"2,058,846,117","2,156",3450.0%,34.8%,55.1%,936
Датчики автомобильные,Датчики автомобильные,"1,990,207,261","1,675",2650.0%,82.9%,68.1%,1268
Дом / Стаканы,Стаканы,"1,961,048,101",870,2950.0%,87.2%,60.0%,3029
Электроника / Видеокарты,Видеокарты,"1,952,028,705","33,724",2150.0%,81.8%,78.0%,551
Автотовары / Шаровые опоры,Шаровые опоры,"1,933,755,809","1,485",2650.0%,85.8%,67.5%,827
Для ремонта / Нивелир,Нивелиры,"1,917,812,804","3,694",3150.0%,78.8%,66.1%,638
Женщинам / Свитеры,Свитеры,"1,917,756,246","1,632",3450.0%,36.8%,52.8%,4968
Автотовары / Опоры амортизаторов,Опоры амортизаторов,"1,889,427,535","2,022",2650.0%,80.6%,68.8%,650
Мебель / Кровати,Кровати,"1,880,056,770","21,988",2650.0%,89.3%,73.1%,424
Автотовары / Фильтры масляные,Фильтры масляные,"1,871,201,391",762,2650.0%,92.2%,62.7%,1592
Для ремонта / Радиаторы отопления,Радиаторы отопления,"1,863,761,688","8,000",2750.0%,83.8%,71.4%,239
Автотовары / Комплекты ГРМ,Комплекты ГРМ,"1,857,992,533","5,805",2650.0%,74.0%,71.7%,564
Дом / Фигурки и статуэтки,Фигурки и статуэтки,"1,850,708,231","1,184",2950.0%,83.0%,62.8%,5760
Женщинам / Джемперы,Джемперы,"1,837,818,824","1,751",3450.0%,37.4%,53.5%,3361
Краски водно-дисперсионные,Краски водно-дисперсионные,"1,832,208,110","2,601",2850.0%,86.1%,68.0%,339
Шкафы для ванной комнаты,Шкафы для ванной комнаты,"1,816,162,689","9,610",2750.0%,86.2%,71.5%,332
Автотовары / Фильтры топливные,Фильтры топливные,"1,811,745,883","1,343",2650.0%,89.1%,67.0%,1190
Автотовары / Ремни приводные,Ремни приводные,"1,807,411,495","1,085",2650.0%,90.4%,65.2%,856
Мужчинам / Пуховики,Пуховики,"1,785,610,274","5,404",3450.0%,31.9%,60.3%,2206
Детям / Планшеты,Планшеты,"1,767,572,235","7,196",1950.0%,86.6%,79.2%,1093
Стабилизаторы напряжения,Стабилизаторы напряжения,"1,762,672,554","6,945",1950.0%,87.9%,79.3%,428
Велосипеды двухколесные,Велосипеды двухколесные,"1,756,672,459","17,204",2750.0%,80.8%,72.0%,443
Бытовая техника / Духовые шкафы,Духовые шкафы,"1,752,551,486","35,982",1950.0%,100.0%,80.3%,167
Детям / Наушники,Наушники,"1,750,368,935","1,597",2150.0%,85.6%,72.6%,5349
Конфеты,Конфеты,"1,733,966,955",676,2150.0%,93.7%,65.5%,3050
Красота / Гели,Гели,"1,723,518,820",696,3250.0%,93.2%,54.3%,6443
Выключатели автоматические,Выключатели автоматические,"1,723,368,881","1,776",2850.0%,91.0%,66.9%,616
Аккумуляторы для автомобилей,Аккумуляторы для автомобилей,"1,714,376,127","9,246",2650.0%,68.2%,72.4%,259
Автотовары / Насосы топливные,Насосы топливные,"1,711,523,195","4,395",2650.0%,84.8%,71.5%,892
Комплектующие двигателя,Комплектующие двигателя,"1,707,767,084","1,498",2650.0%,83.2%,67.8%,560
Женщинам / Пальто,Пальто,"1,697,474,511","5,211",3450.0%,23.2%,58.1%,3730
Дом / Ковры,Ковры,"1,696,923,370","2,765",2950.0%,80.7%,67.3%,1864
Мойки высокого давления,Мойки высокого давления,"1,685,369,287","1,997",1950.0%,87.5%,75.2%,1345
Женщинам / Бомберы,Бомберы,"1,674,680,367","2,831",3450.0%,28.9%,55.4%,2855
Щетки стеклоочистителя,Щетки стеклоочистителя,"1,672,932,129","1,351",2650.0%,86.1%,67.2%,1516
Красота / Туалетная вода,Туалетная вода,"1,671,566,423","1,410",3100.0%,91.3%,62.1%,1268
Сверла,Сверла,"1,664,574,876",790,3150.0%,91.9%,58.0%,1864
Бытовая техника / Варочные панели,Варочные панели,"1,660,756,225","19,286",1950.0%,79.9%,80.0%,301
Детям / Майки бельевые,Майки бельевые,"1,659,510,808",685,3450.0%,51.3%,43.2%,1796
Сад и дача / Шланги садовые,Шланги автомобильные,"1,644,765,061","1,220",2650.0%,89.7%,66.2%,756
Для ремонта / Коронки,Коронки,"1,641,637,260","1,522",3050.0%,87.0%,63.6%,901
Женщинам / Чай,Чай,"1,638,331,673",714,2150.0%,95.3%,66.4%,3725
Женщинам / Кофе зерновой,Кофе зерновой,"1,622,258,882","2,042",2150.0%,96.2%,74.3%,1414
Женщинам / Леггинсы,Леггинсы,"1,617,314,873",746,3450.0%,40.6%,38.0%,4052
Комплектующие для сварочных аппаратов,Комплектующие для сварочных аппаратов,"1,607,528,950",992,2950.0%,94.0%,62.7%,1184
Прокладки автомобильные,Прокладки автомобильные,"1,601,752,848",888,2650.0%,84.1%,63.3%,853
Спорт / Ролики,Ролики натяжителя,"1,580,261,342","2,260",2650.0%,78.5%,69.2%,547
Сад и дача / Шланги садовые,Шланги садовые,"1,569,438,348","1,977",2950.0%,83.8%,66.2%,2021
Бытовая техника / Бензопилы,Бензопилы,"1,555,884,672","7,600",1950.0%,80.2%,79.2%,832
Автотовары / Тяги рулевые,Тяги рулевые,"1,530,153,418","1,456",2650.0%,81.3%,66.9%,550
Солнечные электростанции и комплектующие,Солнечные электростанции и комплектующие,"1,523,311,840","2,551",3100.0%,88.1%,63.3%,337
Женщинам / Халаты домашние,Халаты домашние,"1,523,034,789","1,508",3450.0%,53.6%,55.8%,2079
Компрессоры автомобильные,Компрессоры автомобильные,"1,513,223,861","3,044",2650.0%,88.3%,70.6%,1583
Детям / Смарт-часы,Смарт-часы,"1,506,958,269","7,076",2450.0%,79.7%,74.8%,2269
Автотовары / Защита сидений,Защита сидений,"1,504,164,661","2,210",2650.0%,88.4%,69.2%,566
Дом / Шкафы,Шкафы,"1,498,774,896","9,989",2650.0%,86.9%,72.6%,584
Детям / Свитшоты,Свитшоты,"1,496,572,505","2,196",3450.0%,39.1%,57.5%,4915
Источники бесперебойного питания,Источники бесперебойного питания,"1,486,397,250","13,798",2450.0%,85.7%,74.9%,260
Бытовая техника / Бензопилы,Пилы строительные,"1,483,120,476","7,871",3050.0%,89.5%,68.4%,906
Электроника / Мониторы,Мониторы,"1,476,526,850","12,896",2450.0%,84.3%,74.9%,617
Красота / Сыворотки,Сыворотки,"1,459,107,298",667,3250.0%,91.4%,54.6%,6380
Сад и дача / Насосы и помпы,Насосы водяные,"1,452,311,521","3,638",2650.0%,76.8%,70.9%,541
Мужчинам / Носки,Носки,"1,448,727,920",442,3450.0%,86.4%,43.3%,5363
Мебель / Кухонные модули,Модули кухонные,"1,436,943,345","6,139",2650.0%,88.8%,72.0%,219
Автотовары / Домкраты,Домкраты,"1,432,422,068","3,189",2650.0%,86.7%,70.7%,1105
Женщинам / Бейсболки,Бейсболки,"1,413,979,652",824,3450.0%,53.1%,47.7%,3171
Мужчинам / Ювелирные браслеты,Ювелирные браслеты,"1,408,015,871","1,084",3300.0%,62.5%,57.2%,767
Детям / Док-станции,Насосные станции,"1,406,328,429","10,009",1950.0%,83.4%,79.6%,423
Мужчинам / Костюмы медицинские,Костюмы медицинские,"1,402,095,096","1,615",3300.0%,31.9%,53.6%,704
Для ремонта / Генератор,Генераторы,"1,391,940,717","28,926",2850.0%,66.7%,71.2%,381
Автотовары / Свечи зажигания,Свечи зажигания,"1,380,459,504","1,154",2650.0%,88.5%,65.7%,1297
Для ремонта / Удлинители,Удлинители,"1,375,856,076","1,432",2850.0%,88.4%,65.7%,1307
Электроника / Кабели,Кабели,"1,367,993,720",687,2950.0%,90.3%,58.8%,3946
Другие автоинструменты,Другие автоинструменты,"1,355,470,437","1,002",2650.0%,90.6%,65.0%,1704
Для ремонта / Щиты электрические,Щиты электрические,"1,339,234,599","2,452",2850.0%,88.5%,68.2%,426
Бытовая техника / Сплит-системы,Сплит-системы,"1,338,873,047","42,076",1950.0%,95.5%,80.3%,149
Для ремонта / Обои,Обои,"1,332,705,294","1,820",2850.0%,78.4%,66.2%,611
Обувь / Полуботинки,Полуботинки,"1,328,827,826","3,078",3450.0%,34.7%,56.4%,1197
Пылесосы строительные,Пылесосы строительные,"1,315,486,715","9,684",3100.0%,88.3%,68.1%,456
Женщинам / Боди,Боди,"1,299,160,814","1,116",3450.0%,35.8%,45.7%,2098
Дом / Ткани для рукоделия,Ткани для рукоделия,"1,287,633,094","1,008",2950.0%,76.1%,60.9%,2907
Подшипники автомобильные,Подшипники автомобильные,"1,281,456,707","1,416",2650.0%,89.8%,67.6%,957
Ящики для инструментов,Ящики для инструментов,"1,279,173,976","2,207",3150.0%,83.5%,64.6%,957
Дом / Сковороды,Сковороды,"1,273,598,267","2,588",2950.0%,82.2%,66.8%,2291
Для ремонта / Краски по металлу,Краски по металлу,"1,260,611,187","1,789",2850.0%,86.3%,66.5%,294
Женщинам / Комплекты белья,Комплекты белья,"1,241,199,076",938,3450.0%,52.3%,50.6%,1808
Для ремонта / Динамометр,Динамометры,"1,234,914,266","1,892",3150.0%,77.2%,64.4%,196
Обувь / Слипоны,Слипоны,"1,225,568,923","1,262",3450.0%,38.2%,48.5%,803
Дом / Лампочки,Лампочки,"1,208,945,349",798,2850.0%,90.3%,61.2%,1684
Электроника / Оперативная память,Оперативная память,"1,201,283,751","11,069",2150.0%,79.3%,77.6%,465
Выключатели механические,Выключатели механические,"1,197,059,710",874,2850.0%,88.9%,61.2%,1055
Автотовары / Ключи гаечные,Ключи гаечные,"1,188,120,045",905,3150.0%,91.0%,59.7%,1588
Мужчинам / Костюмы рабочие,Костюмы рабочие,"1,182,912,565","3,465",3450.0%,46.0%,61.1%,541
Женщинам / Шорты спортивные,Шорты спортивные,"1,176,821,481","1,226",3450.0%,41.7%,51.9%,1516
Вентиляторы автомобильные,Вентиляторы автомобильные,"1,172,318,047","5,190",2650.0%,86.5%,71.4%,894
Автотовары / Линзы в фары,Линзы в фары,"1,168,121,039","8,230",2650.0%,74.6%,72.3%,237
Бытовая техника / Машины посудомоечные,Машины посудомоечные,"1,162,042,357","36,999",1950.0%,75.0%,80.2%,190
Дом / Тюль,Тюль,"1,158,922,568","1,606",2950.0%,79.6%,64.5%,1801
Внутренние SSD-накопители,Внутренние SSD-накопители,"1,154,305,978","7,398",2150.0%,83.7%,77.2%,512
Сад и дача / Семена,Семена,"1,149,648,212",231,2450.0%,94.2%,39.5%,2208
Бытовая техника / Вентиляторы,Вентиляторы,"1,145,020,018","1,384",2550.0%,85.2%,69.1%,3507
Сад и дача / Аромалампы,Лампы автомобильные,"1,129,079,855","1,125",2650.0%,88.3%,65.7%,2256
Для ремонта / Компрессор,Компрессоры,"1,119,612,908","13,778",2900.0%,86.1%,70.2%,404
Дом / Кастрюли,Кастрюли,"1,084,905,335","2,670",2950.0%,78.9%,67.0%,1952
Дом / Матрасы,Матрасы,"1,084,253,098","27,567",2650.0%,82.4%,73.2%,486
Красота / Парфюмерная вода,Парфюмерная вода,"1,084,001,526","1,544",3250.0%,87.1%,61.6%,1714
Книги / Учебники,Учебники,"1,075,938,170",448,2150.0%,92.3%,58.8%,1812
Автотовары / Крепеж для авто,Крепеж для авто,"1,074,435,833",607,2650.0%,88.2%,59.3%,1585
Матрицы для ноутбуков,Матрицы для ноутбуков,"1,070,933,728","5,006",2750.0%,73.0%,70.7%,64
Автотовары / Краскопульты,Краскопульты,"1,065,915,101","2,975",3150.0%,87.3%,65.6%,1098
Детям / Колонки,Колонки,"1,062,467,656","2,602",2150.0%,85.0%,75.0%,2715
Женщинам / Ночные сорочки,Ночные сорочки,"1,062,296,291",900,3450.0%,57.6%,50.9%,2044
Обувь / Бутсы,Бутсы,"1,054,306,744","3,008",3450.0%,36.3%,58.8%,632
Бытовая техника / Плиты с духовкой,Плиты с духовкой,"1,050,360,892","28,818",1950.0%,85.7%,80.2%,59
Частотные преобразователи,Частотные преобразователи,"1,044,731,398","8,830",2850.0%,85.7%,70.6%,111
Женщинам / Корсеты,Корсеты,"1,042,829,589","1,184",3450.0%,29.2%,47.0%,1669
Красота / Маски косметические,Маски косметические,"1,042,044,558",670,3200.0%,92.0%,54.5%,5930
Аксессуары / Ремни,Ремни ГРМ,"1,019,372,636","2,061",2650.0%,72.0%,68.8%,499
Бытовая техника / Микроволновые печи,Микроволновые печи,"1,016,161,108","10,588",2350.0%,74.1%,75.6%,461
Красота / Краски для волос,Краски для волос,"1,003,051,517",794,3250.0%,92.1%,56.1%,1879
Автотовары / Фонари автомобильные,Фонари автомобильные,"1,002,069,449","1,838",2650.0%,86.0%,68.1%,1242
Дом / Комоды,Комоды,"999,542,535","9,470",2650.0%,81.5%,72.5%,608
Женщинам / Мягкие игрушки,Мягкие игрушки,"995,491,984","1,120",2850.0%,86.5%,64.0%,5266
Дом / Стеллажи,Стеллажи,"988,252,716","3,729",2650.0%,87.1%,71.1%,1412
Женщинам / Серьги,Серьги,"987,466,875",576,2850.0%,69.2%,53.1%,8217
Клапаны автомобильные,Клапаны автомобильные,"986,443,759","1,984",2650.0%,83.6%,68.8%,863
Мебель / Кресла компьютерные,Кресла компьютерные,"984,854,043","12,650",2650.0%,80.8%,72.8%,363
Для ремонта / Эмали строительные,Эмали строительные,"976,833,821","1,239",2850.0%,85.6%,63.8%,442
Удобрения для растений,Удобрения для растений,"973,391,703",544,2950.0%,95.8%,55.0%,2872
Бытовая техника / Роботы-пылесосы,Роботы-пылесосы,"971,190,694","6,877",2550.0%,74.4%,73.1%,735
Автотовары / Помпы автомобильные,Помпы автомобильные,"963,448,018","3,418",2650.0%,87.4%,70.7%,480
Автотовары / Диски,Диски пильные,"961,803,079","1,089",2350.0%,93.9%,69.0%,990
Сад и дача / Бассейны каркасные,Бассейны каркасные,"956,091,437","11,598",2850.0%,85.7%,70.6%,428
Автотовары / Тяги рулевые,Рулевые механизмы,"953,368,144","16,236",2650.0%,81.9%,72.9%,374
Мужчинам / Ювелирные цепочки,Ювелирные цепочки,"947,937,130","1,068",3300.0%,64.5%,53.8%,374
Дом / Горшки для цветов,Горшки для цветов,"946,456,156",965,2950.0%,85.3%,62.1%,1991
Автотовары / Тиски,Тиски,"946,112,493","1,806",3150.0%,88.9%,63.9%,580
Для ремонта / Счетчики воды,Счетчики воды,"945,881,851","1,724",2750.0%,85.7%,67.7%,253
Женщинам / Велосипедки,Велосипедки,"939,715,691",610,3450.0%,61.5%,41.9%,1479
Аккумуляторы для электроинструмента,Аккумуляторы для электроинструмента,"937,733,181","1,864",3150.0%,82.3%,63.9%,1102
Пыльники автомобильные,Пыльники автомобильные,"934,088,536","1,006",2650.0%,89.7%,64.5%,703
Дом / Тарелки,Тарелки,"933,240,520","1,223",2950.0%,81.0%,62.7%,2685
Дом / Кашпо,Кашпо,"926,854,001","1,006",2950.0%,83.9%,61.5%,2554
Бытовая техника / Кофемашины,Кофемашины,"923,610,566","14,491",2450.0%,85.9%,75.0%,654
Автотовары / Съемники подшипников,Съемники подшипников,"917,110,232","1,851",3050.0%,91.7%,65.2%,482
Насосы циркуляционные,Насосы циркуляционные,"913,898,010","4,256",2750.0%,85.4%,70.5%,497
Красота / Зубные пасты,Зубные пасты,"910,793,140",636,3200.0%,94.6%,54.7%,3586
Сад и дача / Электропилы цепные,Электропилы цепные,"908,943,695","4,958",1950.0%,87.2%,78.7%,1498
Электроника / Материнские платы,Материнские платы,"907,565,314","10,166",2150.0%,97.6%,77.7%,415
Женщинам / Ремни,Ремни,"901,756,445",870,3450.0%,64.8%,51.2%,3103
Мужчинам / Браслеты,Браслеты,"901,021,184",649,2850.0%,70.4%,55.0%,8201
Дом / Держатели для ванной,Держатели для ванной,"899,889,728","1,264",2950.0%,86.0%,63.9%,2149
Комбинезоны спортивные,Комбинезоны спортивные,"890,689,672","2,628",3450.0%,26.0%,51.6%,996
Сальники автомобильные,Сальники автомобильные,"889,732,676",735,2650.0%,86.1%,61.0%,797
Автотовары / Ролики автомобильные,Ролики автомобильные,"889,487,990","1,756",2650.0%,84.9%,68.0%,488
Красота / Дезодоранты,Дезодоранты,"889,187,385",622,3250.0%,94.7%,53.1%,3736
Красота / Духи,Духи,"889,126,647","1,028",3250.0%,85.3%,58.6%,3618
Вентиляторы для систем вентиляции,Вентиляторы для систем вентиляции,"888,527,785","2,569",2750.0%,86.7%,69.4%,601
Для ремонта / Розетки,Розетки,"882,517,781","1,019",2850.0%,91.0%,63.4%,1605
Акции / Ювелирные часы,Ювелирные подвески,"882,157,499","3,155",3300.0%,70.8%,63.8%,841
Обувь / Тапочки,Тапочки,"869,887,215",792,3450.0%,67.8%,51.1%,2276
Автотовары / Диски,Диски алмазные,"865,819,341","1,008",2350.0%,89.2%,68.6%,1073
Дом / Фитинги,Фитинги,"865,554,611",673,2750.0%,88.6%,59.5%,1237
Бытовая техника / Кулеры для воды,Кулеры для воды,"857,135,573","4,324",2450.0%,89.9%,73.5%,274
Спорт / Втулки велосипедные,Втулки автомобильные,"843,394,386",589,2650.0%,86.5%,58.1%,905
Автотовары / Валы карданные,Валы приводные,"841,762,281","9,586",2650.0%,81.0%,72.4%,248
Дом / Пледы,Пледы,"838,311,432","1,550",2950.0%,78.3%,63.9%,2477
Для ремонта / Водосточные системы,Водосточные системы,"830,987,301","1,491",2050.0%,87.0%,73.9%,214
Костюмы для малышей,Костюмы для малышей,"825,706,203","1,152",3450.0%,64.2%,54.4%,2352
Автотовары / Термостаты двигателя,Термостаты двигателя,"820,102,944","1,713",2650.0%,73.5%,67.8%,655
Прокладки головок цилиндра,Прокладки головок цилиндра,"816,772,206","2,184",2650.0%,87.3%,68.8%,391
Автотовары / Брызговики,Брызговики,"815,884,567","1,454",2650.0%,84.4%,67.6%,980
Детям / Машинки,Машинки,"814,517,519","1,214",2500.0%,86.0%,68.0%,2840
Для ремонта / Поддоны для душа,Поддоны для душа,"814,111,575","20,939",2750.0%,76.3%,72.0%,130
Компрессоры кондиционера для авто,Компрессоры кондиционера для авто,"812,543,857","11,874",2650.0%,87.3%,73.2%,136
Запчасти для садовой техники,Запчасти для садовой техники,"812,440,088","1,017",2850.0%,91.8%,62.7%,1520
Настольные игры для детей,Настольные игры для детей,"810,243,764",842,2850.0%,90.3%,61.3%,4535
Канцтовары / Циркули,Штангенциркули,"808,393,998","1,358",3150.0%,85.6%,62.2%,664
Дом / Пряжа,Пряжа,"807,341,226",813,2950.0%,87.4%,59.1%,1380
Дом / Мусорные ведра,Мусорные ведра,"806,880,850","2,080",2950.0%,78.5%,66.1%,1403
Дом / Воздушные шарики,Воздушные шарики,"805,443,419",523,3250.0%,86.4%,49.6%,2110
Приводы автомобильные,Приводы автомобильные,"805,198,254","7,911",2650.0%,75.7%,72.3%,352
Масла трансмиссионные,Масла трансмиссионные,"804,924,137","2,429",2650.0%,83.8%,69.5%,609
Дом / Бра,Бра,"804,666,224","3,692",2950.0%,76.1%,67.8%,1163
Канцтовары / Папки канцелярские,Папки канцелярские,"802,891,065",747,2950.0%,83.6%,57.3%,1590
Спорт / Топы спортивные,Топы спортивные,"800,026,439","1,158",3450.0%,36.8%,48.9%,1035
Дом / Полки для ванной,Полки для ванной,"794,204,458","1,508",2750.0%,82.8%,66.5%,2126
Мебель / Столы компьютерные,Столы компьютерные,"793,117,419","12,362",2050.0%,86.9%,78.8%,427
Автотовары / Датчики кислорода,Датчики кислорода,"791,464,017","3,761",2650.0%,74.5%,71.0%,498
Автотовары / Головки торцевые,Головки торцевые,"791,184,622",634,3050.0%,88.8%,56.6%,1098
Патрубки автомобильные,Патрубки автомобильные,"784,868,617","1,496",2650.0%,83.3%,67.6%,742
Дом / Светильники уличные,Светильники уличные,"780,017,942","1,021",2950.0%,88.9%,62.6%,2267
Провода электрические,Провода электрические,"777,685,178","1,079",2850.0%,84.4%,66.2%,453
Женщинам / Плавки,Плавки,"777,656,794",863,3450.0%,38.5%,43.4%,963
Бытовая техника / Вытяжки кухонные,Вытяжки кухонные,"765,284,116","10,490",1950.0%,84.6%,79.5%,327
Фигурки и вывески садовые,Фигурки и вывески садовые,"764,893,182","1,179",2800.0%,87.5%,65.8%,1643
Дом / Трапы для душа,Трапы для душа,"763,482,711","4,438",2750.0%,76.5%,70.0%,541
Зеркала автомобильные,Зеркала автомобильные,"763,262,563","1,696",2650.0%,82.1%,68.2%,1262
Цилиндры автомобильные,Цилиндры автомобильные,"761,661,091","1,851",2650.0%,87.2%,69.0%,725
Аксессуары / Чемодан,Чемоданы,"761,617,902","5,988",3450.0%,59.4%,63.5%,1047
Для ремонта / Клещи строительные,Клещи строительные,"758,890,996","1,677",3150.0%,88.4%,63.3%,1149
Столешницы для ванной,Столешницы для ванной,"758,198,801","11,959",2750.0%,75.8%,71.5%,64
Автотовары / Противотуманные фары,Противотуманные фары,"755,634,975","2,250",2650.0%,79.1%,69.4%,1264
Системы видеонаблюдения,Системы видеонаблюдения,"755,211,392","8,787",2450.0%,83.3%,74.1%,408
Дом / Покрывала,Покрывала,"755,150,063","1,938",2950.0%,66.8%,64.5%,1328
Для ремонта / Контакторы,Контакторы,"755,007,048","2,196",2850.0%,91.4%,68.7%,176
Турбонагнетатели,Турбонагнетатели,"754,930,381","11,224",2650.0%,74.2%,72.6%,237
Автотовары / Подкрылки,Подкрылки,"754,388,310","2,974",2650.0%,79.4%,70.2%,250
Дом / Лейки для душа,Лейки для душа,"746,896,783",914,2750.0%,88.2%,63.0%,1797
Электроника / Роутеры,Роутеры,"743,965,509","4,769",2450.0%,83.8%,73.4%,1126
Для ремонта / Пневмопистолет,Пневмопистолеты,"743,779,476","1,896",3150.0%,88.3%,63.7%,805
Электроника / Умные колонки,Умные колонки,"742,491,375","6,018",1650.0%,96.3%,81.8%,546
Женщинам / Кофты,Кофты,"742,315,742","1,376",3450.0%,37.8%,50.9%,3066
Детям / Куклы,Куклы,"742,079,800","1,502",2850.0%,80.0%,65.3%,2649
Конструкторы,Конструкторы,"740,297,576","1,286",2850.0%,89.4%,64.8%,4135
Бытовая техника / Фены,Фены,"740,088,103","2,518",2550.0%,77.3%,70.7%,3131
Спорт / Самокаты,Самокаты,"739,675,013","4,296",2750.0%,76.1%,70.1%,960
Электроника / Зарядные устройства,Зарядные устройства,"737,094,891",910,2950.0%,85.6%,61.6%,4316
Уровни строительные,Уровни строительные,"735,640,534","1,362",3150.0%,89.8%,62.0%,832
Электроника / Жесткие диски,Жесткие диски,"733,874,890","15,076",2150.0%,90.6%,77.8%,280
Дом / Гели для стирки,Гели для стирки,"731,215,297",842,2950.0%,94.2%,60.3%,2341
Женщинам / Бриджи,Бриджи,"726,501,522",686,3450.0%,52.3%,45.1%,847
Электроника / Процессоры,Процессоры,"726,491,440","10,492",2150.0%,97.0%,77.7%,362
Камеры видеонаблюдения,Камеры видеонаблюдения,"725,524,757","3,609",2450.0%,82.2%,72.5%,1807
Чайники электрические,Чайники электрические,"723,991,833","2,508",2450.0%,85.1%,72.1%,1764
Детям / Игровые консоли,Игровые консоли,"718,614,691","3,487",1950.0%,79.4%,77.2%,1338
Электроника / Электросамокат,Электросамокаты,"716,835,628","11,110",1350.0%,79.3%,85.9%,465
Косметические наборы для ухода,Косметические наборы для ухода,"716,122,625",986,3250.0%,91.5%,58.3%,4754
Сад и дача / Опрыскиватели,Опрыскиватели,"715,941,915","1,316",1950.0%,91.8%,74.9%,1961
Наполнители для лотков и клеток,Наполнители для лотков и клеток,"709,812,455","1,182",2150.0%,94.8%,71.4%,1594
Массажеры электрические,Массажеры электрические,"707,153,028","1,802",2550.0%,83.9%,69.1%,4168
Дом / Ручки,Ручки,"703,196,227",605,2950.0%,90.5%,56.4%,2816
Электроника / МФУ,МФУ,"702,545,640","24,664",2450.0%,86.7%,75.1%,168
Для ремонта / Другие измерители,Другие измерители,"700,895,416","1,290",3150.0%,79.4%,61.9%,687
Спорт / Элементы питания,Элементы питания,"697,802,660",854,2750.0%,93.5%,62.7%,1874
Дом / Рулонные шторы,Рулонные шторы,"696,102,584","1,878",2950.0%,81.9%,65.7%,491
Лакомства для животных,Лакомства для животных,"695,869,915",523,2150.0%,96.7%,62.1%,863
Бытовая техника / Культиваторы,Культиваторы,"687,409,096","4,865",1950.0%,82.0%,79.4%,668
Мебель / Столы обеденные,Столы обеденные,"683,019,949","12,831",2650.0%,83.2%,72.7%,605
Восстановление резьбы,Восстановление резьбы,"681,631,884","1,321",3150.0%,87.8%,61.9%,453
Электроника / Защитные стекла,Защитные стекла,"677,960,260",492,2950.0%,91.3%,53.3%,1925
Автотовары / Тормозные барабаны,Тормозные барабаны,"677,528,651","4,189",2650.0%,87.7%,71.5%,445
Другие запчасти для мототехники,Другие запчасти для мототехники,"677,001,312","1,020",2650.0%,79.2%,63.7%,1358
Дом / Вазы,Вазы,"672,952,602","1,670",2950.0%,73.5%,64.5%,2975
Мужчинам / Футболки спортивные,Футболки спортивные,"671,923,685","1,308",3450.0%,50.6%,54.4%,943
Продукты / Кофе растворимый,Кофе растворимый,"667,106,638","1,133",2150.0%,95.8%,71.0%,1261
Товары для взрослых / Маски эротик,Маски для сварщиков,"665,081,436","1,430",2850.0%,88.4%,66.5%,579
Товары для взрослых / Мастурбаторы мужские,Мастурбаторы мужские,"658,936,316","2,930",2950.0%,87.7%,66.6%,640
Электроника / Компьютеры,Компьютеры,"657,736,632","52,494",1950.0%,91.1%,80.4%,296
Бытовая техника / Сушилки для рук,Сушилки для рук,"654,487,352","8,265",2550.0%,82.8%,73.5%,179
Автотовары / Отвертки,Отвертки,"651,351,643",844,3150.0%,89.0%,58.3%,2320
Детям / Фигурки-игрушки,Фигурки-игрушки,"650,707,139","1,066",2850.0%,83.8%,63.2%,4273
Дом / Наборы для чаепития,Наборы для чаепития,"650,622,464","2,222",2950.0%,72.2%,65.9%,1506
Автотовары / Цепи ГРМ,Цепи ГРМ,"650,098,131","6,890",2650.0%,87.7%,72.0%,385
Женщинам / Плащи,Плащи,"646,778,526","3,000",3450.0%,21.3%,55.5%,1377
Дом / Коробки для хранения,Коробки для хранения,"644,456,190","1,595",2650.0%,87.6%,68.5%,2252
Детям / Подгузники детские,Подгузники детские,"642,085,654","1,206",2650.0%,94.1%,67.0%,1253
Дом / Защита от насекомых,Защита от насекомых,"638,720,060",545,2950.0%,93.7%,53.8%,4135
Бытовая техника / Морозильные камеры,Морозильные камеры,"638,405,963","33,675",1950.0%,100.0%,80.3%,107
Детям / Карнавальные костюмы,Карнавальные костюмы,"638,349,977","1,957",3450.0%,48.0%,58.0%,1707
Дом / Подушки,Подушки,"637,657,067","1,504",2950.0%,85.9%,64.5%,2170
Дисплеи для смартфонов,Дисплеи для смартфонов,"632,715,369","1,921",2950.0%,77.8%,65.4%,398
Красота / Временные татуировки и стразы,Шкивы ременные,"632,120,787","3,490",2650.0%,76.2%,70.7%,406
Кондиционеры для белья,Кондиционеры для белья,"627,402,098",783,2800.0%,93.5%,60.4%,2207
Продукты / Тан,Точильные станки,"625,019,725","4,744",3150.0%,88.3%,66.7%,522
Дом / Шкатулки,Шкатулки,"624,489,572","1,342",2950.0%,74.8%,63.4%,2668
Бытовая техника / Аэрогрили,Аэрогрили,"622,131,656","8,595",2450.0%,82.7%,74.4%,1259
Для ремонта / Дальномер,Дальномеры,"621,633,560","3,342",3150.0%,87.0%,65.9%,474
Дом / Полотенца банные,Полотенца банные,"620,353,005",978,2950.0%,84.9%,61.4%,1650
Электроника / Корпуса для ПК,Корпуса для ПК,"619,657,969","5,541",2450.0%,36.8%,73.7%,243
Бытовая техника / Бензопилы,Пилы торцовочные,"615,454,817","16,789",3050.0%,89.5%,69.0%,276
Дом / Освежители воздуха,Освежители воздуха,"610,695,675",696,2950.0%,94.4%,57.6%,1467
Дом / Гардеробные системы,Гардеробные системы,"607,484,240","4,307",2650.0%,77.8%,70.8%,172
Дом / Скатерти,Скатерти,"605,480,411","1,275",2950.0%,84.8%,64.0%,2293
Детям / Столы,Столы,"603,096,620","9,856",2650.0%,79.1%,72.6%,692
Электроника / Аккумуляторы для ИБП,Аккумуляторы для ИБП,"602,902,906","2,990",2450.0%,71.4%,72.6%,306
Дом / Простыни,Простыни,"602,340,206","1,376",2950.0%,87.8%,63.8%,1009
Электроизмерительные приборы,Электроизмерительные приборы,"601,158,039","1,291",3150.0%,92.4%,61.9%,970
Красота / Бальзамы,Бальзамы,"599,607,993",559,2850.0%,93.4%,56.2%,4248
Аксессуары / Очки корригирующие,Очки корригирующие,"599,277,795","1,026",3150.0%,64.4%,56.0%,580
Дом / Бокалы,Бокалы,"596,061,803",825,2950.0%,77.3%,58.3%,1683
Мужчинам / Бутылки для воды,Бутылки для воды,"594,671,238",962,2750.0%,84.0%,64.0%,2391
Детям / Коляски,Коляски детские,"593,814,892","11,850",2650.0%,63.8%,72.6%,329
Сад и дача / Стулья барные,Стулья барные,"588,160,100","8,526",2650.0%,84.7%,72.3%,208
Мужчинам / Майки спортивные,Майки спортивные,"578,816,710","1,162",3450.0%,56.2%,54.5%,1095
Продукты / Орехи,Орехи,"576,990,824",794,2150.0%,94.5%,67.9%,1150
Красота / Спреи,Спреи,"575,048,087",624,3250.0%,92.1%,53.8%,4270
Органайзеры для хранения,Органайзеры для хранения,"575,046,228",830,2650.0%,86.7%,63.5%,5406
Электроника / Коммутаторы,Коммутаторы,"574,966,017","6,804",2450.0%,88.1%,74.2%,491
Женщинам / Косухи,Косухи,"572,856,469","4,080",3450.0%,27.4%,58.3%,1251
Дом / Чехлы для мебели,Чехлы для мебели,"572,050,179","1,706",2950.0%,74.3%,64.4%,1358
Сад и дача / Насосы и помпы,Насосы ГУР,"567,159,194","9,154",2650.0%,68.2%,72.5%,282
Для ремонта / Сетевые фильтры,Сетевые фильтры,"566,796,211","1,072",2450.0%,91.3%,68.0%,1210
Дом / Арматура сливная,Арматура сливная,"565,910,305","1,150",2750.0%,85.8%,65.9%,479
Зонты,Зонты,"563,685,954","1,324",3450.0%,69.2%,57.8%,2351
Фильтры автомобильные,Фильтры автомобильные,"563,217,540","1,066",2650.0%,91.1%,65.3%,758
Пуско-зарядные устройства,Пуско-зарядные устройства,"557,610,547","3,762",2650.0%,86.3%,71.2%,951
Бытовая техника / Котлы отопления,Котлы отопления,"553,686,444","6,543",2550.0%,83.7%,73.0%,241
Декоративные детали кузова и бампера,Декоративные детали кузова и бампера,"547,651,349","1,424",2650.0%,80.4%,66.8%,1082
Дом / Дозаторы для ванной,Дозаторы для ванной,"543,305,461","1,222",2950.0%,86.8%,63.2%,2180
Автотовары / Мотошлем,Мотошлемы,"539,365,598","3,537",2650.0%,51.9%,69.4%,411
Дом / Часы настенные,Часы настенные,"539,038,957","1,807",2950.0%,79.3%,65.5%,1897
Дом / Обувницы,Обувницы,"538,554,733","3,011",2650.0%,86.2%,70.7%,1524
Игрушки для животных,Игрушки для животных,"538,260,067",658,2150.0%,91.8%,65.8%,3948
Мебель / Кресла руководителя,Кресла руководителя,"537,974,182","17,636",2650.0%,75.0%,72.9%,83
Кольца,Кольца,"537,931,171",576,2850.0%,62.8%,53.3%,4131
Тягово-сцепные устройства,Тягово-сцепные устройства,"536,581,293","9,554",2650.0%,83.6%,72.6%,282
Электроника / Автоматика для ворот,Автоматика для ворот,"535,770,614","3,928",2450.0%,88.0%,72.3%,250
Детям / Игровые наборы,Игровые наборы,"535,716,449","1,021",2850.0%,88.1%,62.9%,2941
Электроника / Клавиатуры,Клавиатуры,"534,281,010","2,194",2450.0%,81.4%,71.1%,1473
Для ремонта / Краски специальные,Краски специальные,"533,815,995","1,487",2850.0%,89.4%,66.4%,176
Комплекты садовой мебели,Комплекты садовой мебели,"532,061,545","3,975",2450.0%,83.0%,74.9%,353
Сад и дача / Салфетки для уборки,Салфетки для уборки,"531,740,083",728,2950.0%,95.4%,59.8%,3115
Женщинам / Панамы,Панамы,"530,891,173",697,3450.0%,57.0%,43.4%,1661
Дом / Коврики для ванной,Коврики для ванной,"526,090,888","1,232",2950.0%,83.1%,63.8%,2552
Продукты / Кофе молотый,Кофе молотый,"525,455,850","1,040",2150.0%,95.3%,70.3%,1078
Спорт / Элементы питания,Элементы подвески,"524,939,445","1,974",2650.0%,75.1%,68.3%,548
Спорт / Протеин,Протеин,"524,015,146","2,845",2550.0%,90.1%,71.3%,481
Дом / Палатки,Палатки,"521,606,717","4,816",2750.0%,81.2%,70.6%,1214
Аксессуары / Сумки хозяйственные,Сумки хозяйственные,"520,891,052","1,018",3450.0%,77.4%,54.9%,1194
Спорт / Внешние аккумуляторы,Внешние аккумуляторы,"520,175,873","1,663",2950.0%,84.6%,65.0%,1985
Дом / Салатники,Салатники,"519,201,407","1,288",2950.0%,74.8%,62.7%,2005
Электроника / Радиостанции,Радиостанции,"515,290,531","2,002",2750.0%,84.5%,68.6%,577
Для ремонта / Конвекторы,Конвекторы,"515,076,383","5,645",2550.0%,68.7%,72.7%,400
Укрывной материал для растений,Укрывной материал для растений,"513,436,773","1,233",2950.0%,87.2%,63.5%,1177
Дом / Фонарики бытовые,Фонарики бытовые,"513,418,498","1,063",2750.0%,89.5%,64.8%,1891
Мужчинам / Конструкторы LEGO,Конструкторы LEGO,"513,326,848","1,831",2850.0%,88.2%,66.9%,1346
Дом / Сервизы столовые,Сервизы столовые,"512,217,828","2,487",2950.0%,74.6%,66.7%,986
Для ремонта / Бур,Буры,"510,199,534",731,2950.0%,91.0%,59.6%,1000
Комплексные пищевые добавки,Комплексные пищевые добавки,"509,303,610","1,141",2700.0%,91.5%,65.9%,2869
Продукты / Печенье,Печенье,"508,713,369",621,2150.0%,96.1%,65.1%,1108
Автотовары / Глушители,Глушители,"508,505,966","1,964",2650.0%,55.5%,68.4%,486
Для ремонта / Бокорезы,Бокорезы,"507,251,927",915,3150.0%,89.9%,59.4%,918
Автотовары / Тяги автомобильные,Тяги автомобильные,"504,340,167","1,492",2650.0%,69.2%,67.5%,331
Аксессуары для рукоделия,Аксессуары для рукоделия,"504,161,936",495,2950.0%,88.5%,52.0%,4505
Дом / Фоторамки,Фоторамки,"503,985,433","1,180",2950.0%,78.0%,63.3%,1634
Сад и дача / Насосы и помпы,Насосы поверхностные,"503,787,037","6,791",1950.0%,82.3%,79.3%,569
Дом / Стиральные порошки,Стиральные порошки,"502,824,241",760,2950.0%,95.9%,59.3%,1773
Блоки питания для ноутбуков,Блоки питания для ноутбуков,"501,391,683","1,475",2450.0%,79.0%,68.5%,447
Автотовары / Лобзики,Лобзики,"498,528,115","4,801",3050.0%,83.4%,67.5%,796
Бытовая техника / Кондиционеры воздуха,Кондиционеры воздуха,"497,587,341","27,497",1950.0%,94.6%,80.2%,97
Автотовары / Биты для шуруповерта,Биты для шуруповерта,"496,586,295",626,3150.0%,92.0%,56.8%,1456
Воздуховоды вентиляционные,Воздуховоды вентиляционные,"492,213,218","1,168",2250.0%,79.2%,69.5%,215
Дом / Одноразовая посуда,Одноразовая посуда,"491,780,094",570,3250.0%,89.5%,51.3%,1619
Картриджи для фильтров под мойку,Картриджи для фильтров под мойку,"491,455,370","1,496",2750.0%,92.5%,67.4%,714
Кронштейны автомобильные,Кронштейны автомобильные,"491,177,978","1,309",2650.0%,83.5%,67.1%,930
Дом / Ершики для унитаза,Ершики для унитаза,"486,333,176",943,2950.0%,85.6%,61.5%,1616
Мебель / Стенки для гостиной,Стенки для гостиной,"484,450,750","10,593",2650.0%,100.0%,71.8%,95
Электроника / Моноблоки,Моноблоки,"484,404,691","61,862",1950.0%,75.0%,80.4%,152
Доборные элементы для кровли,Доборные элементы для кровли,"482,428,296","2,104",2050.0%,78.5%,75.1%,124
Сад и дача / Замки дверные,Замки дверные,"481,460,023","1,466",2850.0%,81.7%,65.8%,871
Для ремонта / Панели стеновые,Панели стеновые,"480,759,609","1,502",2650.0%,80.0%,66.8%,1171
Для ремонта / Биде,Биде,"479,787,400","5,119",2750.0%,75.0%,71.5%,121
Дом / Одеяла,Одеяла,"479,384,993","1,720",2950.0%,82.0%,65.0%,1427
Женщинам / Кошельки,Кошельки,"477,812,657",809,3450.0%,73.9%,52.5%,3421
Продукты / Кофе в капсулах,Кофе в капсулах,"476,031,835","1,476",2150.0%,96.9%,72.7%,428
Уплотнители автомобильные,Уплотнители автомобильные,"472,400,936",896,2650.0%,86.6%,64.6%,1066
Автотовары / Насосы автомобильные,Насосы автомобильные,"472,127,851","3,349",2650.0%,89.4%,71.0%,963
Автотовары / Тросы КПП,Тросы строительные,"471,796,130","1,909",2850.0%,89.6%,67.2%,332
Для ремонта / Фрезы,Фрезы,"470,003,143","1,134",3100.0%,91.9%,61.5%,853
Сад и дача / Теплые полы,Теплые полы,"468,748,811","7,268",2750.0%,83.6%,71.3%,291
Бытовая техника / Блендеры,Блендеры,"467,023,285","2,263",2450.0%,83.1%,71.5%,2097
Дом / Ножи кухонные,Ножи кухонные,"463,996,857","1,022",2950.0%,86.6%,61.4%,2953
Детям / Влажные салфетки,Влажные салфетки,"460,116,554",520,3250.0%,95.8%,50.6%,1298
Обувь / Ботильоны,Ботильоны,"459,185,035","3,958",3450.0%,25.5%,57.8%,1578
Игрушки интерактивные,Игрушки интерактивные,"457,818,792","1,013",2850.0%,84.8%,63.4%,3423
Красота / Масла,Масла,"455,897,171",563,3250.0%,92.0%,53.1%,4177
Для ремонта / Теплоизоляция,Теплоизоляция,"455,561,924","1,993",2050.0%,88.9%,74.8%,382
Наконечники кабельные,Наконечники кабельные,"454,285,063",702,2850.0%,90.5%,59.5%,417
Аксессуары / Шапки,Шапки,"453,764,863",776,3450.0%,52.9%,44.5%,5456
Дом / Формы для запекания,Формы для запекания,"453,538,396",808,2950.0%,86.9%,59.5%,2902
Спорт / Круги для плавания,Круги шлифовальные,"451,484,077",644,3150.0%,91.0%,55.3%,1325
Аксессуары / Сумки-тележки,Тележки передвижные,"450,417,955","2,146",3150.0%,85.3%,65.1%,302
Радиоуправляемые игрушки,Радиоуправляемые игрушки,"447,539,806","1,800",2850.0%,82.4%,66.8%,2055
Спецобувь,Спецобувь,"444,572,259","3,396",3450.0%,52.1%,60.9%,266
Спорт / Мячи спортивные,Мячи спортивные,"440,903,408","1,621",2750.0%,86.0%,66.9%,2222
Электроника / Мыши,Мыши,"440,813,263","1,400",2450.0%,86.0%,68.5%,1634
Для ремонта / Краски декоративные,Краски декоративные,"440,735,040","1,584",2850.0%,86.4%,66.1%,396
Комплектующие для пневмоинструмента,Комплектующие для пневмоинструмента,"438,382,061",898,3150.0%,83.3%,59.2%,566
Транспортные средства / Автохимия,Автохимия,"435,176,613",792,2650.0%,91.0%,60.6%,1988
Дом / Блюда,Блюда,"433,394,328","1,564",2950.0%,70.5%,64.0%,1409
Канцтовары / Тетради,Тетради,"432,828,841",574,2950.0%,92.8%,56.0%,1561
Обувь / Резиновые сапоги,Резиновые сапоги,"432,418,899","1,358",3450.0%,47.0%,48.6%,995
Спорт / Ножи туристические,Ножи туристические,"432,130,000","1,598",2750.0%,78.9%,66.2%,1784
Прокладки гигиенические,Прокладки гигиенические,"431,337,362",632,3250.0%,95.5%,54.3%,1531
Дом / Картины по номерам,Картины по номерам,"429,636,941","1,140",2950.0%,91.6%,62.6%,1340
Автотовары / Насосы масляные,Насосы масляные,"428,290,780","7,260",2650.0%,78.0%,72.3%,458
Косметические карандаши,Косметические карандаши,"426,637,132",497,3200.0%,91.9%,49.0%,2335
Акции / Фонарик бытовой,Фонари спортивные,"425,356,821","1,127",2750.0%,89.2%,64.6%,2389
Автотовары / Шины для мототехники,Шины для мототехники,"424,744,225","6,286",1150.0%,77.6%,87.0%,189
Автотовары / Форсунки топливные,Форсунки топливные,"421,596,058","2,570",2650.0%,81.5%,70.0%,571
Продукты / Шоколад плиточный,Шоколад плиточный,"421,076,870",647,2150.0%,93.8%,65.1%,1060
Колонки автомобильные,Колонки автомобильные,"420,559,624","2,205",2650.0%,79.7%,69.1%,816
Красота / Тональные кремы,Тональные кремы,"419,480,902",632,3250.0%,89.2%,53.0%,3119
Женщинам / Лифы для купальника,Лифы для купальника,"418,983,811","1,506",3450.0%,25.8%,44.7%,354
Для ремонта / Тали цепные,Тали цепные,"418,539,324","6,258",2950.0%,91.5%,69.1%,156
Провода высоковольтные,Провода высоковольтные,"417,610,399","2,070",2650.0%,81.9%,69.1%,679
Спорт / Удилища,Удилища,"417,085,413","1,878",2750.0%,83.3%,67.7%,955
Канцтовары / Краски для рисования,Краски для рисования,"415,837,097",606,2950.0%,88.2%,54.6%,1352
Игрушки / Игрушечное оружие,Игрушечное оружие,"415,576,802",970,2850.0%,85.5%,62.9%,2856
Дом / Термосы,Термосы,"415,441,683","1,521",2950.0%,81.0%,64.6%,2826
Мебель / Столы письменные,Столы письменные,"415,245,880","10,327",2650.0%,91.0%,72.7%,260
Канцтовары / Маркеры,Маркеры,"415,226,326",848,2950.0%,91.8%,61.3%,2156
Спорт / Ролики,Ролики,"415,004,435","2,972",2750.0%,66.0%,68.5%,458
Дом / Прожекторы,Прожекторы,"414,745,099","1,542",2850.0%,91.9%,66.4%,936
Для ремонта / Реле напряжения,Реле напряжения,"414,713,796","1,552",2850.0%,89.2%,67.1%,415
Аксессуары / Платки,Платки,"413,243,597",630,3450.0%,62.2%,44.8%,1959
Степлеры строительные,Степлеры строительные,"412,241,332","1,529",3150.0%,91.1%,63.0%,715
Красота / Жидкое мыло,Жидкое мыло,"411,745,248",626,3250.0%,93.7%,52.7%,2180
Контейнеры из полимеров,Контейнеры из полимеров,"410,014,469",851,2950.0%,85.7%,60.3%,2229
Дом / Коврики придверные,Коврики придверные,"409,963,312","1,463",2950.0%,84.0%,63.9%,1628
Саморезы универсальные,Саморезы универсальные,"408,434,062",730,2850.0%,86.8%,60.0%,589
Женщинам / Подсвечники,Подсвечники,"408,375,835","1,258",2950.0%,82.1%,63.5%,2531
Автотовары / Смазки автомобильные,Смазки автомобильные,"408,357,047",655,2650.0%,94.3%,60.4%,1198
Составы защитно-декоративные по дереву,Составы защитно-декоративные по дереву,"408,044,244","2,013",2850.0%,88.7%,67.3%,247
Для ремонта / Коллекторы для труб,Коллекторы для труб,"407,901,129","5,328",2750.0%,72.2%,70.8%,256
Автотовары / Фильтры,Фильтры АКПП,"407,847,085","1,874",2650.0%,80.6%,67.5%,313
Красота / Тоники,Тоники,"407,325,214",830,3250.0%,91.2%,56.0%,3236
Пневмобаллоны для авто,Пневмобаллоны для авто,"406,630,920","6,752",2650.0%,100.0%,72.2%,156
Роботы-стеклоочистители,Роботы-стеклоочистители,"405,568,034","5,402",2550.0%,89.0%,72.7%,738
Автомобильные ароматизаторы,Автомобильные ароматизаторы,"405,405,178",577,2650.0%,92.9%,58.3%,2904
Лестницы строительные,Лестницы строительные,"403,493,880","5,706",3150.0%,89.2%,67.8%,253
Красота / Туши,Туши,"403,307,399",426,3250.0%,94.4%,46.8%,3265
Автотовары / Тормозные шланги,Тормозные шланги,"403,302,663","1,144",2650.0%,83.7%,65.5%,390
Автотовары / Оплетки на руль,Оплетки на руль,"403,298,188","1,237",2650.0%,83.9%,67.3%,1143
Дом / Швабры,Швабры,"402,878,632","1,717",2950.0%,85.9%,65.9%,2243
Красота / Кресла,Кресла,"402,754,807","13,754",2150.0%,81.7%,77.8%,406
Дом / Алмазная мозаика,Алмазная мозаика,"402,739,717",876,2950.0%,90.7%,60.6%,1559
Красота / Помады,Помады,"399,721,512",747,3250.0%,91.4%,55.1%,2418
Мебель / Кровати детские,Кровати детские,"399,296,102","16,926",2650.0%,85.4%,72.9%,409
Для ремонта / Сифоны,Сифоны,"398,845,298",982,2750.0%,83.7%,64.4%,790
Красота / Зубные щетки,Зубные щетки,"397,289,984",586,3250.0%,93.7%,52.2%,2651
Канцтовары / Этикетки,Этикетки,"392,209,656",756,2950.0%,94.2%,60.9%,978
Электроника / Виниловые проигрыватели,Виниловые пластинки,"392,103,874","3,872",2800.0%,82.6%,69.9%,236
Бытовая техника / Отпариватели,Отпариватели,"391,923,114","2,830",2550.0%,85.5%,71.3%,1949
Красота / Мыло косметическое,Мыло косметическое,"391,526,744",598,3250.0%,94.6%,52.5%,4576
Детям / Колготки,Колготки,"390,523,240",605,3450.0%,78.0%,49.2%,1682
Для ремонта / Заклепочник,Заклепочники,"390,397,218","1,776",3150.0%,92.8%,64.2%,710
Кондиционеры для волос,Кондиционеры для волос,"389,274,729","1,030",3250.0%,92.3%,58.9%,2841
Акции / Колодки тормозные,Колодки тормозные,"389,223,662","2,048",2750.0%,90.2%,68.2%,364
Женщинам / Шубы искусственные,Шубы искусственные,"388,527,706","7,500",3450.0%,34.3%,60.8%,1420
Для ремонта / Гвозди,Гвозди,"388,063,054",779,2850.0%,92.6%,61.1%,672
Полуоси и ШРУС усиленные,Полуоси и ШРУС усиленные,"385,643,943","10,122",2650.0%,100.0%,72.4%,158
Запчасти для электроинструментов,Запчасти для электроинструментов,"384,959,111",836,3050.0%,90.0%,59.1%,1371
Спорт / Сапборды,Сапборды,"384,893,787","12,656",2750.0%,82.9%,71.8%,427
Подушки ортопедические,Подушки ортопедические,"384,438,600","1,640",2650.0%,79.9%,67.3%,1183
Прокладки клапанной крышки,Прокладки клапанной крышки,"383,857,434","1,036",2650.0%,88.6%,64.8%,489
Искусственные растения,Искусственные растения,"383,364,703",708,2950.0%,81.9%,56.9%,2781
Ювелирные изделия / Ювелирные колье,Ювелирные колье,"383,113,763","1,720",3300.0%,65.4%,59.1%,482
Автотовары / Валы карданные,Валы карданные,"381,504,928","2,752",2650.0%,89.7%,70.5%,477
Красота / Пудры,Пудры,"379,211,257",594,3250.0%,90.6%,51.9%,3119
Автотовары / Автохолодильники,Автохолодильники,"378,139,518","9,314",2650.0%,82.0%,72.5%,371
Оздоровительная косметика,Оздоровительная косметика,"376,467,184",477,2650.0%,94.1%,55.6%,3423
Дом / Светодиодные ленты,Светодиодные ленты,"376,450,531","1,105",2950.0%,83.1%,63.2%,1496
Аксессуары / Клатчи,Клатчи,"375,866,400","1,840",3450.0%,46.1%,57.6%,1780
Аксессуары / Колье,Колье,"374,751,756",796,2850.0%,63.9%,59.0%,3865
Для ремонта / Краски резиновые,Краски резиновые,"373,511,094","2,499",2050.0%,88.3%,75.8%,133
Мужчинам / Боди,Боди для малышей,"373,190,882",802,3450.0%,71.5%,51.4%,1893
Для ремонта / Грунтовки,Грунтовки,"372,077,759","1,330",2600.0%,87.0%,67.0%,530
Для ремонта / Клей строительный,Клей строительный,"371,881,097",626,2700.0%,92.2%,59.4%,1929
Электроника / Микрофоны,Микрофоны,"371,588,529","1,924",2150.0%,81.9%,73.7%,1950
Автотовары / Антифриз,Антифризы,"371,256,989","1,346",2650.0%,86.2%,66.4%,438
Дом / Крючки настенные,Крючки настенные,"368,774,527",563,2150.0%,91.5%,63.3%,3481
Амортизаторы кузовные,Амортизаторы кузовные,"366,982,920","1,374",2650.0%,86.8%,66.9%,505
Станки обрабатывающие,Станки обрабатывающие,"366,591,314","2,764",3050.0%,76.5%,66.8%,269
Автотовары / Пассатижи,Пассатижи,"366,408,765","1,110",3150.0%,86.4%,60.7%,670
Держатели для туалетной бумаги,Держатели для туалетной бумаги,"365,739,941","1,112",2950.0%,83.6%,63.1%,1676
Инструменты для зачистки проводов,Инструменты для зачистки проводов,"365,654,268","1,488",3150.0%,90.8%,62.6%,779
Дом / Наборы для вышивания,Наборы для вышивания,"364,905,644",981,2950.0%,91.2%,61.4%,985
Детям / Диски с играми,Диски с играми,"364,470,708","2,009",2450.0%,84.5%,71.2%,730
Аккумуляторы для ноутбуков,Аккумуляторы для ноутбуков,"364,288,299","2,487",2450.0%,85.0%,71.5%,144
Другие комплектующие для принтеров,Другие комплектующие для принтеров,"363,737,857","1,225",2450.0%,91.1%,66.6%,355
Обувь / Угги,Угги,"361,074,818","2,348",3450.0%,38.2%,55.7%,1674
Спорт / Аксессуары для лодок,Аксессуары для лодок,"360,774,608","2,234",2750.0%,90.1%,68.6%,926
Автотовары / Поршни двигателя,Поршни двигателя,"359,666,349","5,244",2650.0%,25.0%,70.7%,208
Для ремонта / Фильтры проточные,Фильтры проточные,"359,159,832","1,904",2750.0%,92.0%,68.7%,556
Для ремонта / Краски масляные,Краски масляные,"357,750,115","1,266",2850.0%,87.6%,65.3%,121
Бытовая техника / Утюги,Утюги,"355,993,834","2,654",2550.0%,82.8%,70.8%,1181
Трубки термоусадочные,Трубки термоусадочные,"355,173,063",740,2850.0%,88.6%,61.4%,518
Женщинам / Тренчкоты,Тренчкоты,"354,810,960","3,234",3450.0%,17.3%,53.2%,768
Дом / Жидкости для уборки,Жидкости для уборки,"354,703,468",727,2950.0%,92.7%,58.2%,1237
Зарядные устройства для электроинструмента,Зарядные устройства для электроинструмента,"353,782,564","1,586",3150.0%,84.9%,63.7%,604
Переноски для животных,Переноски для животных,"353,602,924","2,213",2150.0%,71.6%,74.2%,1418
Трубы для водопровода,Трубы для водопровода,"353,158,277","1,240",2750.0%,86.6%,67.3%,293
Видеорегистраторы автомобильные,Видеорегистраторы автомобильные,"352,020,913","3,152",2650.0%,82.1%,70.7%,1483
Стремянки,Стремянки,"351,968,596","4,301",3150.0%,85.6%,66.4%,513
Автотовары / Рулевое управление,Рулевое управление,"350,919,326","3,166",2650.0%,84.7%,70.6%,590
Автотовары / Поршни двигателя,Поршни автомобильные,"350,154,969","1,218",2650.0%,71.4%,67.1%,234
Спорт / Катушки рыболовные,Катушки рыболовные,"349,759,860","2,278",2750.0%,85.0%,68.1%,1061
Сад и дача / Бассейны надувные,Бассейны надувные,"348,594,069","2,102",2350.0%,85.6%,72.2%,849
Сад и дача / Сетки садовые,Сетки садовые,"347,734,140","1,598",2950.0%,93.3%,65.7%,1061
Спорт / Сумки спортивные,Сумки спортивные,"345,805,896","1,428",2950.0%,66.7%,62.7%,2545
Шляпы,Шляпы,"343,773,650",825,3450.0%,41.7%,36.6%,912
Запчасти для пылесосов,Запчасти для пылесосов,"343,727,281",955,2550.0%,77.2%,65.4%,1148
Запчасти для кондиционеров,Запчасти для кондиционеров,"341,981,380","1,852",2850.0%,86.6%,66.6%,504
Электроника / Доводчики мебельные,Доводчики дверные,"341,774,735","1,400",2850.0%,88.3%,65.6%,632
Акции / Электрод,Электродвигатели,"341,549,692","3,528",2650.0%,90.9%,70.1%,283
Спорт / Подшипник,Выжимные подшипники,"340,821,499","3,220",2650.0%,78.4%,70.5%,374
Бытовая техника / Измельчители садовые,Измельчители садовые,"339,265,333","3,920",1950.0%,93.2%,79.9%,351
Для ремонта / Люки ревизионные,Люки ревизионные,"338,631,175","3,060",2750.0%,82.8%,69.3%,255
Аксессуары / Брелоки,Брелоки,"337,855,339",334,2850.0%,84.9%,43.8%,8084
Акции / Часы наручные,Труборезы ручные,"336,914,128","1,082",3150.0%,90.4%,62.1%,796
Гели для моделирования ногтей,Гели для моделирования ногтей,"335,823,298",517,3250.0%,92.0%,51.3%,931
Бытовая техника / Пароочистители,Пароочистители,"335,425,967","3,252",2550.0%,81.6%,71.4%,968
Автотовары / Защита картера,Защита картера,"332,739,519","5,523",2650.0%,92.2%,71.9%,234
Спорт / Шлемы спортивные,Шлемы спортивные,"332,688,693","2,408",2950.0%,59.6%,65.7%,1053
Электроника / Чехлы для планшетов,Чехлы для планшетов,"332,437,252","1,149",2950.0%,76.2%,61.4%,671
Электроника / Принтеры,Принтеры,"332,285,483","5,582",2450.0%,83.3%,74.8%,341
Автотовары / Мотоодежда,Мотоодежда,"332,201,488","2,887",2650.0%,46.4%,65.1%,202
Органайзеры в багажник,Органайзеры в багажник,"332,027,352","2,175",2650.0%,81.7%,69.4%,1027
Сад и дача / Ручки дверные,Ручки дверные,"331,842,018","1,206",2850.0%,80.0%,64.1%,1014
Мужчинам / Рашгарды,Рашгарды,"331,121,450","1,540",3450.0%,44.2%,54.4%,565
Сад и дача / Свечи,Свечи,"329,289,802",639,2950.0%,83.0%,56.3%,5399
Продукты / Сухофрукты,Сухофрукты,"329,193,990",645,2150.0%,95.5%,64.8%,1261
Мебель / Тумбы под ТВ,Тумбы под ТВ,"328,997,472","10,902",2650.0%,81.2%,72.7%,345
Патрубки системы охлаждения,Патрубки системы охлаждения,"328,993,005","1,457",2650.0%,83.4%,67.2%,560
Пылесосы автомобильные,Пылесосы автомобильные,"327,083,093","2,136",2650.0%,84.7%,69.2%,1306
Мебель / Столы журнальные,Столы журнальные,"327,042,390","5,642",2650.0%,82.5%,71.8%,1140
Автотовары / Комплекты тормозов,Комплекты тормозов,"326,226,716","3,109",2650.0%,100.0%,70.9%,197
Женщинам / Дубленки,Дубленки,"326,074,635","10,518",3450.0%,27.2%,61.5%,924
Сад и дача / Москитные сетки,Москитные сетки,"325,613,804","1,605",2850.0%,90.7%,66.9%,2087
Дом / Ленты для рукоделия,Ленты для рукоделия,"325,328,234",580,2950.0%,83.8%,54.4%,1958
Продукты / Приправы и специи,Приправы и специи,"325,011,387",474,2150.0%,95.9%,59.1%,1806
Автотовары / Крышки радиатора,Крышки радиатора,"324,629,407","1,394",2650.0%,80.0%,67.0%,493
Сад и дача / Мотоблок,Мотоблоки,"323,955,718","37,178",1950.0%,88.2%,80.3%,125
Отбойники автомобильные,Отбойники автомобильные,"322,939,804",985,2650.0%,89.4%,63.9%,447
Бытовая техника / Миксеры,Миксеры,"322,212,391","2,027",2200.0%,81.9%,73.4%,903
Бытовая техника / Тепловентиляторы,Тепловентиляторы,"321,757,657","2,410",2550.0%,77.7%,69.9%,725
Красота / Расчески,Расчески,"321,298,230",577,3250.0%,88.7%,52.0%,3671
Пневматическое оружие,Пневматическое оружие,"321,031,682","9,962",2750.0%,70.1%,71.2%,169
Автотовары / Пыльники автомобильные,Пыльники ШРУСа,"319,801,463","1,053",2650.0%,85.1%,65.2%,368
Спорт / Строп,Стропы,"319,333,838","1,683",2750.0%,87.9%,66.9%,345
Аксессуары для бассейна,Аксессуары для бассейна,"318,953,045","1,092",2850.0%,91.0%,63.5%,1105
Аксессуары / Подвески бижутерные,Подвески бижутерные,"317,672,505",536,2850.0%,75.4%,52.7%,4168
Дом / Туалетная бумага,Туалетная бумага,"316,650,578","1,052",2950.0%,94.9%,62.2%,890
Автотовары / Датчики давления,Датчики давления,"315,471,684","1,876",2650.0%,86.2%,69.0%,614
Бытовая техника / Винные шкафы,Винные шкафы,"315,246,858","16,482",1950.0%,100.0%,80.1%,74
Дом / Разделочные доски,Разделочные доски,"314,661,024","1,034",2950.0%,88.2%,62.2%,2784
Струбцины,Струбцины,"314,317,491","1,342",3150.0%,91.6%,62.0%,904
Кронштейны для телевизоров,Кронштейны для телевизоров,"311,897,169","1,847",2450.0%,85.2%,70.5%,832
Бытовая техника / Бритвы электрические,Бритвы электрические,"310,462,176","2,246",2550.0%,87.2%,70.6%,1664
Аксессуары / Сумки-шопперы,Сумки-шопперы,"309,330,967",869,2950.0%,64.2%,53.0%,2319
Сад и дача / Кусторез,Кусторезы,"308,957,128","3,480",2900.0%,83.4%,68.7%,802
Бытовая техника / Плиты настольные,Плиты настольные,"308,568,113","2,856",2450.0%,83.4%,72.2%,936
Сад и дача / Секатор,Секаторы,"308,076,445",984,2950.0%,89.7%,62.4%,2134
Дом / Шторы для ванной,Шторы для ванной,"306,999,800","1,214",2950.0%,80.3%,62.5%,1664
Красота / Лосьоны,Лосьоны,"306,983,474",760,3250.0%,93.2%,55.5%,2754
Для ремонта / Герметики,Герметики,"306,973,077",719,2850.0%,93.3%,60.1%,1467
Системы автополива и запчасти,Системы автополива и запчасти,"306,266,194",864,2950.0%,91.5%,62.3%,1563
Детям / Мобильные телефоны,Мобильные телефоны,"305,826,152","2,406",1950.0%,82.8%,76.1%,732
Другие запчасти для компьютеров,Другие запчасти для компьютеров,"303,329,993",877,2450.0%,91.7%,62.9%,692
Дом / Ведра хозяйственные,Ведра хозяйственные,"302,891,662","1,164",2950.0%,86.3%,62.5%,1175
Подгузники для взрослых,Подгузники для взрослых,"302,679,594","1,570",3250.0%,96.0%,62.2%,391
Зоотовары / Лотки для животных,Лотки для животных,"302,658,114","1,572",2150.0%,80.0%,72.0%,1297
Комплектующие для компрессоров,Комплектующие для компрессоров,"302,462,913","4,322",2650.0%,89.5%,71.7%,233
Сад и дача / Воздуходувки,Воздуходувки,"302,319,324","2,896",1950.0%,87.0%,77.5%,1236
Сад и дача / Насосы и помпы,Насосы для ГСМ,"301,851,467","1,735",2650.0%,91.6%,68.5%,510
Дом / Столики туалетные,Столики туалетные,"299,855,324","8,870",2650.0%,82.3%,72.5%,313
Средства для мытья посуды,Средства для мытья посуды,"299,219,365",661,2950.0%,94.9%,56.6%,1934
Дом / Подарочные коробки,Подарочные коробки,"298,722,483",738,3250.0%,79.4%,53.5%,2530
Другие аксессуары для техники,Другие аксессуары для техники,"298,487,634",761,2550.0%,85.0%,62.7%,952
Настольные игры для взрослых,Настольные игры для взрослых,"298,370,103","1,148",2950.0%,86.9%,62.5%,2054
Блоки питания для компьютеров,Блоки питания для компьютеров,"298,230,357","6,090",1950.0%,84.8%,78.8%,215
Держатели и штанги для душа,Держатели и штанги для душа,"297,984,854",767,2750.0%,90.5%,61.1%,794
Продукты / Сиропы,Сиропы,"297,962,172",748,2150.0%,94.1%,66.7%,845
Электроника / Проектор,Проекторы,"297,160,755","3,960",2150.0%,76.4%,76.7%,967
Дом / Чайники для плиты,Чайники для плиты,"296,218,622","1,956",2950.0%,76.4%,65.3%,1356
Автотовары / Мотоботы,Мотоботы,"296,089,304","6,723",2650.0%,36.4%,71.3%,88
Тонеры для картриджей,Тонеры для картриджей,"295,621,107","1,980",2450.0%,95.2%,71.0%,234
Для ремонта / Сиденья для унитаза,Сиденья для унитаза,"295,114,128","1,685",2750.0%,86.4%,67.5%,1102
Для ремонта / Лаки строительные,Лаки строительные,"293,610,760","1,542",2850.0%,87.3%,65.9%,409
Электроника / Блоки питания,Блоки питания,"293,084,646","1,239",1950.0%,86.1%,72.6%,1003
Дом / Корзины для белья,Корзины для белья,"292,332,279","1,813",2950.0%,84.0%,65.6%,1454
Для ремонта / Анкеры,Анкеры,"292,169,259",980,2850.0%,90.8%,63.3%,530
Детям / Фотоаппараты,Фотоаппараты,"291,804,534","2,495",2150.0%,78.9%,74.8%,562
Сад и дача / Обогреватели,Обогреватели,"291,732,156","2,301",2550.0%,81.1%,70.3%,1131
Комбинезоны нательные для малышей,Комбинезоны нательные для малышей,"289,990,421",704,3450.0%,71.1%,49.5%,1357
Расходники для ленточных станков,Расходники для ленточных станков,"289,844,565","2,477",3150.0%,90.9%,65.1%,99
Сад и дача / Заборчики и бордюры,Заборчики садовые,"289,499,711","1,275",2950.0%,87.5%,64.2%,882
Продукты / Вина,Вина игристые,"288,705,051","1,648",950.0%,100.0%,85.6%,6
Дом / Парфюм для дома,Парфюм для дома,"288,573,464","1,013",2950.0%,90.8%,61.6%,2126
Детям / Интерьерные зеркала,Интерьерные зеркала,"286,873,206","5,700",2650.0%,78.1%,71.8%,758
Сад и дача / Веревки садовые,Веревки садовые,"286,521,408",792,2950.0%,100.0%,59.9%,269
Сад и дача / Топоры,Топоры,"286,171,813","1,840",2950.0%,86.3%,65.9%,1113
Спорт / Замки цепи,Замки автомобильные,"286,050,245","1,631",2650.0%,84.5%,68.2%,927
Красота / Пенки,Пенки,"286,048,760",603,3250.0%,93.1%,52.8%,3351
Для ремонта / Затирки,Затирки,"285,989,952","1,189",2850.0%,86.0%,64.0%,344
Спорт / Прицелы охотничьи,Прицелы охотничьи,"285,686,882","6,176",2750.0%,80.7%,70.9%,401
Сад и дача / Триммеры,Триммеры,"285,507,551","1,707",2550.0%,89.1%,69.2%,2286
Наборы столовых приборов,Наборы столовых приборов,"285,291,887",853,2950.0%,81.4%,60.2%,2497
Коробки распределительные,Коробки распределительные,"285,191,184",812,2850.0%,91.0%,60.4%,338
Для ремонта / Ключи трещоточные,Ключи трещоточные,"284,932,810","1,396",3150.0%,94.1%,62.5%,555
Зеркала косметические,Зеркала косметические,"284,746,787",965,3250.0%,80.7%,56.8%,1927
Дом / Термокружки,Термокружки,"284,740,163","1,149",2950.0%,80.0%,62.6%,2628
Антипаразитарные препараты,Антипаразитарные препараты,"284,114,966",757,1700.0%,95.0%,72.4%,252
Комбинезоны для малышей,Комбинезоны для малышей,"283,214,069","1,259",3450.0%,56.5%,52.4%,3239
Акции / Электрод,Электроды,"283,117,055","1,200",2900.0%,95.4%,63.8%,568
Диски сцепления для авто,Диски сцепления для авто,"281,411,051","4,044",2650.0%,79.3%,71.2%,304
Дом / Гитары,Гитары,"279,744,654","3,032",2850.0%,71.0%,66.8%,209
Двигатели для садовой техники,Двигатели для садовой техники,"279,544,546","2,615",1950.0%,88.5%,79.3%,337
Сад и дача / Опоры для растений,Опоры для растений,"278,771,069",736,2950.0%,91.3%,59.8%,1434
Велосипеды трехколесные,Велосипеды трехколесные,"277,755,748","7,307",2750.0%,76.1%,71.1%,153
Дом / Корзинки,Корзинки,"277,692,109","1,381",2650.0%,77.0%,66.3%,2190
Заменители грудного молока,Заменители грудного молока,"276,464,378","2,314",2250.0%,84.4%,73.6%,173
Миксеры для строительных смесей,Миксеры для строительных смесей,"275,957,720","2,108",3050.0%,74.9%,65.8%,582
Стоматологические наборы,Стоматологические наборы,"275,686,353","1,078",2900.0%,91.3%,61.7%,493
Ремешки для умных часов,Ремешки для умных часов,"275,557,585",567,2950.0%,76.5%,52.8%,1266
Бумага для оргтехники,Бумага для оргтехники,"275,540,491","1,626",2950.0%,87.3%,65.5%,857
Детям / Водолазки,Водолазки,"275,353,918",782,3450.0%,53.9%,45.3%,2332
Аксессуары / Косметички,Косметички,"274,872,806",737,3450.0%,75.6%,51.0%,3958
Стаканы для зубных щеток,Стаканы для зубных щеток,"274,478,088",846,2950.0%,78.3%,60.7%,1120
Автотовары / Валы карданные,Шарниры карданные,"274,193,147","2,554",2650.0%,92.8%,70.2%,355
Продукты / Рулет,Рулетки,"273,337,027",764,3100.0%,92.1%,59.1%,1367
Съемники автомобильные,Съемники автомобильные,"271,072,352","1,170",2650.0%,92.1%,66.8%,1086
Для ремонта / Перчатки рабочие,Перчатки рабочие,"271,008,814",895,3350.0%,92.0%,58.5%,1308
Костюмы маскировочные,Костюмы маскировочные,"270,742,999","2,917",3450.0%,52.7%,58.1%,333
Броши,Броши,"270,545,216",509,2850.0%,77.2%,53.1%,3802
Для ремонта / Фрезер,Фрезеры,"270,520,424","1,366",3150.0%,82.4%,62.3%,513
Бытовая техника / Бензопилы,Пилы сабельные,"269,339,471","5,404",3050.0%,84.3%,67.8%,554
Автотовары / Кольца поршневые,Кольца поршневые,"269,112,135","2,278",2650.0%,77.5%,69.4%,374
Продукты / Макароны,Макароны,"269,078,448",644,1650.0%,93.2%,71.1%,485
Наборы посуды для приготовления,Наборы посуды для приготовления,"268,935,120","3,027",2950.0%,69.3%,67.4%,867
Дом / Иконы,Иконы,"268,650,065","1,788",2950.0%,82.5%,65.8%,697
Детям / Наволочки,Наволочки,"266,846,602",564,2950.0%,87.1%,54.6%,966
Для ремонта / Гидроизоляции,Гидроизоляции,"266,425,750","1,059",2200.0%,88.9%,70.5%,431
Спорт / Термобаки,Баки расширительные,"266,058,922","3,104",2750.0%,87.9%,69.8%,194
Красота / Тени,Тени,"265,736,290",605,3250.0%,87.6%,51.7%,2364
Надувная мебель,Надувная мебель,"265,022,875","2,634",2850.0%,82.6%,68.0%,1159
Автотовары / Молотки,Молотки,"264,213,933","1,081",3150.0%,88.3%,61.2%,1106
Шестерни автомобильные,Шестерни автомобильные,"263,863,178","2,046",2650.0%,77.5%,70.1%,555
Женщинам / Халаты банные,Халаты банные,"263,475,994","4,033",3450.0%,55.9%,61.4%,430
Другие запчасти для ноутбуков,Другие запчасти для ноутбуков,"263,222,422","1,128",2450.0%,87.4%,65.7%,319
Спорт / Беговые дорожки,Беговые дорожки,"262,800,178","12,608",2750.0%,79.3%,65.8%,237
Для ремонта / Бумага наждачная,Бумага наждачная,"262,647,813",644,2650.0%,92.1%,60.3%,598
Сад и дача / Камины,Камины,"261,252,309","8,412",2550.0%,79.7%,73.1%,259
Дом / Сушилки для белья,Сушилки для белья,"260,797,645","1,552",2950.0%,89.5%,64.9%,1016
Спорт / Лодки надувные,Лодки надувные,"260,731,213","7,235",2750.0%,79.9%,71.5%,295
Дом / Подарочные пакеты,Подарочные пакеты,"260,695,954",434,3250.0%,81.5%,44.9%,2348
Дом / Копилки,Копилки,"260,400,223",628,2950.0%,86.0%,59.6%,1445
Дом / Торшеры напольные,Торшеры напольные,"259,666,108","5,433",2950.0%,85.0%,68.7%,595
Автотовары / Датчики фаз,Датчики ABS,"259,457,969","1,670",2650.0%,80.8%,67.6%,329
Продукты / Семена пищевые,Семена пищевые,"259,139,677",454,2150.0%,94.3%,58.7%,991
Детям / Пазлы,Пазлы,"257,642,848",977,2850.0%,92.5%,62.7%,2293
Мебель / Тумбы прикроватные,Тумбы прикроватные,"256,435,083","6,073",2650.0%,85.7%,71.9%,616
Женщинам / Шубы натуральные,Шубы натуральные,"256,001,957","45,000",3450.0%,13.0%,64.7%,230
Для ремонта / Плиткорез,Плиткорезы,"255,824,676","4,421",3150.0%,82.5%,66.5%,363
Сад и дача / Рассада и саженцы,Рассада и саженцы,"255,439,059",526,2950.0%,91.7%,54.2%,1374
Электроника / Flash-накопители,Flash-накопители,"255,300,748","1,121",2450.0%,90.3%,68.1%,1017
Кассеты для фильтров-кувшинов,Кассеты для фильтров-кувшинов,"254,931,839","1,417",2950.0%,94.3%,66.1%,690
Дом / Чайники заварочные,Чайники заварочные,"254,841,598","1,760",2950.0%,80.0%,65.3%,1967
Аксессуары для котлов отопления,Аксессуары для котлов отопления,"254,471,089","2,143",2550.0%,89.7%,69.6%,453
Автотовары / Бачки ГУР,Бачки расширительные,"254,263,962","1,868",2650.0%,81.3%,68.3%,539
Автотовары / Стеклоподъемники,Стеклоподъемники,"254,205,569","2,836",2650.0%,80.6%,70.4%,589
Мебель / Полки,Полки,"253,964,610","1,192",2650.0%,85.8%,66.4%,2108
Запчасти для мобильных устройств,Запчасти для мобильных устройств,"253,521,415",529,2950.0%,69.6%,50.4%,490
Фильтры магистральные,Фильтры магистральные,"252,684,385","1,104",2750.0%,89.5%,66.0%,452
Дом / Швейная фурнитура,Швейная фурнитура,"252,664,364",544,2950.0%,86.5%,53.8%,2086
Игрушки / Наборы для поделок,Наборы для поделок,"252,624,284",646,2950.0%,88.4%,57.3%,2462
Бытовая техника / Лески для триммеров,Лески для триммеров,"251,578,578",626,2350.0%,96.2%,63.4%,1335
Сад и дача / Столы садовые,Столы садовые,"251,432,049","5,575",2650.0%,82.7%,71.7%,452
Женщинам / Ежедневники,Ежедневники,"251,334,747",741,2950.0%,85.4%,57.0%,1709
Дом / Ночники,Ночники,"251,145,900","1,262",2950.0%,85.6%,63.7%,3550
Детям / Пододеяльники,Пододеяльники,"250,544,193","1,781",2950.0%,86.5%,65.3%,471
Для ремонта / Микрометр,Микрометры,"250,378,640","2,724",3150.0%,86.2%,65.2%,289
Мебель / Модульные гостиные,Модульные гостиные,"250,080,476","21,958",2600.0%,100.0%,73.6%,37
Зоотовары / Ошейники,Ошейники,"249,726,601",685,2150.0%,73.7%,63.7%,1939
Для ремонта / Дюбели,Дюбели,"249,573,691",797,2850.0%,89.3%,61.6%,595
Мебель / Тумбы,Тумбы,"247,918,020","4,546",2650.0%,86.3%,71.6%,505
Автотовары / Тросовые приводы,Тросовые приводы,"247,738,908","1,513",2650.0%,90.7%,67.6%,290
Для ремонта / Брюки рабочие,Брюки рабочие,"247,275,418","2,334",3450.0%,48.5%,58.5%,295
Дом / Вешалки напольные,Вешалки напольные,"246,546,803","2,862",2650.0%,86.9%,70.3%,1178
Продукты / Мармелад,Мармелад,"246,396,859",584,2150.0%,93.1%,63.7%,1180
Машинки для стрижки волос,Машинки для стрижки волос,"245,691,635","2,453",2550.0%,86.4%,70.8%,1614
Электроника / Видеодомофоны,Видеодомофоны,"245,690,323","9,158",2450.0%,78.2%,74.4%,268
Таблетки для посудомоечных машин,Таблетки для посудомоечных машин,"245,406,146","1,193",2950.0%,96.4%,62.8%,923
Продукты / Плов,Тепловые пушки,"245,392,775","5,560",2850.0%,76.7%,69.7%,439
Красота / Лаки для волос,Лаки для волос,"245,115,398",746,3250.0%,93.7%,56.8%,1157
Продукты / Консервы овощные,Консервы овощные,"244,913,620",816,1650.0%,92.6%,73.3%,531
Красота / Корректоры,Корректоры,"244,874,585",526,3250.0%,90.2%,50.2%,1912
Дом / Щетки для уборки,Щетки для уборки,"244,092,335",744,2950.0%,88.9%,59.2%,2645
Сад и дача / Мангалы,Мангалы,"243,774,413","1,698",2850.0%,85.7%,66.0%,1268
Дом / Упаковочная пленка,Упаковочная пленка,"243,196,334",860,2950.0%,84.5%,60.7%,764
Дом / Вешалки-плечики,Вешалки-плечики,"243,187,839",790,2650.0%,91.5%,63.0%,2085
Аксессуары для оружия,Аксессуары для оружия,"243,126,417","1,720",2750.0%,78.7%,66.4%,960
Детям / Игрушки антистресс,Игрушки антистресс,"242,808,902",670,2350.0%,90.0%,64.0%,3865
Ресницы для наращивания,Ресницы для наращивания,"242,704,200",521,3250.0%,91.8%,50.5%,608
Бытовая техника / Щипцы для укладки,Щипцы для укладки,"242,384,984","1,661",2550.0%,84.1%,69.1%,1904
Игрушки / Роботы,Роботы,"241,874,843","1,581",2850.0%,87.3%,66.6%,1462
Зоотовары / Поводки,Поводки,"241,725,883",934,2150.0%,83.9%,69.0%,1542
Дом / Салфетки,Салфетки,"241,440,851",740,2950.0%,75.9%,56.2%,1757
Зоотовары / Аквариумы,Аквариумы,"240,242,823","2,334",2150.0%,73.5%,74.4%,596
Мужчинам / Вейдерсы,Вейдерсы,"239,637,440","5,479",3450.0%,43.2%,63.6%,92
Сад и дача / Лестницы,Лестницы,"238,785,219","8,010",2850.0%,97.0%,70.3%,164
Мясорубки электрические,Мясорубки электрические,"238,491,575","5,692",2450.0%,84.4%,73.7%,743
Дом / Декорации настенные,Декорации настенные,"238,477,158","1,138",2950.0%,80.7%,62.8%,1972
Для ремонта / Масло деревозащитное,Масло деревозащитное,"238,057,361","2,474",2850.0%,87.1%,68.1%,280
Красота / Гель-лаки,Гель-лаки,"237,679,181",359,3250.0%,89.1%,43.1%,1269
Женщинам / Дождевики,Дождевики,"237,593,310",959,3450.0%,68.2%,51.6%,1371
Контейнеры для игрушек,Контейнеры для игрушек,"237,144,644","2,082",2650.0%,79.8%,68.8%,332
Другие кухонные приспособления,Другие кухонные приспособления,"237,075,882",966,2950.0%,90.4%,62.2%,1122
Подарочные наборы продуктов,Подарочные наборы продуктов,"236,586,816",970,2150.0%,92.6%,69.4%,1406
Сад и дача / Комнатные растения,Комнатные растения,"236,282,835","1,000",2950.0%,93.9%,62.2%,684
Дом / Жалюзи,Жалюзи,"236,117,268","2,238",2950.0%,87.8%,66.7%,475
Дом / Фотоальбомы,Фотоальбомы,"236,003,639",970,2950.0%,82.3%,61.1%,1245
Дом / Наклейки интерьерные,Наклейки интерьерные,"235,779,480",767,2950.0%,86.0%,60.6%,2288
Бытовая техника / Кофеварки,Кофеварки,"235,456,688","4,312",2450.0%,83.3%,73.8%,687
Направляющие суппорта,Направляющие суппорта,"234,890,667",815,2650.0%,84.7%,62.9%,340
Дом / Емкости неполимерные,Емкости неполимерные,"234,849,987",942,2950.0%,80.1%,60.3%,1367
Для ремонта / Болты,Болты,"234,622,237",680,2850.0%,87.3%,59.7%,670
Грядки и комплектующие,Грядки и комплектующие,"233,800,909","2,770",2950.0%,86.0%,67.8%,474
Красота / Блески,Блески,"233,145,017",558,3250.0%,90.5%,51.7%,2227
Автотовары / Головки торцевые,Головки цилиндра,"232,644,934","6,450",2650.0%,82.0%,72.3%,235
Бетономешалки,Бетономешалки,"232,287,990","18,706",2850.0%,66.7%,71.1%,114
Мебель / Системы,Системы охлаждения,"231,975,518","2,974",2650.0%,76.1%,70.5%,327
Дом / Карандаши,Карандаши,"230,868,331",612,2450.0%,92.5%,60.3%,1625
Детям / Автокресла,Автокресла детские,"230,828,349","6,708",2650.0%,68.8%,72.0%,191
Бытовая техника / Снегоуборщики,Снегоуборщики,"230,796,909","11,136",1950.0%,68.6%,79.3%,310
Бронеодежда,Бронеодежда,"230,790,811","14,300",2250.0%,76.9%,76.7%,84
Аксессуары / Сумки,Сумки строительные,"230,789,065","1,394",3150.0%,85.2%,62.5%,1133
Волосы для наращивания,Волосы для наращивания,"229,785,270","1,294",3250.0%,64.6%,58.1%,606
Канцтовары / Лотки для бумаг,Лотки для бумаг,"229,709,625","1,537",2950.0%,90.8%,64.9%,713
Канцтовары / Блокноты,Блокноты,"229,390,442",471,2950.0%,89.4%,50.4%,2100
Косметические аппараты,Косметические аппараты,"228,963,816","1,704",2550.0%,84.9%,68.9%,1261
Для ремонта / Клеммники,Клеммники,"228,542,329",723,2850.0%,94.3%,60.3%,851
Внешние жесткие диски,Внешние жесткие диски,"228,323,548","7,309",2450.0%,74.5%,74.0%,321
Детям / Пеленки,Пеленки,"227,939,633",864,2650.0%,86.3%,62.9%,1052
Мужчинам / Халаты медицинские,Халаты медицинские,"227,526,366","1,486",3150.0%,42.7%,54.2%,477
Дом / Сушилки для посуды,Сушилки для посуды,"227,357,803","1,733",2950.0%,84.4%,65.2%,1585
Спорт / Аквасоки,Аквасоки,"226,918,799","1,212",3450.0%,45.2%,52.5%,347
Наклейки для творчества,Наклейки для творчества,"226,884,256",283,2450.0%,87.9%,43.6%,3360
Аксессуары / Пояса,Пояса страховочные,"226,075,969","2,999",2750.0%,88.0%,69.0%,94
Продукты / Чипсы,Чипсы,"225,871,675",676,2150.0%,92.6%,65.9%,573
Сад и дача / Мотобуры,Мотобуры,"225,416,705","10,893",1950.0%,87.5%,79.8%,318
Бытовая техника / Выпрямители волос,Выпрямители волос,"225,163,015","1,541",2550.0%,80.5%,67.9%,1685
Батончики протеиновые кондитерские,Батончики протеиновые кондитерские,"224,208,430",885,2550.0%,95.5%,64.7%,285
Товары для взрослых / Вибраторы,Вибраторы,"224,146,048","3,052",2950.0%,86.7%,66.6%,1328
Спорт / Стулья туристические,Стулья туристические,"224,040,405","1,442",2750.0%,77.8%,64.3%,1327
Игрушки / Мобили,Электромобили,"222,693,254","16,693",2150.0%,80.6%,78.0%,223
Аксессуары и запчасти для моек высокого давления,Аксессуары и запчасти для моек высокого давления,"220,951,013","1,491",2850.0%,86.2%,65.1%,823
Тяговые реле стартера,Тяговые реле стартера,"220,701,142","2,402",2650.0%,70.9%,69.5%,173
Дом / Спреи для уборки,Спреи для уборки,"219,767,131",770,2950.0%,88.0%,58.7%,1489
Средства защиты растений,Средства защиты растений,"219,551,985",524,2950.0%,95.4%,54.7%,1692
Для ремонта / Кабель-канал,Кабель-каналы,"218,728,888",609,2850.0%,82.5%,55.0%,212
Аксессуары / Бусины,Бусины,"218,716,679",412,2950.0%,84.9%,49.3%,1571
Клейкие ленты монтажные,Клейкие ленты монтажные,"218,477,911",595,2850.0%,94.0%,58.0%,1262
Автотовары / Кувалды,Кувалды,"218,444,846","2,174",3150.0%,90.3%,64.6%,492
Комплекты переоборудования сцепления,Комплекты переоборудования сцепления,"218,188,806","6,570",2650.0%,86.6%,71.8%,150
Канцтовары / Клейкие ленты,Клейкие ленты,"218,121,759",624,2950.0%,94.2%,56.7%,2046
Красота / Скрабы,Скрабы,"218,113,284",649,3250.0%,92.6%,54.0%,2547
Чехлы для автомобильных колес,Чехлы для автомобильных колес,"216,668,454","1,508",2650.0%,84.7%,68.4%,452
Съемники стопорных колец,Съемники стопорных колец,"216,644,441","1,010",3150.0%,94.1%,60.2%,484
Продукты / Тан,Станки сверлильные,"215,790,655","4,302",3050.0%,85.9%,67.4%,242
Усилители автомобильные,Усилители автомобильные,"215,787,586","4,814",2650.0%,70.7%,71.4%,373
Автотовары / Держатели в авто,Держатели в авто,"215,518,276",677,2650.0%,84.8%,59.9%,3462
Для ремонта / Брюки медицинские,Брюки медицинские,"214,506,163","1,466",3400.0%,36.8%,49.1%,294
Бытовая техника / Мини-печи,Мини-печи,"214,198,085","7,113",2450.0%,76.2%,74.0%,292
Красота / Лаки для ногтей,Лаки для ногтей,"214,115,644",461,3250.0%,90.3%,47.9%,1048
Для ремонта / Пленки самоклеящиеся,Пленки самоклеящиеся,"213,918,377",760,2850.0%,85.6%,59.5%,1406
Бытовая техника / Очистители воздуха,Очистители воздуха,"213,786,895","1,930",2550.0%,76.4%,69.7%,576
Для ремонта / Радиаторы отопления,Радиаторы масляные,"213,223,971","5,021",2650.0%,66.7%,70.6%,233
Для ремонта / Подводки для газа,Подводки для газа,"213,187,301",700,2750.0%,91.2%,59.4%,239
Электроника / Наборы крепежа,Наборы крепежа,"213,100,175",890,2850.0%,90.2%,62.4%,776
Продукты / Соусы,Соусы,"213,030,449",652,2150.0%,93.9%,65.7%,996
Автотовары / Бачки ГУР,Бачки ГУР,"212,967,416","7,031",2650.0%,83.3%,72.3%,206
Таблички и наклейки информационные,Таблички и наклейки информационные,"212,909,405",802,2950.0%,82.8%,60.1%,1117
Мебель / Наматрасники,Наматрасники,"212,803,548","3,372",2950.0%,88.1%,67.7%,729
Автотовары / Реле автомобильные,Реле автомобильные,"212,222,861","1,554",2650.0%,81.4%,68.5%,729
Пистолеты для монтажной пены и герметика,Пистолеты для монтажной пены и герметика,"211,933,520","1,234",3150.0%,90.0%,61.8%,962
Красота / Пуфы,Пуфы,"211,528,600","4,095",2150.0%,81.2%,76.2%,619
Зоотовары / Лежаки для животных,Лежаки для животных,"211,311,012","1,639",2150.0%,81.0%,72.8%,1470
Аппараты для сварки труб,Аппараты для сварки труб,"210,627,515","1,429",2950.0%,86.8%,66.4%,639
Красота / Патчи,Патчи,"209,103,504",517,3250.0%,94.1%,49.7%,2737
Автотовары / Муфты на руль,Муфты сцепления,"208,935,472","3,204",2650.0%,87.1%,70.6%,308
Дом / Карнизы,Карнизы,"208,468,813","2,844",2950.0%,79.0%,67.3%,565
Автотовары / Дефлектор,Дефлекторы,"208,359,922","2,577",2650.0%,83.8%,70.1%,511
Аксессуары / Перчатки,Перчатки,"208,025,539",737,3450.0%,58.9%,50.1%,2148
Сад и дача / Поддоны для масел,Поддоны для масел,"207,724,996","4,206",2650.0%,100.0%,71.7%,258
Бандажи ортопедические,Бандажи ортопедические,"207,595,102",680,3200.0%,64.9%,48.0%,1115
Дом / Насадки на кран,Насадки на дрель,"207,374,077",914,3150.0%,93.2%,60.7%,1112
Электроника / Радио,Радио,"207,024,792",938,2750.0%,75.5%,62.5%,539
Крепежи с ленточным хомутом,Крепежи с ленточным хомутом,"206,297,439",702,2850.0%,93.1%,59.6%,567
Бытовая техника / Парогенераторы,Парогенераторы,"205,953,676","7,125",2550.0%,77.4%,73.2%,383
Автотовары / Крышки клапанные,Крышки клапанные,"204,661,492","4,866",2650.0%,76.7%,71.6%,362
Когтеточки,Когтеточки,"204,558,481","1,087",2150.0%,92.1%,71.2%,1395
Аксессуары / Сумки,Сумки для ноутбуков,"204,289,154","1,468",2950.0%,66.0%,63.7%,855
Дом / Подушки декоративные,Подушки декоративные,"204,285,587","1,085",2950.0%,80.8%,62.0%,1587
Спорт / Струна для ракетки,Ракетки,"204,214,863","1,472",2750.0%,84.9%,66.8%,1046
Датчики положения коленвала,Датчики положения коленвала,"204,113,383","1,566",2650.0%,67.0%,67.2%,327
Мебель / Кресла игровые,Кресла игровые,"203,674,050","14,030",2650.0%,80.0%,72.7%,201
Сад и дача / Антисептики-пропитки,Антисептики-пропитки,"203,630,452","1,817",2850.0%,92.5%,66.8%,351
Дом / Гирлянды интерьерные,Гирлянды интерьерные,"203,599,952",706,3250.0%,86.0%,54.2%,3379
Бытовая техника / Мультиварки,Мультиварки,"203,435,566","3,818",2450.0%,81.5%,73.1%,565
Электроника / Саундбары,Саундбары,"202,955,589","8,525",2750.0%,79.0%,71.4%,232
Дом / Мыльницы,Мыльницы,"202,771,812",663,2450.0%,87.6%,63.3%,2029
Комплекты украшений,Комплекты украшений,"202,275,844",832,2850.0%,58.3%,56.5%,2263
Мужчинам / Куртки рабочие,Куртки рабочие,"201,467,277","4,012",3450.0%,44.6%,61.2%,256
Ополаскиватели и освежители для рта,Ополаскиватели и освежители для рта,"201,324,961",619,3250.0%,94.7%,52.9%,1302
Дом / Пакеты упаковочные,Пакеты упаковочные,"200,044,803",585,2950.0%,92.1%,56.1%,1519
Электрические зубные щетки,Электрические зубные щетки,"199,966,328","1,476",2550.0%,90.1%,68.2%,1122
Женщинам / Платья,Платья для малышей,"199,936,544","1,030",3450.0%,51.3%,49.3%,1422
Автомобильные уплотнительные кольца,Автомобильные уплотнительные кольца,"199,819,229",544,2650.0%,83.2%,56.5%,588
Дом / Полотенца бумажные,Полотенца бумажные,"199,699,475","1,624",2950.0%,95.5%,64.7%,682
Красота / Автозагар,Автозагар,"199,602,548","1,573",3250.0%,85.4%,59.3%,569
Дом / Картины,Картины,"199,126,522","1,198",2950.0%,82.7%,63.4%,1643
Сад и дача / Лейки,Шлейки,"198,497,403",834,2150.0%,65.4%,64.7%,1389
Валы распределительные,Валы распределительные,"197,541,311","6,760",2650.0%,72.3%,72.1%,293
Двигатели вентилятора,Двигатели вентилятора,"196,462,563","5,112",2650.0%,76.6%,71.4%,209
Решетки автомобильные,Решетки автомобильные,"195,866,569","2,060",2650.0%,76.5%,68.7%,477
Витамины и добавки для животных,Витамины и добавки для животных,"194,896,737",653,2150.0%,94.2%,66.9%,784
Бытовая техника / Морозильные камеры,Морозильные лари,"194,013,928","26,013",1950.0%,66.7%,80.1%,76
Газонные травы и сидераты,Газонные травы и сидераты,"193,637,095",949,2950.0%,93.2%,61.4%,763
Автотовары / Ключи автомобильные,Ключи автомобильные,"193,059,643",767,2650.0%,79.5%,62.7%,670
Подушки автомобильные,Подушки автомобильные,"192,974,367","1,147",2650.0%,81.2%,67.1%,1209
Электроника / Комплектующие для 3D,Комплектующие для 3D,"192,762,528","1,561",2450.0%,91.9%,70.2%,592
Бытовая техника / Сушки для овощей,Сушки для овощей,"192,558,359","4,437",2450.0%,80.8%,73.7%,436
Канцтовары / Пеналы,Пеналы,"192,522,962",712,2950.0%,83.9%,58.5%,2458
Дом / Фруктовницы,Фруктовницы,"191,455,580","1,392",2950.0%,77.9%,63.3%,1513
Стульчики для кормления,Стульчики для кормления,"190,939,313","10,772",2650.0%,83.5%,72.6%,594
Мужчинам / Рубашки медицинские,Рубашки медицинские,"190,922,951","1,608",3450.0%,40.3%,52.3%,270
Канцтовары / Ручки,Ручки автомобильные,"190,878,660","1,248",2650.0%,86.9%,66.8%,1252
Электроника / Карты памяти,Карты памяти,"190,441,977","1,306",2450.0%,83.9%,68.8%,803
Букинистические книги,Букинистические книги,"190,394,289",396,2950.0%,90.2%,48.9%,673
Автотовары / Вкладыши коленвала,Вкладыши коленвала,"190,250,024","1,965",2650.0%,67.3%,66.3%,258
Стабилизаторы автомобильные,Стабилизаторы автомобильные,"190,177,931","1,185",2650.0%,83.0%,65.0%,236
Спорт / Тренажеры,Тренажеры,"189,680,104","3,721",2750.0%,78.4%,68.8%,1595
Сад и дача / Ковровые дорожки,Ковровые дорожки,"189,198,654","3,094",2950.0%,78.4%,67.3%,340
Средства для снятия макияжа,Средства для снятия макияжа,"188,014,412",696,3250.0%,94.4%,54.7%,1976
Аппараты для маникюра и педикюра,Аппараты для маникюра и педикюра,"187,338,732","1,238",2550.0%,84.8%,67.2%,984
Мужчинам / Куртки спортивные,Куртки спортивные,"186,877,118","3,696",3450.0%,44.1%,60.0%,206
Для ремонта / Ручки мебельные,Ручки мебельные,"186,069,082",503,2650.0%,75.8%,54.6%,1290
Автотовары / Колпаки на колеса,Колпаки на колеса,"186,059,039","1,517",2650.0%,76.0%,67.5%,847
Сюжетные игровые наборы,Сюжетные игровые наборы,"185,822,146","1,379",2850.0%,83.6%,65.1%,1390
Продукты / Масло растительное,Масло растительное,"185,544,332","1,060",2150.0%,94.4%,70.3%,1063
Шарниры автомобильные,Шарниры автомобильные,"185,522,682","1,459",2650.0%,86.6%,67.0%,304
Специализированное питание,Специализированное питание,"185,510,694","1,470",2650.0%,91.1%,67.1%,426
Для ремонта / Терморегулятор,Терморегуляторы,"185,472,186","2,135",2750.0%,88.5%,68.7%,538
Канцтовары / Клей,Клей,"185,367,440",534,2750.0%,92.7%,57.4%,1827
Продукты / Травяные сборы,Травяные сборы,"184,400,191",493,2150.0%,93.2%,60.2%,1362
Сад и дача / Гирлянды уличные,Гирлянды уличные,"184,229,974","1,566",2950.0%,87.2%,64.5%,1340
Дом / Подносы,Подносы,"183,797,130","1,444",2950.0%,80.3%,64.6%,2162
Аккумуляторы для мобильных телефонов,Аккумуляторы для мобильных телефонов,"183,704,672","1,043",2950.0%,75.8%,61.2%,490
Красота / Кисти косметические,Кисти косметические,"183,687,263",626,3250.0%,84.0%,52.9%,2453
Мебель / Гарнитуры,Гарнитуры,"183,470,841","1,404",2150.0%,85.6%,71.3%,1185
Бытовая техника / Упаковщики вакуумные,Упаковщики вакуумные,"183,268,155","1,563",2450.0%,89.3%,69.8%,1172
Зоотовары / Миски для животных,Миски для животных,"182,866,543",892,2150.0%,81.9%,68.0%,1806
Электроника / Геймпады,Геймпады,"182,797,294","1,644",2150.0%,88.8%,72.7%,1091
Подставки канцелярские,Подставки канцелярские,"182,317,526",804,2950.0%,87.2%,59.0%,1623
Спорт / Резинки,Резинки,"182,251,518",379,3450.0%,91.2%,40.6%,3313
Пускатели,Пускатели,"182,216,241","3,339",2850.0%,100.0%,69.1%,78
Насадки для шуруповерта,Насадки для шуруповерта,"182,102,627",920,3150.0%,89.9%,59.4%,506
Видеорегистраторы цифровые,Видеорегистраторы цифровые,"181,936,846","9,146",2450.0%,85.5%,74.5%,241
Корпусы дроссельной заслонки,Корпусы дроссельной заслонки,"181,091,917","8,590",2650.0%,50.0%,72.2%,269
Автотовары / Маховик,Маховики,"180,978,168","9,206",2650.0%,77.8%,72.8%,258
Припои,Припои,"180,420,864",633,3150.0%,93.0%,56.1%,606
Для ремонта / Фотообои,Фотообои,"180,277,899","8,154",2850.0%,76.0%,70.4%,193
Спорт / Бинокли,Бинокли,"179,763,150","2,850",2750.0%,79.0%,68.9%,822
Аксессуары / Парики,Парики,"179,751,217","1,262",3450.0%,32.8%,47.4%,903
Автотовары / Стояночные тормоза,Стояночные тормоза,"179,433,797","1,576",2650.0%,94.9%,67.6%,304
Прокладки впускного коллектора,Прокладки впускного коллектора,"178,686,528",708,2650.0%,89.6%,59.6%,305
Специальный инструмент,Специальный инструмент,"178,070,211",714,2650.0%,72.7%,62.6%,491
Мужчинам / Фартуки детские,Фартуки детские,"177,881,892",700,3450.0%,47.4%,43.7%,491
Ключи трубные и газовые,Ключи трубные и газовые,"177,732,681","1,613",3150.0%,94.8%,63.3%,672
Автотовары / Ключи разводные,Ключи разводные,"177,728,022","1,264",3150.0%,88.1%,61.6%,917
Канцтовары / Конверты бумажные,Конверты для малышей,"177,488,421","2,298",2650.0%,57.5%,68.1%,1078
Сборные модели,Сборные модели,"176,610,803","1,496",2850.0%,88.7%,66.5%,1034
Автотовары / Цилиндр замка,Цилиндры для замка,"176,476,523","1,087",2850.0%,80.4%,62.8%,361
Книги / Раскраски,Раскраски,"176,463,382",420,2950.0%,93.5%,49.5%,1792
Дом / Электрогитары,Электрогитары,"176,417,630","11,728",2850.0%,100.0%,70.8%,109
Красота / Гели для бровей,Гели для бровей,"176,365,161",390,3250.0%,89.7%,43.0%,1354
Зарядные устройства для аккумуляторов,Зарядные устройства для аккумуляторов,"176,335,045","1,166",2750.0%,85.2%,64.4%,1082
Дом / Капсулы для стирки,Капсулы для стирки,"176,329,094",958,2950.0%,95.7%,61.6%,1339
Сад и дача / Умывальники садовые,Умывальники садовые,"176,242,265","1,824",2850.0%,86.7%,67.4%,566
Запчасти для стиральных машин,Запчасти для стиральных машин,"176,196,348",976,2850.0%,84.3%,61.8%,774
Тросы и ленты для авто,Тросы и ленты для авто,"175,580,472","1,268",2650.0%,86.5%,66.6%,941
Для ремонта / Бордюры для ванны,Бордюры садовые,"175,531,862","1,195",2950.0%,88.3%,64.2%,815
Датчики для умного дома и систем безопасности,Датчики для умного дома и систем безопасности,"175,321,657","1,376",2450.0%,90.1%,69.5%,1033
Спорт / Наколенники,Наколенники,"175,256,065",794,2950.0%,70.8%,56.7%,1666
Обувь / Полусапожки,Полусапожки,"174,798,824","3,790",3450.0%,26.4%,57.4%,858
Сабвуферы автомобильные,Сабвуферы автомобильные,"174,729,563","5,545",2650.0%,65.4%,71.7%,284
Датчики расхода воздуха,Датчики расхода воздуха,"173,734,907","4,197",2650.0%,79.9%,71.1%,323
Спорт / Батуты,Батуты,"172,893,760","10,165",2750.0%,89.2%,71.6%,258
Бытовая техника / Термопоты,Термопоты,"172,886,039","3,768",2450.0%,81.4%,73.2%,510
Продукты / Рис,Рис,"172,882,844",776,1650.0%,93.4%,73.1%,541
Краски для автомобиля,Краски для автомобиля,"172,875,307",819,2650.0%,85.5%,61.3%,434
Дом / Наборы для специй,Наборы для специй,"172,728,697","1,037",2950.0%,83.2%,60.8%,2240
Мебель / Качели садовые,Качели садовые,"172,452,325","6,960",2850.0%,87.4%,70.4%,180
Пистолеты и насадки для полива,Пистолеты и насадки для полива,"172,323,781",937,2950.0%,91.1%,61.7%,1412
Фильтры обратного осмоса,Фильтры обратного осмоса,"172,305,263","2,851",2750.0%,89.0%,68.9%,255
Аксессуары / Цепочки,Цепочки,"172,107,671",600,2850.0%,75.7%,55.4%,2262
Наборы декоративной косметики,Наборы декоративной косметики,"171,934,366",930,3250.0%,85.0%,57.6%,2029
Запчасти для холодильников,Запчасти для холодильников,"171,849,745","1,285",2850.0%,83.7%,64.4%,463
Электроника / Телескоп,Телескопы,"171,756,242","1,980",2750.0%,83.5%,67.7%,322
Сад и дача / Термосумки,Термосумки,"171,540,469","1,008",2850.0%,74.3%,61.2%,1614
Наборы аксессуаров для ванн,Наборы аксессуаров для ванн,"171,100,941","1,951",2950.0%,74.6%,65.4%,1301
Аксессуары / Обложки,Обложки,"170,193,478",332,3450.0%,79.7%,34.6%,1979
Дом / Казаны,Казаны,"169,879,152","3,537",2950.0%,82.1%,67.8%,750
Спорт / Печенье спортивное,Печенье спортивное,"169,315,234",924,2550.0%,94.7%,65.5%,121
Двигатели стеклоочистителя,Двигатели стеклоочистителя,"169,042,357","3,470",2650.0%,90.2%,71.0%,336
Шторки стеклянные для ванной,Шторки стеклянные для ванной,"169,003,440","13,652",2750.0%,100.0%,72.0%,95
Дом / Мешки для мусора,Мешки для мусора,"168,654,981",667,2950.0%,96.4%,59.0%,1425
Дом / Монеты сувенирные,Монеты сувенирные,"168,364,480",694,2950.0%,87.0%,58.0%,622
Аксессуары / Кепи,Кепи,"167,735,967",815,3450.0%,40.2%,43.2%,791
Для ремонта / Трубы,Трубы автомобильные,"167,317,566","1,582",2650.0%,81.6%,67.4%,372
Портативные электростанции,Портативные электростанции,"166,713,370","20,006",3150.0%,92.3%,68.1%,150
Красота / Шампуни,Шампуни для животных,"166,351,601",649,2150.0%,93.7%,64.9%,849
Сад и дача / Клумбы садовые,Клумбы садовые,"166,211,469","2,298",2950.0%,88.4%,66.9%,608
Внешние SSD-накопители,Внешние SSD-накопители,"166,008,634","2,614",2150.0%,95.4%,76.6%,344
Детям / Микроскоп,Микроскопы,"166,003,975","1,836",2750.0%,81.1%,67.5%,767
Дом / Елочные украшения,Елочные украшения,"165,884,412",679,3250.0%,82.0%,54.0%,3634
Автотовары / Интеркулер,Интеркулеры,"165,857,368","12,328",2650.0%,66.7%,72.8%,118
Спорт / Гантели,Гантели,"165,647,153","1,968",2750.0%,85.8%,67.4%,641
Аксессуары / Шарфы,Шарфы,"165,411,195",818,3450.0%,55.7%,49.7%,1821
Мебель / Весы торговые,Весы торговые,"165,374,401","2,863",2650.0%,86.3%,70.0%,260
Красота / Молочко,Молочко,"165,031,360",941,3250.0%,91.3%,56.7%,1596
Купальники гимнастические,Купальники гимнастические,"164,913,566","1,313",3450.0%,33.4%,44.8%,506
Аксессуары для обустройства бани,Аксессуары для обустройства бани,"164,841,611","1,521",2850.0%,91.0%,66.6%,1001
Сад и дача / Укрывные материалы,Укрывные материалы,"164,661,284","1,483",2850.0%,89.2%,65.3%,649
Сад и дача / Подставки для цветов,Подставки для цветов,"164,406,012","2,412",2950.0%,87.3%,67.1%,1244
Охлаждение процессора,Охлаждение процессора,"164,377,209","2,162",2450.0%,81.6%,70.9%,390
Здоровье / Презервативы,Презервативы,"164,303,061",461,3150.0%,94.0%,53.3%,265
Бытовая техника / Швейные машины,Швейные машины,"164,214,412","1,898",2550.0%,82.6%,69.4%,536
Здоровье / Перчатки одноразовые,Перчатки одноразовые,"163,625,590",917,3250.0%,93.9%,56.9%,707
Красота / Оттеночные бальзамы,Оттеночные бальзамы,"163,570,776",573,3250.0%,88.4%,50.7%,514
Сад и дача / Шатры и беседки,Шатры и беседки,"163,560,604","5,002",2350.0%,82.4%,74.6%,365
Комплекты фильтров,Комплекты фильтров,"163,302,785","1,874",2650.0%,100.0%,69.1%,276
Аксессуары / Чокеры,Чокеры,"163,084,753",550,2850.0%,68.7%,50.5%,3140
Болты головки блока цилиндра,Болты головки блока цилиндра,"162,752,812","1,870",2650.0%,78.9%,68.1%,223
Дом / Оружие сувенирное,Оружие сувенирное,"162,672,270","2,440",2950.0%,75.5%,66.7%,552
Сад и дача / Лопаты садовые,Лопаты садовые,"162,431,101","1,062",2950.0%,88.6%,62.7%,841
Электроника / Колонки портативные,Колонки портативные,"162,157,250","2,445",2450.0%,82.8%,70.9%,837
Акции / Гофра глушителя,Гофры глушителя,"161,628,590","1,437",2650.0%,87.1%,67.4%,282
Для ремонта / Ножницы по металлу,Ножницы по металлу,"161,312,881","1,280",3150.0%,89.7%,62.6%,841
Органайзеры для косметики,Органайзеры для косметики,"160,909,285",900,3250.0%,85.5%,57.0%,2196
Для ремонта / Паяльник,Паяльники,"160,414,846","1,064",3150.0%,90.9%,60.5%,1199
Трапеции стеклоочистителя,Трапеции стеклоочистителя,"160,286,078","1,634",2650.0%,78.0%,67.4%,297
Мебель / Табуреты,Табуреты,"159,695,966","3,356",2650.0%,87.2%,70.8%,1030
Автотовары / Краскопульты,Пульты телевизионные,"159,115,328",605,2450.0%,87.9%,60.9%,823
Обогреватели автомобильные,Обогреватели автомобильные,"158,996,003","4,070",2650.0%,100.0%,70.7%,322
Пейджеры вызова персонала,Пейджеры вызова персонала,"158,436,952","6,752",2650.0%,85.9%,72.5%,51
Электроника / Электровелосипед,Электровелосипеды,"158,316,382","7,502",3050.0%,76.0%,69.3%,101
Бытовая техника / Грили электрические,Грили электрические,"158,064,264","4,852",2450.0%,86.3%,74.0%,578
Красота / Румяна,Румяна,"157,907,761",638,3250.0%,87.2%,52.3%,1641
Регуляторы автомобильные,Регуляторы автомобильные,"157,833,088","2,267",2650.0%,81.5%,69.1%,261
Красота / Пилинг,Пилинг,"157,754,604",636,3000.0%,90.2%,54.4%,1832
Для ремонта / Ножи монтерские,Ножи монтерские,"156,243,914",880,3150.0%,90.8%,58.9%,526
Провода автомобильные,Провода автомобильные,"155,602,065","1,119",2650.0%,90.6%,65.6%,744
Обувь / Дутики,Дутики,"155,552,957","1,810",3450.0%,51.3%,53.9%,1297
Спорт / Трико для танцев,Трико для танцев,"155,461,265","1,423",3450.0%,65.1%,54.2%,66
Дом / Кофейные наборы,Кофейные наборы,"155,405,303","1,966",2950.0%,59.9%,64.0%,704
Навесное оборудование для садовой техники,Навесное оборудование для садовой техники,"155,240,701","2,628",1950.0%,83.4%,77.7%,314
Дом / Насадки для швабр,Насадки для швабр,"154,827,960",810,2950.0%,91.0%,61.0%,1548
Женщинам / Джеггинсы,Джеггинсы,"154,737,230",941,3450.0%,30.1%,43.9%,245
Наволочки декоративные,Наволочки декоративные,"154,730,819",496,2150.0%,73.9%,57.5%,1489
Датчики износа тормозных колодок,Датчики износа тормозных колодок,"154,623,733",913,2650.0%,88.1%,63.1%,154
Дом / Вешалки настенные,Вешалки настенные,"154,121,881",974,2650.0%,87.0%,64.6%,1445
Дом / Подарочные коробки,Коробки передач,"154,000,608","2,074",2650.0%,77.9%,69.0%,457
Дом / Наборы для пикника,Наборы для пикника,"153,970,102","1,236",2850.0%,79.8%,63.4%,843
Дом / Ковши,Ковши,"153,694,187","1,056",2950.0%,89.8%,62.6%,1324
Для ремонта / Заклепки,Заклепки,"153,280,601",684,2850.0%,93.8%,60.9%,590
Бытовая техника / Увлажнители,Увлажнители,"153,237,949","1,843",2550.0%,82.7%,69.4%,1991
Аксессуары / Декор для одежды,Декор для одежды,"152,830,592",368,3450.0%,84.1%,37.3%,1799
Дом / Мешки,Мешки для пылесосов,"152,219,138","1,024",2550.0%,94.0%,64.7%,753
Бытовая техника / Фены,Фены технические,"151,907,923","3,057",2950.0%,90.8%,67.7%,685
Зоотовары / Клетки для животных,Клетки для животных,"151,518,052","2,670",2150.0%,79.8%,74.6%,752
Красота / Бритвы безопасные,Бритвы безопасные,"151,371,964",741,3250.0%,92.4%,56.0%,1178
Для ремонта / Граверы,Граверы,"151,094,744","3,000",3050.0%,82.6%,66.5%,850
Наборы для опытов,Наборы для опытов,"150,767,705",943,2850.0%,91.1%,62.5%,1383
Электроника / Чернила для принтера,Чернила для принтера,"150,437,341","1,313",2450.0%,93.8%,69.1%,331
Электрорубанки,Электрорубанки,"150,407,346","6,700",3100.0%,90.1%,67.8%,444
Здоровье / Компрессионные чулки,Компрессионные чулки,"150,388,249","1,182",3150.0%,74.4%,60.3%,288
Для ремонта / Винты,Винты,"149,978,736",396,2850.0%,86.0%,52.5%,450
Катушки и тележки для садовых шлангов,Катушки и тележки для садовых шлангов,"149,798,651","1,616",2950.0%,87.0%,67.7%,367
Дом / Держатели кухонные,Держатели кухонные,"149,546,676",855,2950.0%,90.3%,61.7%,2747
Сад и дача / Шторы уличные,Шторы уличные,"149,364,074","3,522",2950.0%,78.9%,67.7%,262
Подставки декоративные,Подставки декоративные,"149,066,306","1,138",2950.0%,81.6%,62.9%,1839
Спорт / Аминокислоты,Аминокислоты,"148,892,334","1,817",2550.0%,88.4%,70.2%,423
Запчасти для самоката,Запчасти для самоката,"148,509,493",917,2750.0%,77.6%,62.3%,587
Добавки для суставов и связок,Добавки для суставов и связок,"147,997,653","1,378",2550.0%,92.2%,68.2%,736
Дом / Тазы хозяйственные,Тазы хозяйственные,"147,684,981","1,127",2950.0%,81.3%,63.0%,748
Дверные замки электронные,Дверные замки электронные,"147,646,558","2,443",2550.0%,73.2%,70.6%,386
Красота / Кассеты для бритв,Кассеты для бритв,"147,476,424",709,3250.0%,92.9%,56.1%,646
Обувь / Галоши,Галоши,"147,147,660",808,3450.0%,51.5%,48.1%,278
Электрооборудование двигателя,Электрооборудование двигателя,"147,008,496","1,551",2650.0%,78.6%,67.6%,355
Игрушки для ванной,Игрушки для ванной,"146,585,553",701,2850.0%,89.9%,59.2%,1766
Продукты / Батончики шоколадные,Батончики шоколадные,"146,341,256",742,2150.0%,90.7%,66.4%,596
Гидравлическое оборудование,Гидравлическое оборудование,"146,070,413","3,392",3100.0%,88.9%,66.9%,318
Дом / Часы настольные,Часы настольные,"145,682,587","1,098",2950.0%,84.8%,62.1%,1390
Телефоны стационарные,Телефоны стационарные,"144,205,161","4,641",2750.0%,86.9%,70.8%,281
Автотовары / Тросики,Тросики рычагов,"144,039,376","1,674",2650.0%,79.1%,67.8%,169
Бытовая техника / Тостеры,Тостеры,"143,877,336","3,651",2450.0%,79.4%,72.9%,500
Мужчинам / Тайтсы,Тайтсы,"143,788,081","1,396",3450.0%,38.1%,48.0%,514
Шампуни для автомобиля,Шампуни для автомобиля,"143,761,187",861,2650.0%,93.8%,64.0%,735
Телекоммуникационные шкафы и комплектующие,Телекоммуникационные шкафы и комплектующие,"143,339,117","2,753",2450.0%,50.0%,72.8%,147
Обувь / Унты,Грунты для растений,"143,218,430",641,2950.0%,93.3%,57.5%,1223
Бытовая техника / Ирригаторы,Ирригаторы,"143,133,710","1,200",2550.0%,89.5%,67.6%,1149
Дом / Бумажные салфетки,Бумажные салфетки,"143,078,442",514,2950.0%,93.3%,53.7%,1284
Бытовая техника / Мультистайлеры,Мультистайлеры,"142,979,230","2,202",2550.0%,81.8%,70.0%,776
Переключатели автомобильные,Переключатели автомобильные,"142,934,521","1,393",2650.0%,81.8%,67.3%,836
Женщинам / Термокомплекты,Термокомплекты,"142,848,668","1,636",3450.0%,51.0%,56.0%,1051
Аксессуары / Пояса,Пояса,"142,825,877",704,3450.0%,52.3%,45.5%,1292
Ножовки,Ножовки,"142,675,192",928,3150.0%,91.4%,59.3%,873
Для ремонта / Гайки,Гайки,"142,500,459",550,2850.0%,89.4%,58.1%,705
Игрушки / Сортеры,Сортеры,"142,406,982",943,2850.0%,90.0%,62.8%,1850
Красота / Кресла-кровати,Кресла-кровати,"142,235,318","17,692",2150.0%,86.2%,77.9%,129
Для ремонта / Молотки отбойные,Молотки отбойные,"141,979,136","10,438",3150.0%,77.6%,67.7%,281
Контейнеры неполимерные,Контейнеры неполимерные,"141,732,860","1,154",2950.0%,79.8%,62.7%,898
Женщинам / Парки,Парки,"141,637,234","4,258",3450.0%,33.1%,58.6%,628
Автотовары / Воротки,Воротки,"141,516,679","1,094",3150.0%,92.0%,60.9%,606
Электроника / Переходники,Переходники,"141,516,012",624,2950.0%,87.2%,57.0%,1810
Спорт / Перчатки спортивные,Перчатки спортивные,"141,471,693","1,133",2950.0%,68.8%,61.1%,1040
Красота / Парфюмерные наборы,Пробники парфюмерные,"141,178,876",750,3250.0%,88.9%,55.4%,1436
Для ремонта / Стяжка,Стяжка,"141,162,729",577,2350.0%,95.8%,63.8%,999
Спорт / Столы туристические,Столы туристические,"141,121,252",753,2750.0%,72.0%,60.5%,864
Электроника / Адаптеры,Адаптеры,"141,044,722",767,2950.0%,87.7%,58.6%,1503
Красота / Диваны бескаркасные,Диваны бескаркасные,"140,755,119","7,366",2150.0%,84.0%,77.6%,97
Аксессуары / Хиджабы,Хиджабы,"140,415,591",717,3450.0%,64.3%,48.6%,499
Дом / Шнуры для рукоделия,Шнуры для рукоделия,"140,143,391",633,2950.0%,85.6%,56.2%,1087
Шкворни поворотного кулака,Шкворни поворотного кулака,"140,031,125","5,660",2650.0%,82.9%,72.1%,219
Бытовая техника / Эпиляторы,Эпиляторы,"139,803,009","1,632",2550.0%,88.0%,69.1%,1117
Автотовары / Блоки управления,Блоки управления,"139,766,805","2,554",2650.0%,79.6%,70.1%,517
Транспортные средства / Мотоциклы,Мотоциклы,"139,524,848","187,194",50.0%,100.0%,99.5%,32
Электроника / Штативы для съемки,Штативы для съемки,"139,371,471","1,680",2950.0%,78.2%,64.4%,1073
Мебель / Сейфы,Сейфы,"139,144,020","2,853",2650.0%,76.6%,70.1%,376
Аксессуары для велосипедов,Аксессуары для велосипедов,"139,084,082",742,2750.0%,84.4%,61.2%,1309
Спорт / Очки спортивные,Очки спортивные,"138,750,797","1,486",2950.0%,65.0%,63.3%,993
Бытовая техника / Вафельницы,Вафельницы,"138,516,455","2,728",2450.0%,83.3%,72.0%,890
Здоровье / Лубрикант,Лубриканты,"138,079,401","1,074",2950.0%,93.3%,60.6%,840
Автотовары / Шторки автомобильные,Шторки автомобильные,"138,010,102","1,575",2650.0%,81.7%,68.0%,1456
Автотовары / Плоскогубцы,Плоскогубцы,"137,942,464",967,3150.0%,86.1%,59.3%,954
Спорт / Эспандеры,Эспандеры,"137,771,414",842,2750.0%,87.3%,61.5%,1960
Спорт / Моторы для лодок,Моторы для лодок,"137,632,592","2,646",2750.0%,91.6%,69.5%,154
Дом / Подушки на стул,Подушки на стул,"137,513,344","1,138",2950.0%,83.6%,62.7%,1046
Светильники переносные,Светильники переносные,"137,241,095","1,324",2850.0%,93.0%,65.3%,512
Сад и дача / Скамейки садовые,Скамейки садовые,"136,733,317","3,892",2650.0%,87.5%,71.1%,483
Дом / Миски,Миски,"136,654,388","1,053",2950.0%,78.4%,62.4%,1724
Дом / Полотенца кухонные,Полотенца кухонные,"136,192,045",505,2950.0%,88.3%,53.1%,1688
Аксессуары для компрессоров,Аксессуары для компрессоров,"136,109,139","1,056",3150.0%,90.3%,60.8%,493
Женщинам / Болеро,Болеро,"136,035,473","1,647",3450.0%,39.6%,55.0%,262
Спорт / Ободки,Ободки,"135,543,445",525,3450.0%,72.5%,45.6%,2467
Красота / Эфирные масла,Эфирные масла,"135,507,294",569,3250.0%,92.7%,53.3%,1509
Дом / Споты и трек-системы,Споты и трек-системы,"135,363,879","1,984",2950.0%,82.8%,66.1%,580
Сад и дача / Средства от сорняков,Средства от сорняков,"135,237,368",698,2950.0%,91.8%,59.7%,871
Составные части стойки амортизатора,Составные части стойки амортизатора,"134,990,059","1,838",2650.0%,79.3%,68.8%,186
Электроника / Неттопы и Мини ПК,Неттопы и Мини ПК,"134,840,628","36,592",1950.0%,94.2%,80.2%,157
Дом / Гастроемкости,Гастроемкости,"134,468,712","1,484",2950.0%,86.3%,64.4%,486
Сад и дача / Тачки садовые,Тачки садовые,"134,289,736","5,050",2950.0%,74.9%,68.8%,117
Женщинам / Полупальто,Полупальто,"134,213,313","4,616",3450.0%,17.9%,55.2%,496
Электроника / Медиаплееры,Медиаплееры,"133,949,325","2,171",2150.0%,86.3%,75.9%,868
Дом / Формочки кулинарные,Формочки кулинарные,"133,687,748",676,2950.0%,83.5%,55.8%,2325
Дом / Кисти художественные,Кисти художественные,"133,581,171",570,2450.0%,90.3%,60.0%,1144
Рамки для розеток и выключателей,Рамки для розеток и выключателей,"133,525,051",814,2850.0%,88.2%,60.3%,517
Женщинам / Блузки-боди,Блузки-боди,"133,273,242",920,3450.0%,26.1%,37.8%,634
Красота / Декор для маникюра,Декор для маникюра,"133,200,884",317,2750.0%,90.1%,40.8%,1618
Фрезы для маникюра и педикюра,Фрезы для маникюра и педикюра,"133,132,496",498,2550.0%,92.1%,56.7%,812
Массажеры косметические,Массажеры косметические,"132,781,824",820,2750.0%,86.5%,60.7%,2129
Мебель / Столешницы для кухни,Столешницы для кухни,"132,461,123","3,660",2650.0%,78.6%,70.9%,177
Автотовары / Валы карданные,Валы коленчатые,"132,408,446","6,156",2650.0%,68.2%,72.0%,222
Спорт / Экшн-камеры,Экшн-камеры,"132,186,505","1,596",2450.0%,83.8%,72.0%,716
Обувь / Стельки,Стельки,"132,019,571",680,3450.0%,86.7%,49.5%,2092
Кожухи автомобильные,Кожухи автомобильные,"131,947,747","1,437",2650.0%,77.7%,66.2%,367
Отпугиватели и ловушки садовые,Отпугиватели и ловушки садовые,"131,903,178",998,2950.0%,92.0%,61.8%,1246
Здоровье / Кресла массажные,Кресла массажные,"131,856,925","17,842",3150.0%,100.0%,67.7%,104
Электроника / 3D-принтеры,3D-принтеры,"131,828,940","2,221",2450.0%,91.6%,70.5%,221
Спорт / Жилеты спасательные,Жилеты спасательные,"131,541,118","1,559",2750.0%,68.0%,62.9%,626
Аксессуары / Бусы,Бусы,"131,358,202",835,2850.0%,66.8%,58.4%,1584
Автотовары / Тяги,Тяги соединительные,"131,333,540","1,384",2650.0%,85.7%,66.1%,77
Антенны телевизионные,Антенны телевизионные,"131,056,959",761,2450.0%,87.4%,63.5%,457
Красота / Мочалки,Мочалки,"131,003,239",540,3200.0%,93.4%,51.5%,2506
Автотовары / Ключи шестигранные,Ключи шестигранные,"130,827,703",771,3150.0%,94.6%,59.3%,1011
Автотовары / Шины,Пневмошлифмашины,"130,674,921","3,468",3100.0%,89.7%,66.7%,272
Дом / Веревки бельевые,Веревки бельевые,"130,648,928",783,2950.0%,89.6%,57.0%,616
Мужчинам / Толстовки спортивные,Толстовки спортивные,"130,342,524","2,415",3450.0%,44.5%,57.4%,366
Пленки для парников и теплиц,Пленки для парников и теплиц,"130,334,451","1,533",2950.0%,91.0%,65.3%,478
Аксессуары / Краб,Крабы,"130,200,292",386,3450.0%,87.3%,41.7%,2348
Аккумуляторы для мотоциклов,Аккумуляторы для мотоциклов,"129,514,848","3,297",1850.0%,84.5%,78.7%,190
Для ремонта / Саморезы по дереву,Саморезы по дереву,"129,497,215",791,2850.0%,94.9%,60.4%,735
Футболки для малышей,Футболки для малышей,"129,153,231",781,3450.0%,66.6%,51.8%,675
Емкости для масел и горючего,Емкости для масел и горючего,"128,994,847","1,879",2150.0%,89.0%,73.8%,614
Для ремонта / Реле времени,Реле времени,"128,508,582",854,2950.0%,87.0%,61.0%,174
Канцтовары / Канцелярские наборы,Канцелярские наборы,"128,406,628",713,2950.0%,86.9%,57.8%,1932
Краски для бровей и ресниц,Краски для бровей и ресниц,"128,270,194",552,3250.0%,89.8%,50.5%,776
Бутылочки для кормления,Бутылочки для кормления,"128,232,672",716,2650.0%,86.2%,61.1%,1119
Спальники туристические,Спальники туристические,"128,227,316","3,200",2750.0%,79.2%,69.6%,660
Пирсинг,Пирсинг,"128,188,697",389,2850.0%,76.8%,49.3%,516
Мужчинам / Гидрокостюмы,Гидрокостюмы,"127,840,386","2,556",3450.0%,76.0%,56.8%,147
Охлаждение корпуса и компонентов,Охлаждение корпуса и компонентов,"127,635,476","1,125",2450.0%,85.2%,66.7%,546
Аксессуары / Рюкзаки,Рюкзаки-переноски,"127,447,322","1,786",2650.0%,58.4%,66.7%,731
Запчасти для электрических щитков,Запчасти для электрических щитков,"127,291,227",797,2850.0%,92.3%,60.0%,250
Красота / Косметические активы,Косметические активы,"127,261,442","1,444",3150.0%,91.9%,61.2%,454
Корсеты ортопедические,Корсеты ортопедические,"127,146,547","2,545",3150.0%,56.5%,63.3%,136
Электроника / Шредер,Шредеры,"127,102,003","11,310",2450.0%,87.0%,74.7%,138
Сад и дача / Двери входные,Двери входные,"126,924,955","34,413",2850.0%,100.0%,71.3%,24
Дом / Диспенсеры кухонные,Диспенсеры кухонные,"126,467,656",858,2950.0%,83.9%,60.5%,1526
Электроника / Коврики для мыши,Коврики для мыши,"126,457,920",617,2450.0%,87.3%,58.8%,1525
Спорт / Чешки,Чешки,"126,345,628",583,3450.0%,44.8%,35.2%,377
Книги / Иностранные книги,Иностранные книги,"126,324,739","1,220",2950.0%,93.8%,63.7%,352
Для ремонта / Плинтусы для пола,Плинтусы для пола,"125,842,383",996,2850.0%,82.3%,60.8%,180
Дом / Наборы для рисования,Наборы для рисования,"125,833,300",874,2950.0%,86.8%,60.2%,1520
Автотовары / Форсунки,Форсунки омывателя,"125,723,429","1,146",2650.0%,84.6%,65.7%,537
Автотовары / Щетки автомобильные,Щетки автомобильные,"125,526,110",847,2650.0%,88.8%,63.8%,1516
Сад и дача / Двери межкомнатные,Двери межкомнатные,"125,484,530","6,148",2850.0%,95.4%,70.1%,113
Спорт / Колеса,Колеса промышленные,"125,445,291","1,285",2350.0%,85.8%,69.6%,249
Автотовары / Автосканеры,Автосканеры,"125,403,480","1,374",2650.0%,85.1%,67.0%,616
Красота / Основы под гель-лаки,Основы под гель-лаки,"124,981,407",453,3250.0%,92.1%,47.5%,728
Дом / Подарочные боксы,Подарочные боксы,"124,749,426",916,3250.0%,85.4%,57.2%,1592
Блоки автоматики для насосов,Блоки автоматики для насосов,"124,620,243","2,290",2950.0%,100.0%,66.5%,228
Бытовая техника / Льдогенераторы,Льдогенераторы,"124,572,615","8,024",2450.0%,88.7%,71.3%,210
Красота / Ткани мебельные,Ткани мебельные,"124,429,559","1,801",2150.0%,81.1%,73.0%,306
Мужчинам / Наклейки на авто,Наклейки на авто,"124,298,106",498,2650.0%,84.2%,56.7%,2063
Автотовары / Хомуты автомобильные,Хомуты автомобильные,"124,256,248",495,2650.0%,88.9%,56.0%,582
Аксессуары для музыкальных инструментов,Аксессуары для музыкальных инструментов,"124,239,863",846,2850.0%,89.8%,61.1%,794
Дом / Шпатели кондитерские,Шпатели строительные,"124,057,881",604,3150.0%,88.9%,53.6%,1008
Электроника / Электронные книги,Электронные книги,"123,128,998","6,594",2750.0%,83.7%,72.0%,204
Дом / Открытки,Открытки,"122,719,198",330,3250.0%,88.5%,34.9%,2483
Мебель / Этажерки,Этажерки,"122,711,320","2,150",2650.0%,84.2%,69.0%,950
Дом / Бутылки,Бутылки,"122,661,429",917,2900.0%,85.4%,61.8%,1188
Продукты / Тан,Гибочные станки,"122,275,715","3,147",3150.0%,84.7%,65.9%,221
Детям / Принтеры портативные,Принтеры портативные,"122,222,543","2,081",2450.0%,82.8%,71.0%,587
Выключатели автомобильные,Выключатели автомобильные,"121,437,602",906,2650.0%,85.1%,63.7%,716
Дом / Точилки для ножей,Точилки для ножей,"121,135,719",735,2950.0%,93.8%,59.9%,1643
Комплекты нательные для малышей,Комплекты нательные для малышей,"121,092,950",956,3450.0%,74.8%,52.7%,654
Сад и дача / Шампуры,Шампуры,"120,686,566",868,2850.0%,85.5%,61.0%,808
Сад и дача / Тенты универсальные,Тенты универсальные,"120,618,915","3,489",2850.0%,87.8%,69.7%,651
Дом / Треугольники музыкальные,Угольники столярные,"120,291,776",967,3150.0%,93.1%,59.8%,603
Прокладки урологические,Прокладки урологические,"119,978,687","1,118",3150.0%,96.2%,60.7%,332
Спорт / Креатины,Креатины,"119,896,314","1,649",2550.0%,87.6%,69.4%,368
Для ремонта / Резцы,Резцы,"119,568,882","1,098",3150.0%,87.2%,60.6%,517
Продукты / Сахарозаменители,Сахарозаменители,"119,486,694",712,2050.0%,96.2%,66.6%,508
Аксессуары / Оправа,Оправа,"119,274,810","1,650",3450.0%,26.2%,50.8%,235
Красота / Основы под макияж,Основы под макияж,"119,125,495",611,3250.0%,89.2%,52.8%,1540
Аксессуары / Столовое серебро,Столовое серебро,"118,888,548","14,284",3300.0%,60.5%,66.1%,79
Автотовары / Цепи ГРМ,Цепи для пил,"118,886,976",951,3150.0%,93.6%,59.9%,766
Для ремонта / Гидроаккумуляторы,Гидроаккумуляторы,"118,532,761","5,044",2750.0%,71.4%,70.8%,219
Фильтры для пылесосов,Фильтры для пылесосов,"118,160,841",917,2550.0%,89.6%,65.3%,879
Сад и дача / Фонтаны,Фонтаны,"117,794,869","2,500",2950.0%,86.2%,67.5%,667
Дом / Графины,Графины,"117,614,970","1,474",2950.0%,78.6%,64.0%,1013
Сад и дача / Огнетушители,Огнетушители,"116,987,500","1,192",2850.0%,86.6%,66.4%,231
Канцтовары / Конверты бумажные,Конверты бумажные,"116,692,659",778,2950.0%,86.4%,59.0%,552
Мужчинам / Гольфы,Гольфы,"116,560,003",479,3450.0%,78.3%,45.1%,983
Дом / Аксессуары для штор,Аксессуары для штор,"116,522,548",682,2450.0%,87.4%,62.7%,1679
Для ремонта / Краски для мебели,Краски для мебели,"116,468,347","1,022",2850.0%,86.1%,61.4%,194
Спорт / Металлоискатели,Металлоискатели,"116,360,684","2,885",2750.0%,83.3%,69.2%,232
Красота / Кресла-качалки,Кресла-качалки,"116,333,091","11,118",2150.0%,85.6%,77.7%,159
Комплекты клавиатур и мышей,Комплекты клавиатур и мышей,"116,184,087","2,027",2450.0%,80.7%,71.1%,606
Продукты / Консервы мясные,Консервы мясные,"115,952,274","1,094",2150.0%,96.2%,71.3%,300
Мужчинам / Чехлы для наушников,Чехлы для наушников,"115,721,270",531,2950.0%,75.7%,54.2%,941
Аварийное оборудование,Аварийное оборудование,"115,650,621","1,208",2650.0%,79.2%,65.8%,326
Детям / Головоломки,Головоломки,"115,616,374","1,030",2850.0%,91.1%,64.5%,1930
Автотовары / Стяжные ремни,Стяжные ремни,"115,518,093","1,034",2650.0%,88.0%,66.0%,699
Красота / Валики для ресниц,Валики малярные,"115,509,919",738,3150.0%,86.7%,56.6%,681
Сад и дача / Замки навесные,Замки навесные,"115,285,742",646,2850.0%,84.6%,58.2%,1104
Детям / Пеленки,Пеленки для животных,"115,175,866",967,2150.0%,96.8%,69.9%,639
Зоотовары / Фильтр для поилки,Поилки для животных,"115,100,277","1,022",2150.0%,85.5%,70.3%,1606
Дом / Эмалированные,Эмали для автомобиля,"114,904,460",619,2650.0%,76.8%,60.1%,234
Для ремонта / Емкости строительные,Емкости строительные,"114,828,287","1,340",3150.0%,88.4%,61.6%,213
Для ремонта / Дымоходы,Дымоходы,"114,293,315","1,609",2750.0%,84.0%,66.6%,277
Для ремонта / Пленки изоляционные,Пленки изоляционные,"114,241,092",922,2550.0%,85.0%,65.9%,259
Бытовая техника / Весы,Весы,"113,805,151","1,240",2550.0%,88.8%,67.4%,1374
Здоровье / Трикотажные изделия,Трикотажные изделия,"113,762,539","1,005",2750.0%,69.3%,60.0%,419
Средства профилактики,Средства профилактики,"113,735,083",898,2450.0%,91.8%,65.8%,1013
Перчатки хозяйственные,Перчатки хозяйственные,"113,720,619",672,2950.0%,94.3%,59.8%,1103
Лампы для сушки ногтей,Лампы для сушки ногтей,"113,709,345","1,327",2550.0%,88.2%,67.9%,1100
Запчасти для лодок и катеров,Запчасти для лодок и катеров,"113,676,948","1,750",2650.0%,90.3%,69.2%,369
Мужчинам / Лонгсливы спортивные,Лонгсливы спортивные,"113,661,973","2,162",3450.0%,40.3%,56.9%,329
Мебель / Кровати,Кровати медицинские,"113,394,311","64,700",2550.0%,100.0%,74.4%,9
Системы жидкостного охлаждения и компоненты,Системы жидкостного охлаждения и компоненты,"113,372,669","1,397",2450.0%,100.0%,67.6%,288
Фитинги канализационные,Фитинги канализационные,"113,062,843",606,2250.0%,75.4%,63.7%,280
Детям / Видеокамеры цифровые,Видеокамеры цифровые,"113,037,177","3,582",2450.0%,69.0%,72.3%,487
Другие хозяйственные принадлежности,Другие хозяйственные принадлежности,"112,917,680",745,2950.0%,89.5%,62.0%,1033
Аксессуары / Декор для творчества,Декор для творчества,"112,849,912",510,2950.0%,82.0%,50.9%,1737
Прокладки выпускного коллектора,Прокладки выпускного коллектора,"112,649,816",817,2650.0%,82.7%,62.5%,248
Принтеры для печати этикеток,Принтеры для печати этикеток,"112,581,451","2,954",2450.0%,82.5%,72.6%,401
Спорт / Ласты,Пластыри,"112,451,935",486,3200.0%,93.7%,51.1%,395
Спорт / Флаги,Флаги,"112,450,100",759,3250.0%,82.4%,55.4%,972
Консервированные готовые блюда,Консервированные готовые блюда,"111,794,129",836,2150.0%,89.8%,68.7%,233
Красота / Пилки для ногтей,Пилки для ногтей,"111,713,881",459,3250.0%,95.3%,48.7%,1414
Полотна для сабельных пил,Полотна для сабельных пил,"111,640,452",967,3150.0%,96.0%,58.9%,531
Автотовары / Мотозащита,Мотозащита,"111,559,424","2,290",2650.0%,55.8%,68.0%,279
Сад и дача / Тандыр,Тандыры,"111,456,979","1,530",2850.0%,100.0%,66.5%,40
Рессоры автомобильные,Рессоры автомобильные,"111,392,424","1,297",2650.0%,76.7%,67.3%,239
Дом / Пятновыводители,Пятновыводители,"111,371,635",695,2950.0%,96.0%,58.7%,1544
Спорт / Фонари велосипедные,Фонари велосипедные,"111,317,462",737,2750.0%,89.4%,63.0%,1044
Дом / Матрасы-топперы,Матрасы-топперы,"111,112,177","14,372",2650.0%,84.9%,72.9%,290
Красота / CC-кремы,CC-кремы,"111,034,915","1,777",3250.0%,88.4%,63.0%,559
Электроника / Web-камеры,Web-камеры,"110,928,557","2,476",2450.0%,82.3%,71.4%,457
Дом / Медали подарочные,Медали подарочные,"110,926,797",577,3250.0%,82.7%,51.4%,946
Мебель / Системы,Системы умный дом,"110,857,700","1,177",2450.0%,84.7%,68.2%,723
Мужчинам / Каски защитные,Каски защитные,"110,708,166","1,881",2850.0%,76.6%,65.7%,350
Спорт / Юбки спортивные,Юбки спортивные,"110,663,660","1,455",3450.0%,32.6%,48.7%,329
Игрушки / Погремушки,Погремушки,"110,494,760",706,2850.0%,89.9%,59.2%,1394
Игрушки / Пушкары,Пушкары,"110,336,812","3,590",2850.0%,75.4%,69.0%,127
Сад и дача / Обереги,Обереги,"110,286,644",653,2950.0%,85.2%,55.3%,1653
Домики для животных,Домики для животных,"110,171,578","1,569",2150.0%,82.0%,73.3%,1166
Дом / Наборы ниток,Наборы ниток,"109,511,411",522,2950.0%,90.0%,52.9%,941
Женщинам / Респиратор,Респираторы,"109,465,165",910,2850.0%,83.6%,62.2%,468
Автотовары / Салфетки для авто,Салфетки для авто,"109,417,552",585,2650.0%,92.7%,58.7%,1730
Дом / Сувениры религиозные,Сувениры религиозные,"108,816,818",856,2950.0%,87.3%,58.0%,935
Дом / Менажницы,Менажницы,"108,460,300","1,170",2950.0%,83.3%,61.9%,1632
Дом / Наборы для праздника,Наборы для праздника,"108,415,233",714,3250.0%,78.2%,52.9%,2014
Мебель / Ножки мебельные,Ножки мебельные,"108,285,697",822,2650.0%,82.4%,62.7%,982
Приборы ночного видения,Приборы ночного видения,"108,167,074","4,773",2750.0%,76.7%,70.2%,230
Маски тканевые косметические,Маски тканевые косметические,"107,795,230",704,3250.0%,94.1%,53.9%,2033
Для ремонта / Пены монтажные,Пены монтажные,"107,652,398","1,184",2850.0%,93.0%,63.9%,429
Дом / Свечи для торта,Свечи для торта,"107,618,163",369,2750.0%,85.1%,47.3%,1219
Сад и дача / Пилы садовые ручные,Пилы садовые ручные,"107,559,922",966,2800.0%,88.4%,62.6%,514
Аксессуары / Браслеты для часов,Браслеты для часов,"107,253,892",568,3450.0%,79.1%,48.1%,830
Игрушечные музыкальные инструменты,Игрушечные музыкальные инструменты,"107,146,685","1,512",2850.0%,84.4%,66.5%,1304
Аксессуары для животных,Аксессуары для животных,"107,138,075",750,2150.0%,79.6%,68.0%,964
Акции / Реноватор,Реноваторы,"106,841,450","2,995",3050.0%,90.3%,66.1%,401
Гигиенические освежители для унитаза,Гигиенические освежители для унитаза,"106,757,942",524,2950.0%,97.1%,54.3%,851
Продукты / Консервы рыбные,Консервы рыбные,"106,657,023",905,2150.0%,94.6%,69.1%,245
Автомобильные зарядные устройства,Автомобильные зарядные устройства,"106,574,497",990,2650.0%,89.2%,65.2%,1519
Спорт / Коврики спортивные,Коврики спортивные,"106,244,474","2,037",2750.0%,82.6%,68.0%,832
Электроника / Скобы крепежные,Скобы крепежные,"106,243,376",856,2850.0%,88.6%,60.5%,508
Наборы кухонных принадлежностей,Наборы кухонных принадлежностей,"106,170,341",996,2950.0%,81.0%,60.4%,1653
Инструменты для портативной техники,Инструменты для портативной техники,"106,134,566","1,034",2750.0%,89.4%,63.9%,328
Красота / Накладные ногти,Накладные ногти,"106,026,512",482,3250.0%,90.1%,50.7%,1059
Продукты / Зефир,Зефир,"105,642,423",797,2150.0%,93.9%,68.3%,392
Для ремонта / Розетки силовые,Розетки силовые,"105,621,440",933,2850.0%,91.0%,63.2%,299
Электроника / Объективы,Объективы,"105,312,312","2,126",2150.0%,75.5%,73.8%,157
Дом / Мыло хозяйственное,Мыло хозяйственное,"105,138,847",543,2950.0%,96.5%,54.6%,1267
Мебель / Обеденные группы,Обеденные группы,"105,127,816","14,046",2650.0%,100.0%,73.2%,71
Дом / Доски гладильные,Доски гладильные,"104,710,956","2,992",2950.0%,79.6%,67.3%,286
Дом / Кувшины,Кувшины,"104,678,820","1,621",2650.0%,79.0%,67.9%,1148
Продукты / Жевательные резинки,Жевательные резинки,"104,635,489",629,2150.0%,94.9%,64.6%,586
Коннекторы и штуцеры садовые,Коннекторы и штуцеры садовые,"104,508,768",542,2950.0%,91.7%,54.6%,1373
Электроника / Фотобумага,Фотобумага,"104,243,031","1,116",2450.0%,88.5%,68.2%,495
Спорт / Гейнеры,Гейнеры,"104,128,762","2,758",2550.0%,85.7%,71.2%,230
Здоровье / Тонометр,Тонометры,"103,735,161","1,059",2550.0%,85.9%,65.8%,286
Бачки стеклоочистителя,Бачки стеклоочистителя,"103,318,608","1,887",2650.0%,78.5%,68.2%,347
Детям / Беговел,Беговел,"103,276,706","3,947",2750.0%,64.1%,69.8%,278
Игрушки / Каталки,Каталки,"102,772,284","1,734",2850.0%,86.5%,66.5%,681
Красота / Маникюрные наборы,Маникюрные наборы,"102,705,406",697,3250.0%,89.0%,55.3%,1675
Детям / Коляски,Коляски для кукол,"102,691,951","2,834",2850.0%,76.6%,67.7%,387
Стельки ортопедические,Стельки ортопедические,"102,191,428","1,168",2550.0%,71.6%,64.4%,96
Автотовары / Диски,Диски для УШМ,"101,948,281",697,3150.0%,94.7%,56.5%,961
Красота / Воск для депиляции,Воск для депиляции,"101,932,123",656,3250.0%,93.3%,54.2%,801
Измельчители пищевых отходов,Измельчители пищевых отходов,"101,813,596","10,694",2450.0%,70.0%,74.4%,165
Для ремонта / Подводка для воды,Подводка для воды,"101,401,810",664,2750.0%,87.2%,59.5%,502
Дом / Бумага подарочная,Бумага подарочная,"101,165,260",627,3250.0%,86.3%,52.1%,1134
Продукты / Пряники,Пряники,"100,894,437",594,2150.0%,87.3%,61.6%,443
Дом / Ключницы настенные,Ключницы настенные,"100,853,484",879,2650.0%,83.2%,64.2%,1202
Аксессуары для бижутерии,Аксессуары для бижутерии,"100,379,139",375,2850.0%,88.5%,53.7%,1418
Спорт / Наушники,Наушники игровые,"100,370,927","3,406",2450.0%,77.4%,72.1%,463
Для ремонта / Электросчетчики,Электросчетчики,"100,058,849","1,178",3150.0%,92.3%,62.0%,253
Инвалидные коляски механические,Инвалидные коляски механические,"99,889,043","20,789",3250.0%,79.3%,67.0%,78
Для ремонта / Редукторы давления,Редукторы давления,"99,854,460","1,890",2750.0%,86.9%,67.8%,392
Бумага и стикеры для заметок,Бумага и стикеры для заметок,"99,808,545",485,2450.0%,89.8%,56.2%,875
Женщинам / Пеньюары,Пеньюары,"99,797,016","1,443",3450.0%,40.0%,54.4%,388
Кормушки для животных,Кормушки для животных,"99,209,450",908,2150.0%,86.8%,70.5%,1543
Аксессуары для геймпадов,Аксессуары для геймпадов,"99,069,141",752,2150.0%,85.0%,66.2%,709
Бытовая техника / Мини-холодильники,Мини-холодильники,"99,060,305","4,544",1950.0%,52.3%,77.1%,153
Электроника / Защитная пленка,Защитная пленка,"98,991,469",324,2950.0%,90.4%,40.6%,750
Спорт / Блесны рыболовные,Блесны рыболовные,"98,804,322",482,2750.0%,91.0%,54.4%,871
Красота / Пылесосы маникюрные,Пылесосы маникюрные,"98,751,166","2,914",2550.0%,86.6%,70.8%,373
Комбинезоны для животных,Комбинезоны для животных,"98,604,028","1,354",2150.0%,42.8%,65.6%,875
Мужчинам / Кимоно спортивное,Кимоно спортивное,"98,522,240","3,167",3450.0%,41.2%,59.8%,261
Красота / Эмульсии,Эмульсии,"98,256,100","1,432",2900.0%,92.0%,63.3%,935
Трубы для электропроводки,Трубы для электропроводки,"98,193,063","1,762",2850.0%,89.8%,66.4%,185
Продукты / Мука,Мука,"98,181,358",648,2150.0%,93.8%,64.9%,637
Соковыжималки электрические,Соковыжималки электрические,"98,149,352","2,659",2450.0%,86.2%,72.4%,654
Красота / Наборы,Наборы для песочницы,"98,090,867",761,2850.0%,86.0%,60.4%,802
Красота / Соль для ванн,Соль для ванн,"97,982,306",714,2950.0%,93.0%,57.3%,1379
Дом / Подарочные коробки,Коробки монтажные,"97,938,692",688,2850.0%,89.6%,59.0%,244
Автотовары / Статоры генератора,Статоры генератора,"97,801,324","3,308",2650.0%,70.8%,70.5%,103
Накладки защитные автомобильные,Накладки защитные автомобильные,"97,460,245","1,181",2650.0%,83.0%,65.9%,1163
Оружие для страйкбола,Оружие для страйкбола,"97,291,114","1,873",2750.0%,85.0%,67.3%,278
Аксессуары / Шиньоны,Шиньоны,"97,252,930",713,3450.0%,39.2%,42.6%,609
Покрышки велосипедные,Покрышки велосипедные,"97,250,017","1,424",2500.0%,86.0%,68.7%,486
Брюки для малышей,Брюки для малышей,"97,186,437",728,3450.0%,59.9%,46.4%,724
Аксессуары / Повязки на голову,Повязки на голову,"97,178,186",440,3450.0%,70.7%,35.8%,1280
Системы привода сцепления,Системы привода сцепления,"97,023,629","2,942",2650.0%,76.9%,70.1%,178
Красота / Банкетки,Банкетки,"96,982,131","6,844",2150.0%,66.2%,77.1%,223
Решетки вентиляционные,Решетки вентиляционные,"96,981,266",855,2750.0%,82.0%,62.0%,568
Дом / Подставки кухонные,Подставки кухонные,"96,735,662","1,319",2950.0%,83.0%,64.1%,1907
Для ремонта / Шпатлевки,Шпатлевки,"96,590,247",783,2600.0%,88.4%,62.1%,377
Спорт / Борцовки,Борцовки,"96,497,088","2,680",3450.0%,35.2%,56.7%,226
Детям / Стулья детские,Стулья детские,"95,886,757","2,904",2650.0%,86.7%,70.3%,412
Электроника / Фланцы мебельные,Фланцы автомобильные,"95,762,329",880,2650.0%,87.0%,64.0%,298
Полукомбинезоны рабочие,Полукомбинезоны рабочие,"95,638,599","3,463",3450.0%,57.8%,61.5%,166
Автотовары / Пленки тонировочные,Пленки тонировочные,"95,220,198","1,582",2650.0%,82.7%,67.4%,653
Спорт / Смеси для напитков,Смеси для напитков,"95,182,239","2,129",2450.0%,91.4%,71.4%,292
Флаконы косметические,Флаконы косметические,"95,042,363",569,3250.0%,89.2%,50.8%,1561
Электроника / Кольцевые лампы,Кольцевые лампы,"94,420,223","1,935",2850.0%,81.1%,66.5%,829
Автотовары / Корпуса термостата,Корпуса термостата,"94,383,235","2,579",2650.0%,71.4%,69.6%,236
Пакеты полиэтиленовые,Пакеты полиэтиленовые,"94,333,663",808,2150.0%,96.4%,67.8%,865
Канцтовары / Калькуляторы,Калькуляторы,"94,305,442",870,2950.0%,82.7%,59.4%,1030
Спорт / Элементы питания,Элементы облицовки,"94,021,109","1,479",2650.0%,76.8%,66.9%,365
Детям / Пустышки,Пустышки,"93,881,562",558,2650.0%,87.9%,57.3%,778
Спортивные игровые наборы,Спортивные игровые наборы,"93,788,126","1,338",2850.0%,85.2%,64.7%,1070
Автотовары / Масла специальные,Масла специальные,"93,729,663","1,265",2650.0%,93.2%,65.7%,172
Дом / Молды,Молды,"93,523,545",502,2900.0%,82.3%,51.6%,1105
Спорт / Воблеры,Воблеры,"93,478,709",685,2750.0%,90.8%,60.0%,724
Канцтовары / Пломбы,Пломбы,"93,465,741","1,456",2950.0%,72.9%,62.8%,176
Бытовая техника / Паровые швабры,Паровые швабры,"93,202,586","4,337",2550.0%,83.6%,72.3%,542
Аксессуары для квадрокоптеров,Аксессуары для квадрокоптеров,"93,139,454","1,212",2750.0%,86.3%,65.9%,335
Другое торговое оборудование,Другое торговое оборудование,"93,110,710","1,331",2650.0%,86.3%,67.0%,541
Заготовки для поделок,Заготовки для поделок,"92,953,954",455,2950.0%,84.1%,50.5%,2218
Красота / Шампуни сухие,Шампуни сухие,"92,829,097",596,3250.0%,95.7%,52.3%,761
Комплектующие для лазерных уровней и нивелиров,Комплектующие для лазерных уровней и нивелиров,"92,807,846",957,3150.0%,85.2%,59.5%,413
Тенты для квадроциклов,Тенты для квадроциклов,"92,693,276","3,110",2650.0%,89.6%,70.8%,96
Спорт / Крылья велосипедные,Крылья автомобильные,"92,685,757","2,694",2650.0%,72.6%,70.1%,210
Спорт / Леска рыболовная,Леска рыболовная,"92,619,391",619,2750.0%,91.3%,57.4%,777
Дом / Подарочные коробки,Коробки картонные,"92,465,700","1,685",2650.0%,87.0%,68.2%,791
Красота / Накладные ресницы,Накладные ресницы,"91,951,679",526,3250.0%,88.1%,53.6%,1358
Книги / Книги-комиксы,Книги-комиксы,"91,892,710",894,2950.0%,91.5%,60.3%,473
Красота / Пигменты,Пигменты,"91,817,530","1,235",3250.0%,83.3%,60.3%,344
Аэраторы и скарификаторы газонные,Аэраторы и скарификаторы газонные,"91,744,116","1,259",2850.0%,81.4%,64.2%,308
Лапша быстрого приготовления,Лапша быстрого приготовления,"91,631,017",652,2150.0%,92.3%,65.3%,423
Дом / Губки для посуды,Губки для посуды,"91,602,792",538,2950.0%,95.3%,55.1%,1612
Продукты / Какао,Какао,"91,568,103",772,2150.0%,95.4%,67.4%,624
Для ремонта / Шланги для душа,Шланги для душа,"91,456,272",901,2750.0%,87.8%,62.5%,872
Мужчинам / Галстуки,Галстуки,"91,364,534",665,3450.0%,66.7%,51.9%,660
Дом / Тортовницы,Тортовницы,"91,320,719","1,766",2950.0%,70.7%,64.9%,887
Дом / Крышки,Крышки,"91,201,796",697,2950.0%,81.0%,56.8%,1400
Для ремонта / Штукатурка,Штукатурка,"91,198,813","2,031",2800.0%,81.4%,67.4%,201
Садовые дорожки и плитки,Садовые дорожки и плитки,"91,118,618","1,992",2950.0%,89.0%,66.2%,516
Бумага художественная,Бумага художественная,"91,072,150",869,2950.0%,87.5%,60.9%,724
Дом / Насадки на кран,Насадки для УШМ,"90,960,487",925,3150.0%,89.5%,59.3%,1195
Экстракты пищевые растительные,Экстракты пищевые растительные,"90,928,672",908,2150.0%,92.9%,69.7%,960
Мужчинам / Рубашки рабочие,Рубашки рабочие,"90,545,904","2,092",3450.0%,47.6%,57.3%,140
Подвески пневматические,Подвески пневматические,"90,528,947","7,190",2650.0%,75.8%,72.4%,109
Аксессуары / Папки-сумки,Папки-сумки,"90,499,594",948,2950.0%,73.2%,60.1%,855
Красота / BB-кремы,BB-кремы,"90,463,778",644,3250.0%,91.7%,53.7%,1341
Спорт / Велотренажеры,Велотренажеры,"90,276,682","6,512",2750.0%,84.8%,71.2%,208
Дом / Сахарницы,Сахарницы,"89,839,850",999,2950.0%,84.2%,61.1%,1519
Регуляторы напряжения,Регуляторы напряжения,"89,790,509","1,548",2650.0%,84.2%,67.3%,425
Канцтовары / Грамоты и дипломы,Грамоты и дипломы,"89,750,403",497,2950.0%,84.1%,52.5%,662
Кушетки косметологические,Кушетки косметологические,"89,582,475","10,451",2650.0%,100.0%,72.7%,41
Для ремонта / Профили монтажные,Профили монтажные,"89,264,377","1,095",2850.0%,93.1%,64.0%,125
Дом / Бисер,Бисер,"89,194,377",472,2950.0%,86.8%,51.2%,985
Валы рулевого управления,Валы рулевого управления,"89,150,450","3,904",2650.0%,66.9%,71.0%,294
Наборы мебели для детей,Наборы мебели для детей,"89,099,123","3,441",2650.0%,88.3%,70.9%,277
Дом / Фотофоны,Фотофоны,"89,096,267","1,100",2950.0%,77.2%,62.5%,905
Электроника / Ламинатор,Ламинаторы,"89,056,711","4,792",2450.0%,88.5%,73.6%,193
Автотовары / Усилители тормоза,Усилители тормоза,"89,012,558","1,098",2650.0%,50.0%,63.7%,121
Для ремонта / Сетки строительные,Сетки строительные,"88,730,885","2,393",2850.0%,81.8%,67.4%,307
Бытовая техника / Кухонные комбайны,Кухонные комбайны,"88,728,225","5,004",2450.0%,86.7%,73.7%,365
Автотовары / Тросы КПП,Тросы КПП,"88,657,789","3,572",2650.0%,81.5%,70.4%,246
Дом / Коробки для десертов,Коробки для десертов,"88,549,173",491,2950.0%,84.0%,50.4%,676
Электроника / Разветвители,Разветвители,"88,394,136",893,1950.0%,88.6%,71.8%,987
Для ремонта / Шайбы крепежные,Шайбы крепежные,"88,343,188",468,2850.0%,88.0%,55.5%,547
Мужчинам / Чулки,Чулки,"88,318,690",583,3450.0%,79.0%,50.1%,567
Измельчители электрические,Измельчители электрические,"88,310,919","2,054",2450.0%,86.8%,70.5%,1018
Канцтовары / Дыроколы,Дыроколы,"88,156,855",976,2950.0%,90.2%,62.1%,578
Сад и дача / Грабли,Грабли,"88,118,553",829,2950.0%,87.8%,59.6%,963
Спорт / Перчатки боксерские,Перчатки боксерские,"88,061,876","1,457",2950.0%,63.4%,61.9%,556
Для ремонта / Верстак,Верстаки,"88,036,473","5,066",3050.0%,89.9%,67.6%,256
Дом / Воски ароматические,Воски ароматические,"88,028,537","1,097",2950.0%,100.0%,63.4%,235
Детям / Игровые палатки,Игровые палатки,"87,883,259","2,322",2850.0%,85.0%,67.9%,580
Спортивные комплексы для детей,Спортивные комплексы для детей,"87,825,696","3,785",2850.0%,80.3%,68.9%,196
Детям / Коврики детские,Коврики детские,"87,586,963","1,430",2650.0%,82.8%,67.3%,715
Мебель / Раскладушки,Раскладушки,"87,522,161","3,892",2650.0%,83.6%,71.0%,334
Системы охранной сигнализации,Системы охранной сигнализации,"87,512,324","1,729",2450.0%,92.6%,71.3%,316
Электроника / Рули игровые,Рули игровые,"87,441,773","5,784",2450.0%,83.5%,73.9%,311
Резисторы автомобильные,Резисторы автомобильные,"87,275,738","1,930",2650.0%,83.3%,68.3%,312
Аксессуары / Сумки-тележки,Сумки-тележки,"87,214,714","2,427",3450.0%,79.6%,61.5%,662
Аппараты для физиотерапии,Аппараты для физиотерапии,"87,197,671","2,479",2550.0%,81.7%,70.6%,227
Мебель / Стулья офисные,Стулья офисные,"87,000,007","9,858",2650.0%,81.2%,72.7%,221
Дом / Микшеры,Микшеры,"86,937,160","5,562",2850.0%,78.3%,69.5%,119
Электроника / Виртуальные очки,Виртуальные очки,"86,699,575","3,154",2950.0%,72.3%,66.5%,493
Аксессуары и запчасти для кофемашин и кофеварок,Аксессуары и запчасти для кофемашин и кофеварок,"86,480,415","1,308",2450.0%,88.7%,69.3%,762
Спорт / Петли Береша,Петли дверные,"86,321,536",748,2850.0%,84.7%,57.9%,684
Дом / Вакуумные пакеты,Вакуумные пакеты,"86,273,058",906,2650.0%,91.6%,65.5%,795
Комплектующие для автомобильных рам,Комплектующие для автомобильных рам,"86,259,242","1,300",2650.0%,87.5%,67.2%,274
Комплектующие для радиаторов,Комплектующие для радиаторов,"86,172,387",910,2750.0%,89.9%,63.9%,351
Канцтовары / Пластилин,Пластилин,"86,057,491",568,2450.0%,92.4%,60.3%,830
Блоттеры для парфюмерии,Блоттеры для парфюмерии,"85,868,928","1,105",3250.0%,89.7%,59.1%,1013
Карнавальные аксессуары,Карнавальные аксессуары,"85,831,685",657,3250.0%,76.8%,52.2%,1136
Дом / Гели для уборки,Гели для уборки,"85,744,897",643,2950.0%,96.1%,57.5%,1026
Аксессуары / Портфели,Портфели,"85,672,413","1,926",3450.0%,52.7%,57.2%,605
Дом / Жаровни,Жаровни,"85,610,761","2,893",2950.0%,77.8%,66.8%,514
Колодки для дисковых тормозов,Колодки для дисковых тормозов,"85,563,691",629,2750.0%,86.9%,60.6%,256
Машинки для стрижки животных,Машинки для стрижки животных,"85,543,073","1,254",2150.0%,88.5%,72.4%,1008
Емкости для воды садовые,Емкости для воды садовые,"85,164,701","1,716",2950.0%,88.3%,65.4%,440
Товары для взрослых / Комплекты эротик,Комплекты эротик,"85,160,424","1,408",2950.0%,57.2%,59.8%,500
Матрешки,Матрешки,"85,053,069","1,234",2950.0%,28.6%,61.0%,474
Двигатели для мототехники,Двигатели для мототехники,"84,998,851","1,580",2650.0%,79.4%,68.4%,130
Колеса и шины для садовых тачек,Колеса и шины для садовых тачек,"84,979,213","1,232",2950.0%,82.0%,63.4%,313
Бандажи послеоперационные,Бандажи послеоперационные,"84,972,711","2,054",2550.0%,65.4%,68.7%,213
Женщинам / Пуловеры,Пуловеры,"84,958,523","1,838",3450.0%,34.8%,55.1%,297
Продукты / Дрожжи,Дрожжи,"84,944,965",697,2150.0%,97.3%,65.6%,312
Для ремонта / Штроборез,Штроборезы,"84,863,061","12,877",3150.0%,81.4%,67.9%,226
Электроника / Умные светильники,Умные светильники,"84,840,145","1,254",2450.0%,87.7%,68.4%,630
Фильтры грубой очистки,Фильтры грубой очистки,"84,522,736","1,297",2750.0%,85.5%,65.6%,366
Дом / Светодиоды,Светодиоды,"84,469,662",770,2850.0%,98.1%,57.6%,279
Сад и дача / Кисти для клея,Кисти малярные,"84,353,112",462,2650.0%,90.8%,56.5%,935
Спорт / Велосумки,Велосумки,"84,263,025","1,118",2950.0%,77.1%,62.1%,590
Мебель / Столы,Столы теннисные,"83,873,255","1,097",2750.0%,100.0%,66.5%,95
Альбомы для творчества,Альбомы для творчества,"83,688,638",454,2450.0%,94.4%,57.8%,872
Автотовары / Полировальные машины,Полировальные машины,"83,639,745","3,716",3050.0%,75.9%,67.2%,698
Книги / Карты Таро,Карты Таро,"83,588,857",817,2950.0%,87.7%,60.0%,1403
Автотовары / Полироли для салона,Полироли для салона,"83,517,439",693,2650.0%,93.8%,59.6%,742
Другие аксессуары для спорта,Другие аксессуары для спорта,"83,502,400",971,2950.0%,83.9%,61.7%,770
Сад и дача / Решетки газонные,Решетки для гриля,"83,476,321","1,265",2850.0%,81.5%,64.0%,984
Дом / Елки,Горелки строительные,"83,382,268","1,284",3050.0%,86.9%,62.3%,395
Корзины сервировочные,Корзины сервировочные,"83,361,404","1,506",2550.0%,78.0%,67.4%,811
Спорт / Платья спортивные,Платья спортивные,"83,269,049","2,550",3450.0%,27.6%,55.4%,237
Здоровье / Ортез,Ортезы,"82,967,655","2,667",2550.0%,52.6%,69.0%,122
Для ремонта / Мультитулы,Мультитулы,"82,694,652","1,184",3150.0%,87.7%,60.5%,1243
Канцтовары / Цветная бумага,Цветная бумага,"82,641,548",670,2450.0%,93.5%,63.0%,682
Красота / Жидкие подводки,Жидкие подводки,"82,641,072",483,3150.0%,92.2%,50.1%,1274
Инверторы автомобильные,Инверторы автомобильные,"82,573,492","2,445",2650.0%,85.6%,70.1%,551
Сад и дача / Молды для рукоделия,Молды для рукоделия,"82,511,219",514,2950.0%,82.6%,52.4%,1144
Спорт / Пачки балетные,Пачки балетные,"82,236,339","1,370",3450.0%,100.0%,53.5%,42
Аксессуары / Чехлы для чемоданов,Чехлы для чемоданов,"82,059,429","1,112",3450.0%,70.0%,55.5%,482
Шины электротехнические,Шины электротехнические,"81,984,172",843,2850.0%,91.7%,61.9%,122
Контрольные системы давления в шинах,Контрольные системы давления в шинах,"81,873,541","1,438",2650.0%,100.0%,65.7%,150
Красота / Хайлайтеры,Хайлайтеры,"81,833,859",621,3250.0%,85.6%,52.1%,1331
Датчики температуры охлаждающей жидкости,Датчики температуры охлаждающей жидкости,"81,589,947",818,2650.0%,85.5%,62.5%,357
Автотовары / Тестеры,Тестеры кабельные,"81,398,244",656,3250.0%,88.5%,53.9%,489
Кронштейны для мониторов,Кронштейны для мониторов,"81,220,571","3,202",2450.0%,85.4%,73.0%,312
Для ремонта / Уголки крепежные,Уголки крепежные,"81,219,062",529,2850.0%,89.2%,55.7%,505
Канцтовары / Холсты,Холсты,"81,181,686","1,006",2950.0%,81.5%,60.0%,558
Аксессуары для окрашивания волос,Аксессуары для окрашивания волос,"81,160,734",668,3250.0%,94.8%,55.7%,794
Для ремонта / Шпильки крепежные,Шпильки крепежные,"80,992,842",669,2850.0%,92.3%,61.3%,281
Музыкальные проигрыватели,Музыкальные проигрыватели,"80,979,111","2,796",2750.0%,100.0%,68.8%,196
Красота / Флюиды,Флюиды,"80,972,641","1,874",3250.0%,84.8%,62.7%,837
Канистры экспедиционные,Канистры экспедиционные,"80,537,946","1,145",2650.0%,85.4%,66.0%,270
Средства для прочистки труб,Средства для прочистки труб,"80,450,597",552,2950.0%,90.5%,54.3%,1283
Аэрозоли строительные,Аэрозоли строительные,"80,376,892",752,2850.0%,88.6%,59.1%,474
Газовые горелки туристические,Газовые горелки туристические,"80,309,507",880,2750.0%,81.9%,62.9%,706
Автотовары / Полироли кузова,Полироли кузова,"80,201,382",710,2650.0%,90.4%,60.7%,679
Для ремонта / Очки защитные,Очки защитные,"80,079,926",733,2850.0%,86.0%,59.7%,768
Сад и дача / Парник,Парники,"80,020,528","2,101",2950.0%,88.1%,66.2%,303
Расходники для паяльников,Расходники для паяльников,"80,015,359",734,3150.0%,92.4%,58.2%,342
Электроника / Фотобарабан,Фотобарабаны,"79,953,503","2,534",2450.0%,85.2%,72.3%,128
Мебель / Сканеры штрих-кода,Сканеры штрих-кода,"79,945,341","4,495",2650.0%,75.0%,71.2%,319
Ювелирные изделия / Ювелирные броши,Ювелирные броши,"79,883,795",615,3300.0%,70.3%,51.2%,242
Мужчинам / Комбинезоны рабочие,Комбинезоны рабочие,"79,357,375",809,3450.0%,57.4%,54.6%,148
Спорт / Жиросжигатели,Жиросжигатели,"79,345,056","1,191",2550.0%,83.1%,67.5%,495
Аксессуары / Значки,Значки,"79,292,485",231,2850.0%,84.2%,36.6%,1918
Дом / Ланч-боксы,Ланч-боксы,"79,215,623","1,086",2950.0%,79.8%,60.8%,1591
Боковые фонари указателя поворота,Боковые фонари указателя поворота,"79,211,215","1,085",2650.0%,84.2%,65.1%,484
Резинки для рукоделия,Резинки для рукоделия,"78,985,722",518,2450.0%,91.3%,57.6%,943
Продукты / Шоколад кондитерский,Шоколад кондитерский,"78,972,249","1,008",2150.0%,93.3%,70.5%,148
Автотовары / Болты секретные,Болты секретные,"78,864,942",776,2650.0%,77.2%,60.3%,276
Степлеры канцелярские,Степлеры канцелярские,"78,833,011",736,2450.0%,90.9%,63.9%,579
Полотенца одноразовые,Полотенца одноразовые,"78,687,409",706,2950.0%,95.8%,58.7%,578
Игрушки / Игрушечные продукты,Игрушечные продукты,"78,577,434","1,313",2800.0%,87.5%,66.0%,830
Лебедки автомобильные,Лебедки автомобильные,"78,562,475","3,682",2650.0%,83.9%,70.9%,309
Игровые консоли PlayStation,Игровые консоли PlayStation,"78,407,886","3,566",2150.0%,66.7%,76.4%,227
Красота / Муссы,Муссы,"78,399,482",762,3250.0%,88.7%,55.6%,995
Электроника / Радиодетали,Радиодетали,"78,341,615",524,3050.0%,90.7%,52.7%,456
Спорт / Джазовки,Джазовки,"78,319,433","1,386",3450.0%,42.8%,52.0%,137
Спорт / Коньки,Коньки,"78,253,133","4,382",2750.0%,43.6%,68.3%,348
Обувь / Шнурки,Шнурки,"78,179,348",429,3450.0%,89.4%,44.6%,1001
Дом / Овощерезки ручные,Овощерезки ручные,"78,153,170",914,2950.0%,86.9%,60.7%,1653
Автотовары / Сальники КПП,Сальники КПП,"78,144,618",957,2650.0%,83.3%,64.6%,300
Детям / Бортики для кроватей,Бортики для кроватей,"78,101,810","1,914",2650.0%,80.1%,68.0%,582
Комплектующие для светильников,Комплектующие для светильников,"78,042,066","1,306",2850.0%,84.5%,64.3%,665
Сад и дача / Кресла садовые,Кресла садовые,"77,996,593","5,277",2650.0%,86.6%,71.7%,334
Мужчинам / Куртки горнолыжные,Куртки горнолыжные,"77,955,395","7,114",3450.0%,23.2%,60.6%,117
Красота / Тинты для губ,Тинты для губ,"77,920,290",529,3250.0%,91.4%,50.9%,1116
Канцтовары / Пакеты почтовые,Пакеты почтовые,"77,880,917",930,2150.0%,94.3%,70.2%,329
Акции / Кабелерез,Кабелерезы,"77,868,368","1,253",3150.0%,92.8%,61.6%,385
Автотовары / Эхолоты,Эхолоты,"77,837,167","5,883",2750.0%,83.9%,70.7%,266
Газовые плиты туристические,Газовые плиты туристические,"77,719,997","1,619",2750.0%,74.7%,65.9%,610
Фильтрующие насосы для бассейнов,Фильтрующие насосы для бассейнов,"77,683,784","2,852",2850.0%,92.3%,68.5%,252
Канцтовары / Настольные наборы,Настольные наборы,"77,496,485","1,032",2950.0%,86.3%,61.5%,340
Детям / Песочник,Песочники,"77,463,055",704,3450.0%,73.9%,50.1%,490
Красота / Спонжи,Спонжи,"77,367,852",519,2750.0%,91.9%,55.7%,1871
Здоровье / Глюкометр,Глюкометры,"77,318,706","1,735",2550.0%,91.4%,69.5%,138
Прокладки масляного поддона,Прокладки масляного поддона,"77,311,322","1,141",2650.0%,75.0%,65.3%,277
Канцтовары / Ценники,Ценники,"77,271,884",719,2950.0%,91.1%,58.3%,675
Электроника / Пульты Умный дом,Пульты Умный дом,"77,263,501",578,2450.0%,91.2%,60.3%,435
Изделия одноразового применения,Изделия одноразового применения,"77,235,146",479,2750.0%,93.3%,54.6%,562
Автотовары / Подлокотники,Подлокотники,"77,220,589","2,169",2650.0%,77.2%,68.6%,780
Другие аксессуары для смартфона,Другие аксессуары для смартфона,"77,174,702",832,2950.0%,90.1%,59.8%,760
Электроника / Лебедки ручные,Лебедки ручные,"77,139,591","3,646",2850.0%,90.6%,69.1%,256
Намордники для животных,Намордники для животных,"77,095,544",850,2150.0%,64.0%,63.8%,753
Продукты / Вода питьевая,Вода питьевая,"77,090,753",964,2150.0%,86.4%,68.9%,285
Дефлекторы вентиляционные,Дефлекторы вентиляционные,"77,074,567","4,859",2750.0%,89.4%,70.7%,74
Детям / Пледы для малышей,Пледы для малышей,"77,010,206","1,234",2650.0%,69.0%,65.0%,689
Другие аксессуары для праздника,Другие аксессуары для праздника,"76,995,099",773,3250.0%,86.8%,57.6%,1371
Мыльные пузыри,Мыльные пузыри,"76,930,020","1,039",2850.0%,89.5%,62.9%,908
Дом / Сиденья для ванной,Сиденья для ванной,"76,889,102","2,009",2950.0%,78.9%,65.5%,469
Красота / Маски оттеночные,Маски оттеночные,"76,869,918","1,193",3250.0%,91.2%,60.1%,368
Подсветка автомобильная,Подсветка автомобильная,"76,847,813","1,249",2650.0%,80.3%,65.5%,1058
Мужчинам / Худи спортивные,Худи спортивные,"76,844,983","1,809",3450.0%,40.6%,54.6%,274
Обувь / Ботфорты,Ботфорты,"76,799,093","3,975",3450.0%,34.5%,57.2%,605
Спорт / Скейтборды,Скейтборды,"76,798,114","2,208",2750.0%,82.7%,68.3%,627
Для ремонта / Экраны под ванну,Экраны под ванну,"76,755,092","2,338",2750.0%,84.4%,65.6%,99
Клей для наращивания ресниц,Клей для наращивания ресниц,"76,720,050",748,3250.0%,89.6%,55.6%,240
Дом / Насадки на кран,Насадки на глушитель,"76,650,871","1,188",2650.0%,70.5%,64.0%,722
Автотовары / Тросики,Тросики сцепления,"76,635,699","1,378",2650.0%,85.2%,66.7%,232
Дом / Воронки,Воронки,"76,613,089",601,2450.0%,90.3%,60.8%,796
Подложки для напольных покрытий,Подложки для напольных покрытий,"76,597,198","2,348",2850.0%,79.9%,67.2%,195
Дом / Хлебницы,Хлебницы,"76,564,815","1,775",2950.0%,67.6%,64.4%,1051
Сад и дача / Стулья садовые,Стулья садовые,"76,534,436","1,412",2350.0%,86.3%,69.9%,336
Мужчинам / Бабочки,Бочки садовые,"76,523,018","3,162",2950.0%,88.1%,67.6%,247
Наборы садовых инструментов,Наборы садовых инструментов,"76,516,248",792,2950.0%,90.8%,60.2%,934
Крышки головок цилиндра,Крышки головок цилиндра,"76,487,518","1,419",2650.0%,50.0%,62.2%,132
Датчики давления масла,Датчики давления масла,"76,470,430",776,2650.0%,86.7%,61.4%,364
Аптечки для хранения лекарств,Аптечки для хранения лекарств,"76,463,378","1,375",3050.0%,82.9%,62.5%,749
Дом / Чехлы для одежды,Чехлы для одежды,"76,444,931",727,2650.0%,88.9%,61.8%,1011
Дом / Стразы,Стразы,"76,390,210",458,2950.0%,81.7%,49.7%,1086
Книги / Наборы карточек,Наборы карточек,"76,352,463",561,2950.0%,91.4%,56.7%,1107
Спорт / MP3 плееры,MP3 плееры,"76,331,896","1,641",2850.0%,100.0%,66.1%,271
Сад и дача / Сучкорезы,Сучкорезы,"76,261,489","1,598",2950.0%,90.0%,65.5%,513
Дом / Насадки на кран,Насадки для гравера,"76,258,534",938,3150.0%,90.5%,59.1%,643
Дом / Турки,Турки,"76,194,146","1,534",2950.0%,77.3%,63.8%,843
Красота / Ватные палочки,Ватные палочки,"76,191,116",574,2750.0%,94.9%,57.8%,1231
Спорт / Наборы для рыбалки,Наборы для рыбалки,"76,112,808",802,2750.0%,84.1%,62.1%,959
Автотовары / Цепи ГРМ,Цепи привода,"76,105,773","2,056",2650.0%,73.6%,69.6%,247
Электроника / Радиодетали,Детали бензобака,"76,039,161","1,232",2650.0%,89.4%,66.2%,435
Мужчинам / Жилеты рабочие,Жилеты рабочие,"75,997,330","1,276",3450.0%,52.1%,53.5%,164
Автотовары / Рамки для номеров,Рамки для номеров,"75,977,126",788,2650.0%,83.8%,62.0%,1002
Сад и дача / Свечи религиозные,Свечи религиозные,"75,890,002",766,2950.0%,94.1%,59.4%,760
Дом / Соусники,Соусники,"75,805,050",765,2950.0%,84.5%,58.1%,1145
Дом / Пианино цифровое,Пианино цифровое,"75,787,971","7,479",2850.0%,84.5%,70.7%,143
Защитные барьеры детские,Защитные барьеры детские,"75,721,148",728,2650.0%,79.5%,59.7%,318
Спорт / Очки для плавания,Очки для плавания,"75,719,768",596,2950.0%,70.4%,50.5%,990
Календари,Календари,"75,663,485",374,2950.0%,88.7%,46.4%,1922
Автотовары / Алкотестеры,Алкотестеры,"75,654,897","1,156",2650.0%,86.8%,65.5%,818
Дом / Ванночки детские,Ванночки детские,"75,653,213","3,343",2650.0%,73.8%,70.3%,444
Комплектующие автомобильных фар,Комплектующие автомобильных фар,"75,632,477","1,237",2650.0%,75.7%,66.7%,527
Массажеры механические,Массажеры механические,"75,624,821",981,3150.0%,86.7%,59.5%,1959
Фотоаппараты моментальной печати,Фотоаппараты моментальной печати,"75,605,460","2,852",2700.0%,75.4%,69.3%,198
Рычаги стеклоочистителя,Рычаги стеклоочистителя,"75,553,300","1,301",2650.0%,87.5%,66.5%,391
Здоровье / Ингалятор,Ингаляторы,"75,506,181",731,2550.0%,83.2%,61.3%,200
Красота / Прокладки от пота,Прокладки картера,"75,405,662","1,244",2650.0%,77.8%,65.2%,124
Дом / Фляжки,Фляжки,"75,398,584",785,2950.0%,83.8%,58.6%,1031
Автотовары / Очистители тормозов,Очистители тормозов,"75,389,955",805,2650.0%,97.4%,63.3%,337
Дом / Доски для записей,Доски для записей,"75,366,501","1,660",2950.0%,75.9%,64.2%,509
Канцтовары / Печати,Печати,"75,350,625",701,2950.0%,83.9%,56.9%,546
Дом / Струны,Струны,"75,334,232","1,243",2850.0%,92.0%,64.3%,248
Автотовары / Манометры,Манометры,"75,305,651","1,088",2650.0%,93.2%,65.6%,962
Мужчинам / Жилеты,Жилеты для малышей,"75,291,494","1,148",3450.0%,48.0%,51.0%,297
Для ремонта / Плинтусы потолочные,Плинтусы потолочные,"75,288,837","1,120",2850.0%,82.8%,62.9%,180
Органайзеры для сумки,Органайзеры для сумки,"75,197,642",900,3450.0%,66.8%,54.9%,527
Мебель / Стеллажи детские,Стеллажи детские,"75,103,087","4,859",2650.0%,83.0%,71.5%,199
Присадки автомобильные,Присадки автомобильные,"75,096,509","1,300",2650.0%,90.5%,65.9%,390
Для ремонта / Саморезы по металлу,Саморезы по металлу,"75,062,366",703,2850.0%,92.7%,60.9%,424
Мебель / Системы,Раздвижные системы,"75,006,340","1,862",2850.0%,89.4%,66.7%,113
Резонаторы автомобильные,Резонаторы автомобильные,"75,005,032","3,345",2650.0%,66.7%,71.0%,134
Аксессуары / Имиджевые очки,Имиджевые очки,"74,970,438",694,3450.0%,36.7%,34.1%,572
Детям / Ползунки,Ползунки,"74,908,916",450,3450.0%,79.1%,42.6%,551
Дом / Фотошторы,Фотошторы,"74,825,894","3,366",2950.0%,77.3%,67.4%,130
Влажная туалетная бумага,Влажная туалетная бумага,"74,770,307","1,000",2950.0%,95.9%,62.2%,316
Разъемы автомобильные,Разъемы автомобильные,"74,701,589",436,2650.0%,82.7%,53.7%,689
Аптечки первой помощи,Аптечки первой помощи,"74,683,130",885,3050.0%,91.3%,59.6%,581
Игрушки / Поезда и паровозы,Поезда и паровозы,"74,673,338","1,674",2850.0%,84.8%,65.9%,502
Канцтовары / Ленты чековые,Ленты чековые,"74,648,224","1,969",2950.0%,95.3%,66.2%,275
Автотовары / Чехлы,Чехлы для теплиц,"74,603,020","1,636",2950.0%,89.4%,65.0%,115
Спорт / Дартс,Дартс,"74,594,664","1,187",2750.0%,84.4%,64.5%,566
Электроника / Расходные материалы,Расходные материалы,"74,576,233",911,2850.0%,91.4%,62.7%,667
Дифференциалы автомобильные,Дифференциалы автомобильные,"74,569,565","2,336",2650.0%,82.9%,69.4%,219
Фритюрницы электрические,Фритюрницы электрические,"74,556,711","4,722",2450.0%,79.4%,73.4%,346
Для ремонта / Долото,Долото,"74,539,688","1,075",3150.0%,100.0%,61.3%,210
Товары для взрослых / Фаллоимитаторы,Фаллоимитаторы,"74,536,283","2,326",2950.0%,82.8%,65.4%,507
Возбуждающие средства,Возбуждающие средства,"74,524,366",789,2950.0%,87.9%,59.0%,650
Другой спортивный инвентарь,Другой спортивный инвентарь,"74,511,186","1,050",2750.0%,92.2%,65.6%,673
Канцтовары / Лупы,Лупы,"74,499,602",764,2950.0%,91.5%,60.2%,1021
Красота / Гидрофильные масла,Гидрофильные масла,"74,462,146",766,3250.0%,91.6%,56.1%,1201
Продукты / Напитки газированные,Напитки газированные,"74,396,557",946,2150.0%,91.9%,69.3%,382
Продукты / Мед,Мед,"74,389,219",802,2150.0%,92.9%,67.8%,664
Вкладыши нижней головки шатуна,Вкладыши нижней головки шатуна,"74,384,351","1,964",2650.0%,100.0%,69.4%,163
Дом / Подставки для ножей,Подставки для ножей,"74,366,449","1,464",2950.0%,82.7%,63.9%,887
Аксессуары для банных печей,Аксессуары для банных печей,"74,331,137","2,938",2850.0%,84.6%,68.3%,414
Дом / Конфетницы,Конфетницы,"74,321,016","1,408",2950.0%,67.1%,61.8%,1138
Обувь / Мешки для обуви,Мешки для обуви,"74,320,088",682,3450.0%,82.0%,51.1%,1464
Дом / Пуговицы,Пуговицы,"74,316,343",427,2950.0%,83.1%,46.4%,1304
Дом / Карнавальные маски,Карнавальные маски,"74,274,270",632,3250.0%,77.4%,51.1%,1330
Красота / Оксиданты,Оксиданты,"74,222,232",705,3250.0%,92.5%,54.6%,482
Аксессуары / Заколки клик-клак,Заколки клик-клак,"74,205,547",360,3450.0%,88.5%,40.4%,1232
Женщинам / Трусы одноразовые,Трусы одноразовые,"74,170,237",900,3250.0%,93.6%,58.0%,361
Коллекторы автомобильные,Коллекторы автомобильные,"74,113,653","2,339",2650.0%,83.5%,69.7%,223
Продукты / Шоколадные яйца,Шоколадные яйца,"74,113,451","1,072",2150.0%,84.1%,69.6%,492
Для ремонта / Мембраны кровельные,Мембраны кровельные,"74,047,058","3,634",2050.0%,50.0%,75.1%,40
Спорт / Жилеты разгрузочные,Жилеты разгрузочные,"73,926,558","4,687",2750.0%,74.6%,70.2%,193
Шлиф-ленты,Шлиф-ленты,"73,898,900",811,3150.0%,93.2%,57.9%,496
Реквизит для фотографа,Реквизит для фотографа,"73,894,487","1,344",2750.0%,87.5%,65.7%,312
Сад и дача / Чехол для теплицы,Теплицы,"73,878,077","1,398",2950.0%,81.8%,65.6%,129
Канцтовары / Глина для лепки,Глина для лепки,"73,849,524",843,2950.0%,92.6%,60.2%,550
Акции / Тени,Луковичные растения,"73,847,982",374,2950.0%,93.1%,47.5%,447
Автотовары / Замки зажигания,Замки зажигания,"73,838,603","1,460",2650.0%,82.8%,66.9%,492
Книги / Музыкальные диски,Музыкальные диски,"73,819,999","1,860",2950.0%,100.0%,65.2%,169
Для ремонта / Вилки силовые,Вилки для фаркопов,"73,785,458","1,283",2650.0%,96.3%,67.0%,133
Для ремонта / Тепловизор,Тепловизоры,"73,715,651","8,053",2750.0%,100.0%,71.5%,132
Фильтры-кувшины для воды,Фильтры-кувшины для воды,"73,700,404","1,569",2950.0%,90.1%,65.7%,587
Дом / Наборы для вязания,Наборы для вязания,"73,676,869",663,2950.0%,90.4%,57.2%,882
Бытовая техника / Осушители воздуха,Осушители воздуха,"73,662,813","4,698",2550.0%,71.3%,72.1%,226
Электроника / Аудиодомофоны,Аудиодомофоны,"73,647,116","1,081",2450.0%,81.6%,66.4%,230
Зоотовары / Лежаки и домики,Лежаки подкатные,"73,573,256","2,550",2650.0%,100.0%,70.4%,133
Наборы для декорирования десертов,Наборы для декорирования десертов,"73,555,523",605,2950.0%,87.2%,55.3%,816
Спорт / L-карнитины,L-карнитины,"73,516,196","1,539",2550.0%,92.5%,68.9%,330
Сигналы звуковые пневмо-электрические,Сигналы звуковые пневмо-электрические,"73,506,207","1,171",2650.0%,80.9%,65.1%,762
Колышки и скобы садовые,Колышки и скобы садовые,"73,480,468",680,2900.0%,95.2%,58.6%,542
Автотовары / Чехлы,Чехлы для ноутбуков,"73,460,423","1,525",2950.0%,67.2%,62.7%,562
Аксессуары для настольных игр,Аксессуары для настольных игр,"73,398,336",834,2850.0%,85.9%,60.3%,1149
Красота / Ватные диски,Ватные диски,"73,338,749",570,3250.0%,94.6%,52.7%,608
Дом / Карнизы для ванной,Карнизы для ванной,"73,334,092","1,499",2950.0%,82.2%,64.0%,488
Радиосистемы вокальные,Радиосистемы вокальные,"73,303,554","1,088",2750.0%,100.0%,65.7%,130
Бытовая техника / Воскоплавы,Воскоплавы,"73,300,451","1,192",2550.0%,87.0%,66.8%,958
Детям / Носки для малышей,Носки для малышей,"73,297,269",453,3450.0%,82.2%,42.0%,684
Держатели для украшений,Держатели для украшений,"73,289,137","1,160",2650.0%,83.1%,66.2%,1235
Шпатлевки для автомобиля,Шпатлевки для автомобиля,"73,267,546","1,060",2650.0%,87.3%,64.9%,258
Подсветка для телевизоров,Подсветка для телевизоров,"73,232,545","1,250",2950.0%,86.7%,63.1%,132
Автотовары / Напильники и надфили,Напильники и надфили,"73,222,036",654,3150.0%,92.3%,56.8%,653
Канцтовары / Дневники,Дневники,"73,215,423",445,2450.0%,86.9%,54.8%,885
Комплекты цепи привода распредвала,Комплекты цепи привода распредвала,"73,207,838","9,424",2650.0%,60.0%,72.1%,111
Панели для кухонных фартуков,Панели для кухонных фартуков,"73,197,931","1,931",2850.0%,76.2%,66.1%,183
Игрушки / Мобили,Мобили,"73,121,577","1,671",2850.0%,84.8%,65.9%,758
Для ремонта / Пожарный инвентарь,Пожарный инвентарь,"73,085,914","1,806",2850.0%,90.2%,66.6%,146
Прокладки выхлопной трубы,Прокладки выхлопной трубы,"73,083,096",605,2650.0%,85.8%,58.5%,283
Сад и дача / Биотуалет,Биотуалеты,"72,997,298","4,630",2850.0%,63.8%,68.8%,306
ТЭНы для водонагревателей,ТЭНы для водонагревателей,"72,981,536","1,813",2750.0%,84.4%,67.5%,347
Усилители Wi-Fi сигнала,Усилители Wi-Fi сигнала,"72,925,498","2,332",2450.0%,85.4%,71.4%,518
Спорт / Изотоники,Изотоники,"72,838,710","1,314",2550.0%,92.6%,67.9%,177
Подставки для мобильных устройств,Подставки для мобильных устройств,"72,832,541",781,2950.0%,86.3%,58.6%,2162
Шарики для сухих бассейнов,Шарики для сухих бассейнов,"72,785,231","1,574",2850.0%,78.8%,65.0%,316
Тампоны гигиенические,Тампоны гигиенические,"72,741,498",778,3250.0%,94.8%,56.7%,517
Очистители универсальные,Очистители универсальные,"72,711,684",790,2650.0%,89.1%,60.8%,747
Автотовары / Парктроники,Парктроники,"72,704,225","1,615",2650.0%,80.4%,67.0%,469
Вакуумные усилители тормозов,Вакуумные усилители тормозов,"72,602,237","4,398",2650.0%,75.9%,71.4%,273
Для ремонта / Пороги для пола,Пороги для пола,"72,465,894",778,2750.0%,63.5%,56.3%,214
Сад и дача / Аромалампы,Аромалампы,"72,454,420","1,022",2950.0%,79.8%,60.7%,862
Канцтовары / Ручки,Ручки для сумок,"72,396,232",908,3450.0%,85.9%,55.9%,676
Для ремонта / Маски паяльные,Паяльные станции,"72,388,606","2,902",3050.0%,87.0%,66.3%,291
Автотовары / Рейлинг,Рейлинги,"72,367,808","1,504",2650.0%,100.0%,68.8%,65
Спорт / Кинезио тейпы,Кинезио тейпы,"72,317,816",538,2750.0%,92.0%,56.3%,758
Дом / Мангалы и коптильни,Коптильни,"72,280,516","3,367",2800.0%,87.0%,69.3%,362
Спорт / Насосы спортивные,Насосы спортивные,"72,279,657","1,008",2750.0%,81.7%,63.7%,666
Обувь / Ложки обувные,Ложки обувные,"72,252,658",653,3450.0%,91.0%,52.0%,1219
Для ремонта / Трубы металлические,Трубы металлические,"72,200,867","1,178",2050.0%,93.6%,72.2%,244
Коврики для сушки посуды,Коврики для сушки посуды,"72,195,301",671,2950.0%,89.5%,57.2%,1238
Электроника / Усилители Hi-Fi,Усилители Hi-Fi,"72,167,078","3,060",2800.0%,85.4%,68.9%,200
Детям / Кукольные домики,Кукольные домики,"72,151,276","1,415",2850.0%,75.5%,66.5%,670
Спорт / Ласты,Ласты,"72,130,469","2,146",2750.0%,51.5%,65.3%,358
Дом / Ложки столовые,Ложки столовые,"72,129,726",720,2950.0%,85.7%,57.5%,1141
Аппараты магнитотерапии,Аппараты магнитотерапии,"72,089,297","1,209",2550.0%,86.9%,66.9%,113
Мебель / Кронштейны для полок,Кронштейны для полок,"72,007,890","1,064",2650.0%,87.3%,64.9%,782
Детям / Фотоаппараты,Слуховые аппараты,"72,001,821","9,498",3050.0%,67.0%,68.2%,46
Аксессуары / Ключницы,Ключницы,"71,962,781",828,3450.0%,70.6%,53.1%,991
Дом / Педали эффектов,Педали эффектов,"71,939,229","5,611",2850.0%,89.5%,69.4%,128
Подушки для путешествий,Подушки для путешествий,"71,937,078","1,110",2750.0%,72.2%,64.3%,1132
Сад и дача / Гигрометры,Гигрометры,"71,912,739",957,3050.0%,89.4%,60.2%,385
Спорт / Вратарские перчатки,Вратарские перчатки,"71,855,914","1,170",2950.0%,58.5%,58.8%,240
Красота / Гигиенические помады,Гигиенические помады,"71,814,431",531,3250.0%,92.7%,50.8%,1598
Аксессуары / Шапки,Шапки для малышей,"71,796,221",458,3450.0%,60.7%,34.4%,1070
Аксессуары / Ювелирные часы,Ювелирные часы,"71,746,771","8,518",3300.0%,25.0%,63.8%,41
Спорт / Ролики,Ролики для одежды,"71,741,791",570,2950.0%,93.4%,55.5%,1345
Катализаторы автомобильные,Катализаторы автомобильные,"71,733,456","1,950",2650.0%,100.0%,69.6%,117
Украшения для автомобиля,Украшения для автомобиля,"71,699,228",971,2650.0%,77.9%,65.2%,1318
Автотовары / Наборы автомобилиста,Наборы автомобилиста,"71,572,522",873,2650.0%,88.7%,63.9%,670
Бытовая техника / Хлебопечи,Хлебопечи,"71,536,103","8,914",2450.0%,90.4%,74.5%,226
Спорт / Скамьи спортивные,Скамьи спортивные,"71,510,967","9,624",2750.0%,86.8%,71.5%,117
Спорт / Ботинки лыжные,Ботинки лыжные,"71,466,918","2,874",3450.0%,51.0%,60.0%,104
Дом / Сотейники,Сотейники,"71,394,308","2,946",2950.0%,83.1%,67.2%,537
Дом / Спицы для вязания,Спицы для вязания,"71,368,501",956,2950.0%,84.0%,61.4%,445
Кофемолки электрические,Кофемолки электрические,"71,335,116","1,983",2450.0%,88.5%,70.9%,900
Электроника / Чехлы-бамперы для телефонов,Бамперы силовые,"71,319,162","2,037",2650.0%,56.2%,66.5%,132
Спорт / Обручи,Обручи,"71,283,132","1,607",2750.0%,79.2%,66.2%,626
Электроника / Фитнес-браслеты,Фитнес-браслеты,"71,265,452","2,528",2450.0%,88.3%,71.9%,575
Лезвия для пистолетных ножей,Лезвия для пистолетных ножей,"71,184,821",783,3050.0%,93.0%,58.5%,164
Мебель / Комоды детские,Комоды детские,"71,097,384","6,348",2650.0%,66.7%,71.3%,116
Для ремонта / Опрессовщик,Опрессовщики,"71,058,282","1,775",2850.0%,65.0%,64.6%,137
Обувь / Эспадрильи,Эспадрильи,"71,038,648","1,170",3450.0%,37.4%,47.2%,184
Мебель / Столы-книжки,Столы-книжки,"70,958,710","3,247",2650.0%,90.7%,70.8%,132
Чехлы для гладильных досок,Чехлы для гладильных досок,"70,948,880",866,2950.0%,81.9%,60.8%,482
Продукты / Вафли,Вафли,"70,773,436",670,2150.0%,94.7%,65.9%,491
Насадки для пылесосов,Насадки для пылесосов,"70,736,428","1,190",2550.0%,78.7%,67.4%,597
Дом / Пакеты пищевые,Пакеты пищевые,"70,734,329",546,2450.0%,96.6%,60.1%,1456
Акции / Болторез,Болторезы,"70,721,334","2,232",3150.0%,77.0%,64.1%,353
Продукты / Декор для выпечки,Декор для выпечки,"70,709,768",319,2150.0%,86.7%,50.8%,606
Временные татуировки и стразы,Временные татуировки и стразы,"70,690,267",358,2750.0%,86.2%,44.4%,850
Декорации для аквариумов и террариумов,Декорации для аквариумов и террариумов,"70,663,015",776,2150.0%,81.9%,66.5%,1188
Мебель / Онлайн-кассы,Онлайн-кассы,"70,601,172","17,719",2650.0%,86.5%,72.8%,58
Картриджи для тату машинки,Картриджи для тату машинки,"70,530,571","1,192",3150.0%,90.2%,61.1%,204
Электроника / Графические планшеты,Графические планшеты,"70,527,265","1,754",2450.0%,90.4%,69.4%,234
Удлинители торцевых головок,Удлинители торцевых головок,"70,522,789",785,3150.0%,88.4%,57.0%,398
Концентраты для напитков,Концентраты для напитков,"70,495,962",894,2150.0%,93.0%,68.9%,310
Насосы высокого давления,Насосы высокого давления,"70,437,121","6,660",2650.0%,85.5%,72.2%,144
Мужчинам / Фоторамки,Рамки автомобильные,"70,379,157","1,199",2650.0%,66.4%,63.5%,412
Дом / Мельницы,Мельницы,"70,376,520",899,2950.0%,87.4%,60.3%,1147
Детям / Поильник,Поильники,"70,299,048",893,2650.0%,88.3%,65.0%,827
Коврики туристические,Коврики туристические,"70,290,865","1,685",2750.0%,84.0%,66.8%,805
Тормозные пневматические камеры,Тормозные пневматические камеры,"70,268,802","3,996",2650.0%,87.0%,71.2%,143
Дом / Наборы для шитья,Наборы для шитья,"70,194,203",806,2950.0%,89.9%,59.4%,1125
Мужчинам / Фартуки рабочие,Фартуки рабочие,"70,129,293",758,3250.0%,74.5%,52.6%,509
Электроника / Диктофоны,Диктофоны,"70,107,962","3,486",2850.0%,68.2%,68.1%,301
Спорт / Антиоксиданты,Антиоксиданты,"70,031,217","1,148",2550.0%,93.4%,67.1%,260
Зарядные устройства для АКБ,Зарядные устройства для АКБ,"69,986,251","1,668",2150.0%,89.5%,72.9%,557
Женщинам / Букеты живых цветов,Букеты живых цветов,"69,895,301","3,304",3250.0%,100.0%,65.1%,67
Дом / Комбоусилители,Комбоусилители,"69,835,669","9,836",2850.0%,81.8%,70.3%,114
Для ремонта / Переключатели давления,Переключатели,"69,833,785",973,2850.0%,100.0%,63.3%,82
Канцтовары / Фломастеры,Фломастеры,"69,828,448",678,2950.0%,90.8%,57.7%,940
Петли и ограничители автомобильные,Петли и ограничители автомобильные,"69,750,319","1,848",2650.0%,80.6%,68.1%,334
Зоотовары / Клетки для птиц,Клетки для птиц,"69,743,925","1,474",2150.0%,79.3%,71.7%,372
Сад и дача / Валики спортивные,Валики спортивные,"69,717,587","1,205",2750.0%,85.1%,64.7%,378
Детям / Наборы для кормления,Наборы для кормления,"69,628,327",917,2650.0%,87.4%,64.3%,924
Проволоки для рукоделия,Проволоки для рукоделия,"69,601,832",550,2450.0%,90.3%,59.4%,791
Зоотовары / Пасты для животных,Пасты для животных,"69,555,189",762,2150.0%,92.2%,68.3%,307
Бытовая техника / Фотоэпиляторы,Фотоэпиляторы,"69,551,717","3,189",2550.0%,83.5%,71.5%,365
Красота / Бомбочки для ванны,Бомбочки для ванны,"69,521,732",539,3250.0%,91.1%,50.9%,1208
Диски для штанг и гантелей,Диски для штанг и гантелей,"69,514,948","2,510",2750.0%,89.2%,68.9%,211
Женщинам / Капри,Капри,"69,463,546",848,3450.0%,62.5%,50.4%,197
Будильники электронные,Будильники электронные,"69,458,216","1,350",2750.0%,88.7%,65.6%,606
Наборы туристической посуды,Наборы туристической посуды,"69,344,936",707,2750.0%,79.3%,59.4%,882
Дом / Креманки,Креманки,"69,341,533","1,076",2950.0%,70.6%,60.0%,793
Автотовары / Камеры заднего вида,Камеры заднего вида,"69,337,337","1,342",2650.0%,86.7%,67.3%,596
Грунтовки для автомобиля,Грунтовки для автомобиля,"69,314,819",858,2650.0%,87.0%,63.1%,352
Аккумуляторные элементы питания,Аккумуляторные элементы питания,"69,308,753","1,141",2950.0%,85.0%,62.3%,689
Сад и дача / Ножницы садовые,Ножницы садовые,"69,295,323","1,130",2950.0%,90.1%,62.6%,806
Крепления для автомобильных колес,Крепления для автомобильных колес,"69,287,883",797,2650.0%,86.1%,61.8%,422
Бытовая техника / Кухонные машины,Кухонные машины,"69,280,262","2,335",2450.0%,75.0%,71.3%,244
Пленки для ламинирования,Пленки для ламинирования,"69,277,765","1,234",2950.0%,94.4%,64.7%,333
Красота / Лаки,Лаки для автомобиля,"69,218,268",833,2650.0%,91.2%,63.0%,342
Мебель / Кровати,Кровати двухъярусные,"69,209,286","26,930",2650.0%,100.0%,73.2%,71
Красота / Кресла-мешки,Кресла-мешки,"69,203,931","3,705",2150.0%,76.7%,75.7%,167
Детям / Док-станции,Док-станции,"69,162,197","1,520",2950.0%,88.7%,64.6%,387
Оборудование для приготовления алкоголя,Оборудование для приготовления алкоголя,"68,940,004","3,068",2950.0%,82.0%,67.6%,212
Карнавальные головные уборы,Карнавальные головные уборы,"68,935,576",653,3250.0%,68.2%,51.4%,1050
Одежда для кукол,Одежда для кукол,"68,901,242",744,2850.0%,81.2%,58.3%,908
Органайзеры подвесные,Органайзеры подвесные,"68,890,894",874,2650.0%,85.7%,64.1%,1516
Женщинам / Нижние юбки,Нижние юбки,"68,872,497",872,3450.0%,43.8%,44.5%,278
Электроника / Осветители студийные,Осветители студийные,"68,851,748","4,212",2750.0%,78.0%,69.7%,133
Спорт / Круги для плавания,Круги для плавания,"68,816,126",822,2750.0%,85.3%,61.1%,1190
Корзины сцепления для авто,Корзины сцепления для авто,"68,803,026","5,692",2650.0%,100.0%,72.1%,150
Аксессуары / Визитницы,Визитницы,"68,789,033",535,3450.0%,78.8%,46.5%,1019
Спорт / Приманки мягкие,Приманки мягкие,"68,731,024",380,2750.0%,91.8%,49.6%,704
Детям / Пинетки,Пинетки,"68,712,320",567,3450.0%,55.3%,38.7%,820
Продукты / Пастила,Пастила,"68,698,014",601,2150.0%,93.2%,64.2%,402
Аксессуары / Банданы,Банданы,"68,669,009",520,3450.0%,72.9%,44.4%,573
Антресоли,Антресоли,"68,635,101","5,987",2650.0%,87.9%,71.8%,95
Автотовары / Ключи баллонные,Ключи баллонные,"68,632,568","1,261",2650.0%,90.1%,66.3%,480
Прочая мебельная фурнитура,Прочая мебельная фурнитура,"68,581,647",538,2650.0%,85.3%,57.2%,1034
Автотовары / Кожух двигателя,Картеры двигателя,"68,541,438","2,709",2650.0%,83.3%,70.5%,187
Пластыри косметические,Пластыри косметические,"68,462,489",504,3250.0%,95.3%,50.8%,1584
Красота / Ножницы маникюрные,Ножницы маникюрные,"68,442,973",637,3250.0%,88.5%,54.6%,1021
Обувь / Роликовые кроссовки,Роликовые кроссовки,"68,428,423","2,985",2750.0%,100.0%,69.8%,107
Герметики автомобильные,Герметики автомобильные,"68,134,871",734,2650.0%,92.7%,60.3%,688
Уход за зубными протезами,Уход за зубными протезами,"68,120,496",771,2750.0%,96.4%,61.7%,408
Дом / Средства от грызунов,Средства от грызунов,"68,102,294",525,2950.0%,93.5%,54.2%,1260
Дом / Доски сервировочные,Доски сервировочные,"68,092,828","1,382",2950.0%,85.7%,63.7%,911
Игрушки / Самолеты и вертолеты,Самолеты и вертолеты,"68,063,677","1,407",2850.0%,86.5%,64.9%,787
Комплекты мягкой мебели,Комплекты мягкой мебели,"68,062,130","2,715",2150.0%,94.1%,75.4%,45
Краски аэрозольные для автомобиля,Краски аэрозольные для автомобиля,"68,050,357","1,035",2650.0%,89.5%,63.2%,348
Продукты / Шоколад фигурный,Шоколад фигурный,"68,004,080",676,2150.0%,85.3%,64.6%,586
Пистолеты термоклеевые,Пистолеты термоклеевые,"67,877,456",876,3150.0%,86.8%,58.6%,658
Шланги всасывающие для насосов,Шланги всасывающие для насосов,"67,876,620","3,015",2950.0%,85.9%,67.4%,219
Дом / Усилители мощности,Усилители мощности,"67,842,445","2,038",2850.0%,100.0%,68.3%,103
Спорт / Защитные наборы,Защитные наборы,"67,814,341","1,375",2950.0%,65.1%,61.6%,415
Дом / Конверты для денег,Конверты для денег,"67,748,684",460,3250.0%,84.7%,45.7%,990
Электрические мельницы,Электрические мельницы,"67,711,928","1,647",2450.0%,87.6%,70.0%,858
Для ремонта / Звукоизоляция,Звукоизоляция,"67,710,666","2,151",2050.0%,90.5%,75.4%,130
Аппликаторы Кузнецова,Аппликаторы Кузнецова,"67,597,187","1,259",3150.0%,81.5%,60.7%,373
Детям / Коптеры,Коптеры,"67,572,494","5,174",2750.0%,78.0%,70.5%,252
Дом / Уход за техникой,Уход за техникой,"67,468,216",537,2950.0%,93.8%,54.6%,1340
Канцтовары / Закладки,Закладки,"67,458,602",507,2450.0%,91.0%,58.2%,1240
Ножницы парикмахерские,Ножницы парикмахерские,"67,395,532","1,312",3250.0%,86.7%,60.5%,720
Бандажи до- и послеродовые,Бандажи до- и послеродовые,"67,323,645",797,3150.0%,57.3%,51.0%,279
Другие запчасти для квадроциклов,Другие запчасти для квадроциклов,"67,265,147","1,888",2650.0%,80.4%,68.8%,242
Для ремонта / Жидкие обои,Жидкие обои,"67,215,611","2,664",2600.0%,100.0%,71.0%,88
Дом / Елки искусственные,Елки искусственные,"67,178,511","2,502",3250.0%,75.0%,62.5%,1068
Автотовары / Габаритные огни,Габаритные огни,"67,177,732","1,275",2650.0%,87.2%,66.3%,465
Букеты искусственных цветов,Букеты искусственных цветов,"67,150,540",692,3250.0%,81.2%,53.2%,1125
Канцтовары / Глобусы,Глобусы,"67,133,616","2,506",2950.0%,77.1%,66.4%,372
Фитолампы для растений и аксессуары,Фитолампы для растений и аксессуары,"67,112,200","1,290",2950.0%,88.2%,63.9%,1039
Предохранители автомобильные,Предохранители автомобильные,"67,100,529",404,2650.0%,87.2%,53.2%,763
Автотовары / Карбюраторы в сборе,Карбюраторы в сборе,"67,004,387","5,172",2650.0%,81.4%,71.6%,229
Дом / Фольга пищевая,Фольга пищевая,"67,001,270",700,2950.0%,95.3%,58.5%,594
Ручки коробки передач,Ручки коробки передач,"66,961,176",895,2650.0%,84.2%,63.8%,790
Здоровье / Бахилы,Бахилы,"66,926,310",726,3150.0%,95.2%,56.9%,478
Облучатели-рециркуляторы,Облучатели-рециркуляторы,"66,899,776","2,842",2550.0%,74.8%,70.7%,162
Чехлы для музыкальных инструментов,Чехлы для музыкальных инструментов,"66,752,130","1,908",2850.0%,82.8%,66.4%,264
Канцтовары / Ножи канцелярские,Ножи канцелярские,"66,729,352",622,2450.0%,91.5%,62.4%,1122
Мебель / Ящики,Ящики почтовые,"66,721,811","1,372",2950.0%,83.1%,63.8%,574
Спорт / Скакалки,Скакалки,"66,707,116",757,2750.0%,86.4%,60.3%,1029
Дом / Топперы декоративные,Топперы декоративные,"66,702,720",368,3250.0%,82.3%,41.1%,1023
Капсулы для посудомоечных машин,Капсулы для посудомоечных машин,"66,666,357","1,571",2950.0%,95.4%,65.0%,292
Поручни для ванной комнаты,Поручни для ванной комнаты,"66,619,592","1,465",2750.0%,90.4%,66.5%,444
Дом / Саше ароматические,Саше ароматические,"66,473,587",451,2950.0%,93.0%,51.4%,1218
Канцтовары / Резаки для бумаги,Резаки для бумаги,"66,403,970",826,2800.0%,89.1%,61.1%,368
Аксессуары / Очки для компьютера,Очки для компьютера,"66,381,495",747,3450.0%,46.3%,41.3%,556
Стамески,Стамески,"66,358,188",975,3150.0%,87.8%,59.2%,501
Дом / Рюмки,Рюмки,"66,348,131","1,130",2950.0%,85.0%,62.0%,872
Автотовары / Дневные ходовые огни,Дневные ходовые огни,"66,159,223","1,120",2650.0%,87.8%,65.4%,577
Дом / Ленты упаковочные,Ленты упаковочные,"66,132,196",417,2750.0%,85.6%,48.5%,834
Салфетки косметические,Салфетки косметические,"66,130,202",546,2950.0%,95.3%,53.9%,1234
Спорт / Боксерки,Боксерки,"66,060,205","1,058",3450.0%,42.9%,47.9%,122
Виниловые проигрыватели,Виниловые проигрыватели,"65,832,798","2,099",2150.0%,75.3%,75.5%,198
Сад и дача / Бондарные изделия,Бондарные изделия,"65,798,619","3,054",2850.0%,72.2%,68.0%,318
Дом / Ложки чайные,Ложки чайные,"65,788,821",553,2950.0%,87.2%,53.9%,1249
Сад и дача / Лейки,Лейки садовые,"65,732,153","1,038",2950.0%,86.4%,61.6%,848
Планшеты канцелярские,Планшеты канцелярские,"65,712,886",679,2950.0%,83.0%,56.3%,517
Дом / Часы песочные,Часы песочные,"65,694,465","1,054",2450.0%,91.2%,67.2%,673
Дом / Сито,Сито,"65,676,546",800,2950.0%,81.0%,58.1%,1542
Дом / Простыни,Простыни одноразовые,"65,667,380",944,2950.0%,91.3%,61.2%,263
Для ремонта / Шнек,Шнеки,"65,663,389","1,968",3150.0%,89.7%,64.0%,245
Подвязки для растений,Подвязки для растений,"65,632,488",599,2950.0%,95.3%,56.9%,1058
Распределители зажигания,Распределители зажигания,"65,542,802","1,750",2650.0%,75.6%,67.4%,240
Регуляторы давления автомобильные,Регуляторы давления автомобильные,"65,515,771","3,564",2650.0%,64.7%,70.0%,266
Ролевые костюмы эротик,Ролевые костюмы эротик,"65,504,089","1,167",2950.0%,67.4%,60.3%,374
Красота / Воски для волос,Воски для волос,"65,394,422",622,3250.0%,89.4%,52.6%,1002
Спорт / Утяжелители,Утяжелители,"65,381,429","1,068",2750.0%,78.2%,63.6%,752
Автотовары / Накладки на пороги,Накладки на пороги,"65,358,799","1,009",2650.0%,84.6%,64.1%,567
Бинты эластичные медицинские,Бинты эластичные медицинские,"65,347,582",737,2550.0%,90.1%,62.5%,514
Переходники автомобильные,Переходники автомобильные,"65,248,215",680,2650.0%,85.0%,59.6%,581
Дом / Мелки,Мелки,"65,220,307",636,2450.0%,93.2%,62.0%,856
Дом / Светодиодные деревья,Светодиодные деревья,"65,185,625","1,402",2950.0%,50.0%,59.1%,246
Для ремонта / Изоленты,Изоленты,"65,184,949",489,2350.0%,89.5%,60.0%,917
Усилители мобильного сигнала,Усилители мобильного сигнала,"65,152,721","4,524",2450.0%,79.0%,73.3%,226
Дезинфицирующие средства,Дезинфицирующие средства,"65,147,392",746,3100.0%,93.3%,57.5%,586
Дом / Салфетницы кухонные,Салфетницы кухонные,"65,146,726",644,2950.0%,77.5%,54.5%,1338
Продукты / Кисели,Кисели,"65,005,614",503,2150.0%,97.2%,62.1%,388
Ремкомплекты для насосов,Ремкомплекты для насосов,"64,946,516","1,722",2950.0%,83.6%,64.9%,278
Спорт / Сноускейты,Сноускейты,"64,863,150","2,590",2250.0%,100.0%,74.4%,40
Спорт / Шведские стенки,Шведские стенки,"64,799,610","11,990",2750.0%,83.3%,71.8%,56
Пленки защитные для авто,Пленки защитные для авто,"64,713,954",996,2650.0%,91.5%,65.4%,895
Защитные накладки для дома,Защитные накладки для дома,"64,619,313",583,2650.0%,91.8%,58.6%,1111
Продукты / Программы питания,Программы питания,"64,616,902","1,963",2150.0%,92.8%,74.1%,647
Детям / Манежи,Манежи,"64,614,744","3,615",2650.0%,77.8%,70.7%,308
Аксессуары / Футляры для очков,Футляры для очков,"64,603,109",594,3450.0%,78.3%,49.0%,1399
Дом / Камни декоративные,Камни декоративные,"64,512,709",698,2950.0%,90.6%,57.9%,679
Закрепители для гель-лака,Закрепители для гель-лака,"64,383,563",483,3150.0%,93.3%,49.5%,575
Диспенсеры для бумажных полотенец,Диспенсеры для бумажных полотенец,"64,236,915","1,140",2950.0%,88.4%,63.2%,512
Дом / Вазы,Вазы на кладбище,"64,235,586","1,225",3450.0%,75.7%,56.9%,225
Продукты / Каши детские,Каши детские,"64,164,059",827,1950.0%,92.4%,70.0%,146
Бытовая техника / Электрощетки,Щетки для стекол,"64,115,625",878,2950.0%,87.8%,60.1%,1158
Бытовая техника / Приточные установки,Приточные установки,"64,051,458","4,204",2550.0%,100.0%,72.6%,63
Канцтовары / Блокноты творческие,Блокноты творческие,"64,034,872",498,2950.0%,88.9%,52.4%,804
Машинки против катышек,Машинки против катышек,"64,033,222",989,2550.0%,91.2%,65.6%,1166
Женщинам / Заколки-автомат,Заколки-автомат,"64,006,334",458,3450.0%,83.3%,44.5%,996
Аксессуары / Зажимы,Зажимы,"63,985,371",563,3450.0%,86.3%,49.0%,1495
Для ремонта / Счетчики газа,Счетчики газа,"63,882,139","1,749",2750.0%,73.2%,66.2%,118
Ароматизаторы воздуха электрические,Ароматизаторы воздуха электрические,"63,878,451","1,626",2550.0%,87.5%,68.9%,574
Детям / Электро-качели,Электро-качели,"63,855,081","6,543",2650.0%,78.1%,71.9%,290
Автотовары / Скобы автомобильные,Скобы автомобильные,"63,843,922","1,508",2650.0%,89.0%,67.5%,291
Аксессуары / Шапки-шлемы,Шапки-шлемы,"63,819,404",901,3450.0%,44.2%,45.4%,376
Игрушки / Бизиборды,Бизиборды,"63,787,716","1,360",2850.0%,82.4%,65.3%,966
Для ремонта / Патроны для ламп,Патроны для ламп,"63,736,600",605,2850.0%,89.3%,56.7%,486
Оборудование для автомойки,Оборудование для автомойки,"63,695,033","1,740",2650.0%,83.5%,68.0%,494
Для ремонта / Крепления для труб,Крепления для труб,"63,660,692",670,2750.0%,86.2%,58.6%,388
Красота / Масла,Масла гидравлические,"63,644,897","2,570",2650.0%,84.3%,69.9%,264
Бытовая техника / Запчасти для плит,Запчасти для плит,"63,499,418",903,2850.0%,83.7%,60.9%,387
Электроника / Фотопленки,Фотопленки,"63,431,665","1,441",2450.0%,88.6%,70.0%,184
Рычаги тормозной системы,Рычаги тормозной системы,"63,431,081","2,559",2650.0%,86.6%,70.6%,237
Фильтры для аквариума,Фильтры для аквариума,"63,414,754","1,134",2150.0%,86.4%,70.7%,457
Спорт / Шейкеры спортивные,Шейкеры спортивные,"63,376,431",706,2750.0%,86.8%,59.5%,971
Спорт / Защита тела,Защита тела,"63,362,026",941,2950.0%,58.0%,53.5%,687
Сад и дача / Покрытия резиновые,Покрытия резиновые,"63,337,618","4,134",2850.0%,88.6%,69.3%,118
Дом / Коврики для выпечки,Коврики для выпечки,"63,318,455",678,2950.0%,92.6%,57.8%,1185
Мужчинам / Гетры,Гетры,"63,292,931",582,3450.0%,73.0%,46.7%,727
Канцтовары / Ножницы канцелярские,Ножницы канцелярские,"63,178,994",547,2450.0%,91.0%,58.5%,869
Автотовары / Зубила слесарные,Зубила слесарные,"63,178,799",948,3150.0%,91.4%,59.2%,644
Спорт / Замки велосипедные,Замки велосипедные,"63,090,637",684,2750.0%,86.4%,60.1%,897
Дом / Барабаны,Барабаны,"63,063,491","2,450",2850.0%,82.7%,67.2%,466
Книжки-игрушки для малышей,Книжки-игрушки для малышей,"63,053,039","1,012",2850.0%,89.9%,63.8%,899
Мебель / Качели подвесные,Качели подвесные,"62,972,482","3,011",2800.0%,86.5%,68.9%,412
Акции / Часы наручные,Рубанки ручные,"62,813,638","1,354",3150.0%,87.6%,61.8%,532
Сад и дача / Зернодробилки,Зернодробилки,"62,750,976","5,940",2850.0%,88.2%,70.0%,166
Электроника / Фотоаппараты детские,Фотоаппараты детские,"62,743,307","2,393",2450.0%,82.5%,71.4%,336
Средства для укрепления и роста ногтей,Средства для укрепления и роста ногтей,"62,712,403",490,3250.0%,92.0%,49.8%,738
Запчасти для краскопультов,Запчасти для краскопультов,"62,705,193","1,154",3150.0%,71.4%,55.5%,277
Бактерии для септиков,Бактерии для септиков,"62,563,772",554,2750.0%,96.0%,56.1%,425
Автотовары / Тросики,Тросики системы тяг,"62,477,652","1,420",2650.0%,89.1%,67.2%,146
Тренажеры эллиптические,Тренажеры эллиптические,"62,473,530","6,171",2750.0%,94.2%,71.7%,68
Наборы аксессуаров для волос,Наборы аксессуаров для волос,"62,369,505",563,3450.0%,81.8%,48.1%,1755
Красота / Пинцеты,Пинцеты,"62,346,249",517,3250.0%,90.4%,50.4%,1078
Электроника / Диски для записи,Диски для записи,"62,338,662","1,532",2850.0%,89.1%,65.6%,181
Диски тормозные для мототехники,Диски тормозные для мототехники,"62,227,340","3,800",2650.0%,91.7%,71.2%,93
Электроника / Сканеры,Сканеры,"62,204,436","3,962",2450.0%,62.5%,72.3%,149
Дом / Елки искусственные,Газоны искусственные,"62,139,701","2,443",2950.0%,88.0%,67.2%,454
Товары для взрослых / Страпон,Страпоны,"62,079,761","3,106",2950.0%,80.2%,67.3%,202
Для ремонта / Колеса мебельные,Колеса мебельные,"62,079,244",773,2650.0%,89.5%,61.9%,875
Дом / Супницы,Супницы,"62,078,426","1,410",2950.0%,72.0%,62.6%,509
Игрушки / Автотрек,Эмблемы для авто,"62,030,117",662,2650.0%,82.4%,58.8%,565
Здоровье / Коврики массажные,Коврики массажные,"62,029,859","1,099",3150.0%,81.8%,59.6%,650
Молокоотсосы электрические,Молокоотсосы электрические,"62,021,326","1,722",2650.0%,75.2%,67.3%,547
Канцтовары / Мольберты,Мольберты,"61,928,111","1,834",2950.0%,85.3%,66.9%,623
Корзины баскетбольные,Корзины баскетбольные,"61,913,842","1,569",2750.0%,80.9%,66.2%,429
Электроника / Синтезаторы,Синтезаторы,"61,874,327","5,789",2850.0%,80.8%,70.4%,165
Красота / Бигуди,Бигуди,"61,870,864",653,3150.0%,87.8%,55.8%,1282
Дом / Благовония,Благовония,"61,824,116",498,2950.0%,91.0%,53.0%,1110
Автотовары / Очистители двигателя,Очистители двигателя,"61,786,048",715,2650.0%,93.3%,61.5%,510
Экраны для проекторов,Экраны для проекторов,"61,748,265","2,692",2750.0%,78.4%,67.4%,166
Электроника / Модули сопряжения,Модули сопряжения,"61,716,251",468,2900.0%,90.2%,54.0%,290
Внешние звуковые карты,Внешние звуковые карты,"61,715,321","1,632",2750.0%,81.9%,66.5%,282
Приборы бытового назначения,Приборы бытового назначения,"61,665,155","1,139",2750.0%,84.6%,64.2%,713
Красота / Кусачки маникюрные,Кусачки маникюрные,"61,588,336",627,3250.0%,86.0%,53.8%,1051
Сад и дача / Колокольчики,Колокольчики,"61,567,552",798,2950.0%,83.0%,59.8%,772
Для ремонта / Щетки по металлу,Щетки по металлу,"61,520,550",726,3150.0%,94.3%,56.8%,797
Электроника / Колонки компьютерные,Колонки компьютерные,"61,508,808","1,958",2450.0%,81.4%,70.5%,262
Компрессионные гольфы,Компрессионные гольфы,"61,468,621",724,3150.0%,81.8%,55.0%,276
Детям / Ходунки для малышей,Ходунки для малышей,"61,464,854","4,670",2650.0%,74.4%,71.2%,378
Для ремонта / Саморезы кровельные,Саморезы кровельные,"61,459,534",866,2050.0%,92.1%,69.5%,542
Спорт / Ролики массажные,Ролики массажные,"61,432,888","1,387",2750.0%,87.0%,65.9%,875
Детям / Детские горшки,Детские горшки,"61,298,659","1,670",2650.0%,84.2%,67.4%,700
Автотовары / Бачки ГУР,Бачки автомобильные,"61,277,940","2,064",2650.0%,88.6%,69.1%,295
Бытовая техника / Ванны ультразвуковые,Ванны ультразвуковые,"61,238,796","1,834",2750.0%,87.7%,67.5%,243
Осветлители для волос,Осветлители для волос,"61,177,200","1,215",3250.0%,89.7%,60.2%,427
Автотовары / Датчики фаз,Датчики фаз,"61,122,664","1,816",2650.0%,71.8%,67.9%,178
Игрушки / Магнитные доски,Магнитные доски,"61,067,522","1,729",2850.0%,89.9%,66.4%,591
Спорт / Другие велозапчасти,Другие велозапчасти,"61,065,847",717,2950.0%,79.2%,57.4%,436
Продукты / Ягоды сушеные,Ягоды сушеные,"60,985,742",637,2150.0%,96.5%,65.5%,584
Автотовары / Валы карданные,Валы коробки передач,"60,985,252","4,191",2650.0%,74.2%,70.9%,176
Красота / Диваны для кухни,Диваны для кухни,"60,978,545","23,889",2150.0%,95.7%,78.2%,69
Пружины для переплета,Пружины для переплета,"60,923,334","1,407",2950.0%,90.7%,64.1%,218
Для ремонта / Мешки строительные,Мешки строительные,"60,915,432",907,2050.0%,93.2%,71.3%,259
Канализационные установки,Канализационные установки,"60,896,828","1,866",2750.0%,90.9%,67.8%,195
Мужчинам / Бриджи спортивные,Бриджи спортивные,"60,834,311",912,3450.0%,47.9%,47.2%,170
Электроника / Стабилизаторы,Стабилизаторы,"60,778,856","2,968",2950.0%,75.6%,66.9%,285
Фиксаторы распредвала,Фиксаторы распредвала,"60,667,934","4,000",2650.0%,90.1%,71.3%,215
Трафареты для творчества,Трафареты для творчества,"60,666,210",419,2950.0%,83.2%,47.9%,679
Дровоколы электрические,Дровоколы электрические,"60,602,926","5,417",2850.0%,83.3%,69.7%,84
Для ремонта / Киянки,Киянки,"60,597,895","1,006",3150.0%,89.0%,59.6%,556
Для ремонта / Кронштейны настенные,Кронштейны настенные,"60,597,249","1,126",2850.0%,92.7%,63.8%,625
Для ремонта / Стержни клеевые,Стержни клеевые,"60,573,495",584,3150.0%,90.1%,53.3%,876
Мебель / Детские,Аспираторы детские,"60,528,155",976,3250.0%,85.3%,57.9%,670
Усилители интернет-сигнала,Усилители интернет-сигнала,"60,508,528","3,370",2450.0%,82.3%,72.6%,200
Плакаты,Плакаты,"60,481,664",393,2950.0%,87.7%,47.3%,767
Игровая техника,Игровая техника,"60,473,889","1,478",2850.0%,81.2%,66.3%,642
Сад и дача / Урны уличные,Урны уличные,"60,366,441","5,681",2950.0%,75.0%,68.7%,288
Аксессуары / Наклейки для техники,Наклейки для техники,"60,343,141",243,3450.0%,85.7%,27.1%,1128
Для ремонта / Петли мебельные,Петли мебельные,"60,326,945",652,2650.0%,91.0%,60.0%,738
Аксессуары / Кредитницы,Кредитницы,"60,314,552",605,3450.0%,78.4%,48.6%,829
Спорт / Сети маскировочные,Сети маскировочные,"60,183,653","2,012",2950.0%,82.6%,66.6%,488
Мебель / Столы-трансформеры,Столы-трансформеры,"60,155,985","7,324",2650.0%,87.6%,72.3%,164
Канцтовары / Файлы-вкладыши,Файлы-вкладыши,"60,136,192",760,2450.0%,93.5%,64.9%,599
Дом / Вилки столовые,Вилки столовые,"60,120,270",829,2950.0%,87.4%,59.5%,925
Очистители для салона,Очистители для салона,"60,077,450",849,2650.0%,90.6%,62.1%,817
Спорт / Груши боксерские,Груши боксерские,"60,000,390","1,584",2750.0%,83.6%,66.4%,547
Подставки для благовоний,Подставки для благовоний,"59,964,658","1,002",2950.0%,92.9%,62.3%,1097
Конденсаторы автомобильные,Конденсаторы автомобильные,"59,935,832","6,024",2150.0%,33.3%,74.5%,96
Декор для сумок и рюкзаков,Декор для сумок и рюкзаков,"59,926,850",828,3450.0%,83.0%,53.9%,934
Мебель / Столы детские,Столы детские,"59,883,478","4,805",2650.0%,80.6%,71.4%,254
Сад и дача / Подвески интерьерные,Подвески интерьерные,"59,787,150",706,2950.0%,85.9%,59.2%,823
Продукты / Варенье,Варенье,"59,766,475",603,2150.0%,94.3%,64.4%,476
Автотовары / Тестеры заряда АКБ,Тестеры заряда АКБ,"59,680,084","1,110",2650.0%,92.1%,65.7%,497
Усилители для светодиодных лент,Усилители для светодиодных лент,"59,666,861",598,3250.0%,100.0%,54.1%,87
Другие принадлежности для рыбалки,Другие принадлежности для рыбалки,"59,661,868",568,2950.0%,89.3%,57.4%,827
Продукты / Пасты ореховые,Пасты ореховые,"59,613,216",669,2150.0%,92.8%,64.7%,268
Аксессуары / Зажимы,Зажимы для опалубки,"59,593,091","1,274",2850.0%,100.0%,65.2%,67
Приспособления для прочистки труб,Приспособления для прочистки труб,"59,584,549",697,2950.0%,86.6%,57.2%,805
Дом / Наборы для лепки,Наборы для лепки,"59,583,893",736,2950.0%,90.0%,58.8%,959
Спорт / Турники,Турники,"59,523,936","2,950",2750.0%,85.3%,69.4%,335
Дом / Лопатки кухонные,Лопатки кухонные,"59,522,539",588,2950.0%,91.4%,56.3%,1672
Насадки для реноваторов,Насадки для реноваторов,"59,503,769",767,3150.0%,94.6%,58.5%,217
Транспортные средства / Питбайки,Питбайки,"59,334,473","115,762",50.0%,100.0%,99.4%,28
Зоотовары / Обувь для животных,Обувь для животных,"59,295,150",890,2150.0%,40.4%,56.3%,631
Акции / Дренаж,Дренажи,"59,276,021",668,2950.0%,93.5%,57.7%,709
Мебель / Системы,Системы выпуска,"59,267,512","1,488",2650.0%,85.7%,67.2%,169
Дом / Видеоняни,Видеоняни,"59,265,532","3,686",2650.0%,82.0%,70.9%,399
Для ремонта / Аварийное освещение,Аварийное освещение,"59,265,163","1,000",2850.0%,100.0%,63.5%,104
Спорт / Наборы для фитнеса,Наборы для фитнеса,"59,128,926","1,077",2750.0%,94.2%,64.9%,637
Воздуховоды автомобильные,Воздуховоды автомобильные,"59,092,822","1,642",2650.0%,72.3%,66.8%,440
Автотовары / Мотоперчатки,Мотоперчатки,"59,057,314","1,410",2650.0%,61.4%,64.3%,245
Дом / Плейсматы,Плейсматы,"58,970,767",781,2950.0%,76.9%,58.1%,886
Стопоры и ограничители двери,Стопоры и ограничители двери,"58,944,487",558,2350.0%,90.3%,60.6%,1274
Спорт / Фитболы,Фитболы,"58,921,221","1,344",2750.0%,87.4%,65.7%,717
Дом / Пьезозажигалки,Зажигалки,"58,898,262",862,2850.0%,94.6%,61.7%,578
Для ремонта / Сетки заборные,Сетки заборные,"58,869,639","1,631",2850.0%,86.7%,65.8%,208
Спорт / Сумки рыболовные,Сумки рыболовные,"58,803,252","1,694",2950.0%,86.9%,65.1%,423
Дом / Кубки подарочные,Кубки подарочные,"58,789,926","1,063",3250.0%,75.8%,59.3%,511
Дом / Стопки,Стопки,"58,768,042",818,2950.0%,87.8%,59.4%,1066
Аккумуляторы для лодок,Аккумуляторы для лодок,"58,712,836","15,533",2950.0%,93.3%,69.9%,54
Стиральные машины ультразвуковые,Стиральные машины ультразвуковые,"58,694,648","2,115",2550.0%,82.8%,69.9%,656
Дом / Блюда-этажерки,Блюда-этажерки,"58,688,516","1,947",2950.0%,58.6%,65.5%,447
Эпоксидная смола для творчества,Эпоксидная смола для творчества,"58,687,021",918,2950.0%,89.2%,61.1%,463
Для ремонта / Вилки силовые,Вилки силовые,"58,686,637",711,2350.0%,95.7%,64.7%,446
Спорт / Монокуляры,Монокуляры,"58,647,390","1,990",2750.0%,84.2%,67.7%,465
Здоровье / Ходунки медицинские,Ходунки медицинские,"58,645,999","6,669",3250.0%,74.6%,65.9%,126
Дом / Противни,Противни,"58,579,428","1,168",2950.0%,80.2%,63.1%,918
Сад и дача / Шапки для бани,Шапки для бани,"58,574,325",695,2850.0%,83.5%,57.7%,758
Энергетические напитки,Энергетические напитки,"58,510,096",945,2150.0%,85.7%,68.6%,175
Отбеливающие средства для зубов,Отбеливающие средства для зубов,"58,481,895",548,3100.0%,89.7%,52.7%,573
Разветвители прикуривателя,Разветвители прикуривателя,"58,455,292",733,2650.0%,90.4%,61.4%,1146
Держатели для пустышек,Держатели для пустышек,"58,400,125",655,2650.0%,90.5%,60.0%,657
Смеси диетические детские,Смеси диетические детские,"58,379,594","1,356",2250.0%,92.5%,71.1%,135
Красота / Пена для ванны,Пена для ванны,"58,307,331",606,3250.0%,94.9%,53.6%,1040
Для ремонта / Трансформаторы,Трансформаторы,"58,203,034","2,284",2850.0%,90.4%,67.6%,160
Инструменты для пчеловодства,Инструменты для пчеловодства,"58,131,170","1,145",2150.0%,91.7%,70.9%,277
Насадки для электрических зубных щеток,Насадки для электрических зубных щеток,"58,122,765",987,2550.0%,91.8%,65.7%,687
Дом / Емкости из полимеров,Емкости из полимеров,"58,083,652",828,2950.0%,88.0%,58.7%,704
Спорт / Насосы велосипедные,Насосы велосипедные,"58,065,170","1,139",2750.0%,91.2%,64.8%,666
Колодки для мотоциклов,Колодки для мотоциклов,"57,995,418","1,194",2650.0%,85.8%,65.7%,446
Сад и дача / Культиваторы ручные,Культиваторы ручные,"57,915,066","1,263",2900.0%,85.2%,63.6%,418
Автоклавы для консервирования,Автоклавы для консервирования,"57,876,632","6,411",2450.0%,86.2%,74.1%,122
Декодеры для управления светом,Декодеры для управления светом,"57,875,922",667,3250.0%,89.4%,53.6%,160
Аксессуары для воздушных шаров,Аксессуары для воздушных шаров,"57,816,595",790,3250.0%,88.5%,56.1%,563
Продукты / Глазурь,Глазурь,"57,812,465",421,2150.0%,90.0%,57.4%,237
Канцтовары / Брошюровщики,Брошюровщики,"57,811,003","5,117",2950.0%,87.4%,68.5%,157
Дом / Постеры,Постеры,"57,762,703",533,2950.0%,83.1%,55.1%,1016
Принадлежности для гриля и барбекю,Принадлежности для гриля и барбекю,"57,651,184","1,370",2850.0%,83.9%,64.5%,837
Электроника / Стекла защитные,Стекла автомобильные,"57,640,451","1,487",2650.0%,85.1%,67.2%,235
Спорт / Велоинструменты,Велоинструменты,"57,611,804",704,2750.0%,89.6%,61.4%,840
Звукоизоляционный материал для авто,Звукоизоляционный материал для авто,"57,593,006","1,396",2400.0%,89.2%,70.3%,358
Составляющие рулевых тяг,Составляющие рулевых тяг,"57,592,302","1,492",2150.0%,96.2%,72.9%,55
Спорт / Щитки,Щитки,"57,467,469",445,2950.0%,66.6%,44.2%,534
Автотовары / Блок цилиндра,Гильзы цилиндра,"57,303,480","3,368",2650.0%,100.0%,71.1%,137
Для ремонта / Ленты крепежные,Ленты крепежные,"57,295,892",836,2850.0%,89.4%,61.0%,396
Спорт / Ботинки горнолыжные,Ботинки горнолыжные,"57,166,175","6,768",2950.0%,100.0%,69.3%,30
Дом / Бумага для выпечки,Бумага для выпечки,"57,136,794",682,2550.0%,95.5%,62.4%,789
Дом / Воки,Воки,"57,021,342","2,832",2950.0%,83.5%,67.2%,317
Для ремонта / Линолеум,Линолеум,"57,021,267","10,897",2850.0%,89.1%,70.6%,33
Женщинам / Бордшорты,Бордшорты,"57,010,335","1,217",3450.0%,49.2%,52.1%,199
Детям / Халаты рабочие,Халаты рабочие,"56,986,601","1,610",3450.0%,66.2%,57.4%,169
Краны запорные автомобильные,Краны запорные автомобильные,"56,980,905","2,469",2650.0%,90.0%,69.9%,286
Комплектующие для дистиллятора,Комплектующие для дистиллятора,"56,980,079","1,051",2950.0%,90.3%,62.8%,247
Мужчинам / Кофты спортивные,Кофты спортивные,"56,938,264","1,093",3450.0%,44.1%,48.9%,198
Для ремонта / Фиксаторы арматуры,Фиксаторы арматуры,"56,911,037","1,065",2450.0%,66.7%,64.2%,148
Дом / Френч-прессы,Френч-прессы,"56,862,172","1,376",2950.0%,82.6%,63.4%,590
Для ремонта / Окна,Окна,"56,850,923","6,742",2850.0%,88.6%,70.2%,212
Аксессуары для автокресел,Аксессуары для автокресел,"56,823,828","1,205",2650.0%,84.3%,65.6%,869
Сад и дача / Маски для плавания,Маски для плавания,"56,794,408","1,284",2750.0%,72.9%,64.0%,630
Продукты / Пюре детские,Пюре детские,"56,761,482",672,2050.0%,96.1%,66.9%,153
Спорт / Седла велосипедные,Седла велосипедные,"56,754,453","1,346",2750.0%,84.4%,65.5%,452
Канцтовары / Картон,Картон,"56,743,013",643,2450.0%,93.2%,63.4%,792
Другие аксессуары для багажа,Другие аксессуары для багажа,"56,726,506","1,101",3450.0%,100.0%,58.2%,302
Самоклеящиеся напольные покрытия,Самоклеящиеся напольные покрытия,"56,611,593","1,375",2800.0%,82.6%,64.4%,241
Спорт / Шапочки для плавания,Шапочки для плавания,"56,551,655",567,2950.0%,71.1%,47.8%,951
Электроника / Дверные звонки,Дверные звонки,"56,530,349","1,208",2450.0%,87.0%,68.4%,607
Мужчинам / Жилеты спортивные,Жилеты спортивные,"56,498,560","1,338",3450.0%,41.5%,54.1%,326
Красота / Гели для бритья,Гели для бритья,"56,433,692",573,3250.0%,94.7%,52.8%,695
Обувь / Сноубутсы,Сноубутсы,"56,371,127","2,067",3450.0%,43.8%,56.7%,261
Продукты / Цикорий,Цикорий,"56,356,354",581,2150.0%,96.7%,64.3%,372
Пакеты для вакууматора,Пакеты для вакууматора,"56,290,810",930,2550.0%,96.3%,65.6%,524
Канцтовары / Записные книжки,Записные книжки,"56,261,748",504,2950.0%,77.0%,49.9%,471
Сад и дача / Аксессуары для кукол,Аксессуары для кукол,"56,216,691",709,2850.0%,86.4%,58.4%,1089
Дом / Штопоры,Штопоры,"56,188,810",814,2950.0%,90.4%,59.6%,1047
Продукты / Овощи сушеные,Овощи сушеные,"56,175,080",449,2150.0%,96.0%,59.9%,356
Акции / Бензорез,Бензорезы,"56,154,011","40,124",3050.0%,100.0%,69.3%,92
Инструменты для выравнивания плитки,Инструменты для выравнивания плитки,"56,140,057",834,3150.0%,87.2%,57.9%,574
Крышки маслозаливной горловины,Крышки маслозаливной горловины,"56,131,142",715,2650.0%,87.0%,60.6%,470
Вибропоглощающий материал для авто,Вибропоглощающий материал для авто,"56,122,247","1,060",2650.0%,89.3%,65.1%,301
Сад и дача / Септик,Антисептики кожные,"56,112,883",578,2550.0%,93.6%,61.5%,398
Дом / Лотки для приборов,Лотки для приборов,"56,106,876","1,082",2950.0%,78.7%,61.1%,1054
Растворы для контактных линз,Растворы для контактных линз,"56,093,756",790,3050.0%,95.9%,59.4%,193
Ножницы для рукоделия,Ножницы для рукоделия,"56,068,754",694,2950.0%,91.1%,58.9%,1022
Автотовары / Очки для водителей,Очки для водителей,"56,064,981",735,2650.0%,61.9%,55.9%,679
Электроника / Моноподы,Моноподы,"56,030,574","1,604",2950.0%,79.4%,64.2%,640
Сад и дача / Фотосетки для декора,Фотосетки для декора,"55,981,055","1,982",2950.0%,86.6%,65.8%,199
Игрушки / Игрушки-подвески,Игрушки-подвески,"55,972,433",952,2850.0%,85.4%,61.7%,1039
Чехлы для смарт-часов,Чехлы для смарт-часов,"55,905,963",468,2950.0%,78.3%,48.7%,271
Сад и дача / Термометры комнатные,Термометры комнатные,"55,903,498",930,2950.0%,91.3%,63.0%,690
Книги / Журналы,Журналы,"55,881,541",392,2950.0%,94.6%,48.9%,399
Запчасти для водонагревателей,Запчасти для водонагревателей,"55,838,264",936,2750.0%,87.9%,62.8%,432
Для ремонта / Гвоздодер,Гвоздодеры,"55,838,135","1,500",3150.0%,91.7%,62.7%,373
Гвозди для инструмента,Гвозди для инструмента,"55,811,043","1,309",2850.0%,86.2%,64.4%,331
Мужчинам / Свитшоты спортивные,Свитшоты спортивные,"55,785,738","2,123",3450.0%,41.6%,56.4%,239
Держатели для съемки смартфоном,Держатели для съемки смартфоном,"55,775,520","1,116",2950.0%,86.3%,62.2%,1033
Автотовары / Кабели автомобильные,Кабели автомобильные,"55,638,901",868,2650.0%,81.6%,62.2%,403
Бытовая техника / Холодильные витрины,Витрины,"55,629,957","21,968",2600.0%,30.0%,72.8%,141
Мужчинам / Гидромайки,Гидромайки,"55,542,681","2,057",3450.0%,46.4%,57.1%,102
Для ремонта / Донные клапаны,Донные клапаны,"55,443,299","1,322",2750.0%,68.7%,63.7%,318
Дом / Захваты для банок,Захваты для блоков,"55,367,015","3,224",3000.0%,77.8%,66.8%,101
Игрушки / Кубики,Кубики,"55,361,666","1,355",2850.0%,91.5%,65.8%,1136
Дом / Сифоны для воды,Сифоны для воды,"55,360,020","2,004",2150.0%,89.9%,74.1%,245
Спорт / Топы-бра,Топы-бра,"55,313,089",646,3450.0%,37.2%,32.2%,273
Формы для наращивания ногтей,Формы для наращивания ногтей,"55,299,797",486,3250.0%,86.1%,48.4%,612
Карандаши механические,Карандаши механические,"55,278,525",886,2450.0%,90.1%,65.5%,476
Здоровье / Товары для стоп,Товары для стоп,"55,241,153",671,2750.0%,77.2%,56.3%,292
Аксессуары для автоприцепов,Аксессуары для автоприцепов,"55,220,627","1,018",2600.0%,84.3%,64.7%,441
Паровые шкафы для одежды,Паровые шкафы для одежды,"55,186,898","164,999",1950.0%,100.0%,80.5%,12
Канцтовары / Ластики,Ластики,"55,113,858",507,2450.0%,92.1%,57.9%,764
Сад и дача / Обливные устройства,Устройства защиты,"55,092,045","1,872",2850.0%,93.7%,66.9%,58
Сад и дача / Ящики для рассады,Ящики для рассады,"55,050,848",898,2950.0%,84.1%,59.9%,436
Продукты / Спирулина,Рули автомобильные,"55,043,181","2,610",2650.0%,74.6%,69.4%,245
Дом / Копилки,Пилки для лобзика,"55,034,184",555,3150.0%,94.7%,53.8%,531
Канцтовары / Демопанели,Панели приборов,"54,998,556","1,186",2650.0%,77.0%,64.7%,370
Фильтры гидравлические,Фильтры гидравлические,"54,988,259","2,478",2650.0%,50.0%,67.0%,122
Товары для взрослых / Насадки на член,Насадки на член,"54,965,475","1,109",2950.0%,90.4%,62.5%,339
Аксессуары / Шапки,Шапки-ушанки,"54,848,265","1,203",3450.0%,43.2%,50.1%,974
Продукты / Смеси для выпечки,Смеси для выпечки,"54,832,900",579,1650.0%,94.6%,69.5%,446
Наполнители для подарков,Наполнители для подарков,"54,767,181",519,3250.0%,79.7%,48.2%,595
Красота / Корректоры,Корректоры осанки,"54,747,186",969,3250.0%,51.2%,51.4%,472
Сад и дача / Магниты сувенирные,Магниты сувенирные,"54,743,584",228,2950.0%,91.7%,33.4%,1442
Канцтовары / Магниты канцелярские,Магниты канцелярские,"54,679,715",390,2450.0%,91.3%,53.0%,473
Дом / Флагштоки,Флагштоки,"54,673,883",995,3250.0%,89.5%,58.5%,276
Спорт / Крылья велосипедные,Крылья велосипедные,"54,614,430",851,2750.0%,88.2%,61.8%,370
Сад и дача / Держатели для кашпо,Держатели для кашпо,"54,608,987","1,144",2950.0%,91.8%,62.9%,620
Дом / Масленки,Масленки,"54,479,812",898,2950.0%,83.6%,60.3%,1210
Балансиры автомобильные,Балансиры автомобильные,"54,471,459","1,500",2650.0%,89.5%,67.5%,154
Инвалидные коляски электрические,Инвалидные коляски электрические,"54,405,054","53,338",3250.0%,80.2%,67.3%,31
Аксессуары / Берет,Береты,"54,398,510",783,3450.0%,51.0%,44.6%,649
Автотовары / Линзы в фары,Фары для мототехники,"54,377,498","1,041",2650.0%,78.0%,63.7%,312
Обложки для переплета,Обложки для переплета,"54,319,675","1,318",2950.0%,89.0%,63.8%,233
Для ремонта / Молдинги,Молдинги,"54,208,844","1,236",2700.0%,81.0%,65.4%,313
Дом / Корзины для пикника,Корзины для пикника,"54,198,239","1,794",2850.0%,43.8%,61.3%,489
Дом / Воски для свечей,Воски для свечей,"54,166,880",842,2950.0%,88.4%,59.8%,499
Электроника / Громкоговорители,Громкоговорители,"54,127,521","1,684",2750.0%,100.0%,67.7%,339
Продукты / Яйца,Яйца сувенирные,"54,049,383","1,071",2950.0%,73.9%,60.4%,540
Спорт / Маски спортивные,Маски спортивные,"54,036,793","1,209",2950.0%,53.9%,58.2%,505
Аксессуары для увлажнителей и очистителей,Аксессуары для увлажнителей и очистителей,"54,008,158","1,725",2550.0%,88.0%,69.2%,653
Ресиверы телевизионные,Ресиверы телевизионные,"53,984,447","2,218",2150.0%,89.5%,74.5%,401
Канцтовары / Бланки,Бланки,"53,953,189",727,2950.0%,85.2%,57.6%,458
Спорт / Туфли спортивные,Туфли спортивные,"53,901,877","1,472",3450.0%,27.5%,45.8%,67
Продукты / Топпинги,Топпинги,"53,771,878","1,132",2150.0%,92.8%,70.9%,235
Дом / Абажуры,Абажуры,"53,750,167","1,160",2950.0%,74.3%,62.0%,654
Дом / Мармиты,Мармиты,"53,735,505","4,182",2800.0%,81.2%,69.6%,267
Канцтовары / Линейки,Линейки,"53,710,494",458,2450.0%,92.2%,57.3%,1128
Спорт / Печи туристические,Печи туристические,"53,664,344","1,571",2750.0%,81.8%,66.3%,361
Акции / Субстрат,Субстраты,"53,652,618",844,2950.0%,92.6%,60.9%,616
Сад и дача / Кресла подвесные,Кресла подвесные,"53,554,467","9,920",2650.0%,84.2%,72.4%,178
Дом / Кремы для уборки,Кремы для уборки,"53,414,469",576,2950.0%,95.2%,55.9%,855
Емкости для масла и уксуса,Емкости для масла и уксуса,"53,362,847",897,2950.0%,91.3%,60.7%,1372
Игрушки / Мозаики,Мозаики,"53,356,437",682,2850.0%,91.8%,58.9%,885
Автотовары / Тормозные диски,Тормозные диски,"53,355,620","3,424",2750.0%,79.0%,69.4%,190
Спорт / Стрипы,Стрипы,"53,289,223","1,329",3450.0%,30.8%,48.0%,94
Здоровье / Прочие инструменты,Прочие инструменты,"53,268,599",915,2750.0%,85.5%,62.3%,257
Для ремонта / Кнопки смыва,Кнопки смыва,"53,227,546","1,985",2750.0%,45.3%,63.6%,314
Бытовая техника / Кухонные весы,Кухонные весы,"53,222,659","1,049",2450.0%,86.0%,67.5%,1181
Спорт / Круги для плавания,Круги полировальные,"53,203,208",775,3050.0%,89.1%,57.9%,771
Стерилизаторы косметологические,Стерилизаторы косметологические,"53,066,505","1,622",2550.0%,82.6%,68.4%,364
Аксессуары / Банты,Банты,"52,884,561",351,3450.0%,79.5%,36.8%,1638
Спорт / Жилеты страховочные,Привязи страховочные,"52,810,173","1,845",2750.0%,80.5%,66.7%,133
Мебель / Ящики,Балконные ящики,"52,730,823","1,461",2950.0%,80.6%,63.7%,302
Здоровье / Столы массажные,Столы массажные,"52,670,883","9,891",3150.0%,80.4%,67.5%,58
Дом / Отбеливатели,Отбеливатели,"52,587,707",633,2950.0%,95.3%,57.2%,1195
Автотовары / Губки для автомобиля,Губки для автомобиля,"52,548,076",588,2150.0%,92.3%,63.8%,894
Игрушки / Качалки,Качалки,"52,542,776","5,046",2850.0%,79.6%,69.5%,222
Дом / Прихватки,Прихватки,"52,530,852",524,2950.0%,91.1%,53.7%,997
Автотовары / Сирены неавтономные,Автономные отопители,"52,499,756","1,214",2650.0%,83.1%,65.6%,433
Детям / Кресла детские,Кресла детские,"52,475,301","5,030",2650.0%,81.3%,71.5%,203
Электроника / Wi-Fi-адаптер,Wi-Fi-адаптеры,"52,463,188","1,137",2450.0%,89.0%,67.3%,626
Аксессуары для парикмахеров,Аксессуары для парикмахеров,"52,456,715",910,3250.0%,92.9%,58.0%,642
Электроника / Трансиверы,Трансиверы,"52,451,848","1,272",2900.0%,100.0%,64.7%,124
Дом / Шприцы колбасные,Шприцы плунжерные,"52,385,505","1,360",3150.0%,95.6%,62.3%,595
Сад и дача / Механизмы для часов,Механизмы для часов,"52,378,732",993,2950.0%,83.0%,57.2%,303
Аксессуары и запчасти для посудомоечных машин,Аксессуары и запчасти для посудомоечных машин,"52,348,201","1,330",2850.0%,85.7%,64.5%,320
Электроника / Крепления для камер,Крепления для камер,"52,335,558","1,496",2850.0%,85.3%,65.2%,410
Автотовары / Провода прикуривания,Провода прикуривания,"52,281,555","1,146",2650.0%,87.9%,65.6%,659
Товары для взрослых / Вибраторы,Вибраторы глубинные,"52,196,196","5,866",3050.0%,83.8%,67.9%,159
Дозаторы для напитков,Дозаторы для напитков,"52,186,587","1,255",2950.0%,90.2%,64.7%,569
Сад и дача / Подметальные машины,Подметальные машины,"52,113,965","1,021",2850.0%,100.0%,63.7%,140
Автотовары / Гайки секретные,Гайки секретные,"52,071,307",768,2650.0%,78.8%,61.6%,332
Женщинам / Трусы,Трусы для малышей,"51,960,667",618,3450.0%,78.1%,48.9%,387
Дом / Ловец снов,Ловцы снов,"51,796,795",763,2950.0%,84.6%,58.1%,463
Бытовая техника / Электрощетки,Электрощетки,"51,772,316","1,474",2550.0%,86.1%,68.2%,558
Соединительные элементы,Соединительные элементы,"51,762,322",708,2650.0%,90.0%,60.9%,333
Ароматизаторы для бани,Ароматизаторы для бани,"51,750,285",832,3050.0%,95.3%,59.4%,594
Автотовары / Защита бампера,Защита бампера,"51,740,487","1,484",2650.0%,85.3%,67.2%,385
Для ремонта / Проволоки вязальные,Проволоки вязальные,"51,725,971",791,2850.0%,90.4%,61.8%,291
Направляющие мебельные,Направляющие мебельные,"51,684,424",858,2650.0%,87.0%,62.7%,564
Здоровье / Салфетки медицинские,Салфетки медицинские,"51,661,484",533,3000.0%,96.5%,54.4%,381
Товары для взрослых / Анальные пробки,Анальные пробки,"51,590,852","1,184",2950.0%,87.3%,61.7%,604
Красота / Атомайзеры,Атомайзеры,"51,555,460",730,3250.0%,87.8%,55.0%,819
Утеплители напыляемые,Утеплители напыляемые,"51,529,820","2,002",2050.0%,91.9%,75.2%,81
Средства для уборки за животными,Средства для уборки за животными,"51,526,991",926,2150.0%,91.9%,69.1%,540
Спорт / Гири,Гири,"51,485,371","4,564",2750.0%,81.8%,70.4%,157
Ботинки сноубордические,Ботинки сноубордические,"51,446,779","23,373",3450.0%,12.5%,60.1%,16
Канцтовары / Журналы учета,Журналы учета,"51,335,068",737,2950.0%,90.1%,61.9%,358
Датчики контроля массы и объема воздуха,Датчики контроля массы и объема воздуха,"51,291,077","4,267",2650.0%,88.5%,71.4%,119
Канцтовары / Маркеры,Маркеры строительные,"51,234,280",629,2650.0%,87.2%,58.9%,404
Ленты перфорированные,Ленты перфорированные,"51,229,840",893,2850.0%,93.2%,61.9%,288
Спорт / Шнуры плетеные,Шнуры плетеные,"51,199,949",812,2750.0%,91.1%,61.7%,687
Для ремонта / Бордюры для ванны,Бордюры для ванны,"51,191,029",541,2750.0%,89.6%,56.0%,869
Игрушки / Железные дороги,Железные дороги,"51,180,349","2,056",2850.0%,85.9%,67.4%,681
Дом / Мешки кондитерские,Мешки кондитерские,"51,179,390",517,2950.0%,91.3%,53.5%,901
Красота / Гидролаты,Гидролаты,"51,171,124",506,3250.0%,94.4%,50.8%,346
Регуляторы холостого хода,Регуляторы холостого хода,"51,141,745","1,418",2650.0%,75.7%,66.0%,322
Аксессуары / Варежки,Варежки,"51,076,808",602,3450.0%,64.4%,44.9%,1459
Продукты / Батончики злаковые,Батончики злаковые,"51,030,769",647,2150.0%,95.9%,65.6%,311
Детям / Прыгунки,Прыгунки,"51,006,913","2,570",2650.0%,84.2%,69.8%,310
Фурнитура для игрушек,Фурнитура для игрушек,"50,960,760",444,2950.0%,91.1%,50.7%,745
Канцтовары / Скрепки,Скрепки,"50,959,364",548,2450.0%,92.0%,59.6%,381
Для ремонта / Мастика битумная,Мастика битумная,"50,947,797","1,550",2750.0%,91.9%,66.9%,158
Детям / Кровати-манежи,Кровати-манежи,"50,934,249","5,443",2650.0%,82.7%,71.7%,125
Запчасти для игровых консолей,Запчасти для игровых консолей,"50,841,479",883,2150.0%,82.0%,67.9%,442
Дом / Сухоцветы,Сухоцветы,"50,828,196",634,2950.0%,81.1%,54.5%,912
Фильтры для противогазов,Фильтры для противогазов,"50,814,077","1,917",2850.0%,100.0%,67.3%,68
Системы защиты от протечки воды,Системы защиты от протечки воды,"50,813,447","2,664",2250.0%,83.1%,75.0%,129
Обувь / Краски для обуви,Краски для обуви,"50,803,950",639,3450.0%,91.2%,51.8%,590
Чехлы для брелоков автомобильной сигнализации,Чехлы для брелоков автомобильной сигнализации,"50,803,816",900,3450.0%,79.4%,54.3%,693
Очистители для унитаза,Очистители для унитаза,"50,770,552",578,2950.0%,97.2%,56.3%,1046
Тенты для садовых качелей,Тенты для садовых качелей,"50,736,321","2,689",2850.0%,88.3%,68.1%,135
Клеммы для аккумуляторов,Клеммы для аккумуляторов,"50,702,907",588,2650.0%,90.7%,59.2%,686
Крышки для гастроемкостей,Крышки для гастроемкостей,"50,697,315","1,649",2950.0%,97.0%,65.5%,305
Мужчинам / Джерси,Джерси,"50,672,916","3,135",3450.0%,57.4%,61.1%,200
Шлемы сноубордические,Шлемы сноубордические,"50,596,901","4,442",2900.0%,39.4%,66.4%,129
Спорт / Тенты,Тенты для мотоциклов,"50,486,319","1,510",2650.0%,87.2%,68.3%,283
Автотовары / Двигатели вентилятора,Двигатели в сборе,"50,473,994","1,767",2650.0%,80.7%,67.7%,106
Дом / Ножи столовые,Ножи столовые,"50,441,666",998,2950.0%,80.9%,60.6%,813
Автотовары / Защита радиатора,Защита радиатора,"50,423,189","2,629",2650.0%,75.0%,69.4%,337
Фотоловушки,Фотоловушки,"50,311,068","1,590",2750.0%,92.9%,67.1%,185
Аксессуары / Ювелирный пирсинг,Ювелирный пирсинг,"50,309,814",584,3300.0%,69.8%,47.4%,152
Канцтовары / Пастель,Пастель,"50,240,955",786,2950.0%,90.2%,59.2%,324
Аксессуары / Диадемы,Диадемы,"50,237,919",724,3450.0%,64.7%,48.4%,797
Автотовары / Круглогубцы,Круглогубцы,"50,219,640",738,3150.0%,85.1%,55.8%,211
Автотовары / Тормозные жидкости,Тормозные жидкости,"50,152,491",803,2150.0%,88.7%,67.3%,279
Палки для скандинавской ходьбы и треккинга,Палки для скандинавской ходьбы и треккинга,"50,144,558","1,799",2750.0%,82.6%,67.1%,508
Соль для посудомоечной машины,Соль для посудомоечной машины,"50,116,469",612,2950.0%,96.4%,56.9%,428
Кольца синхронизатора,Кольца синхронизатора,"50,099,541","5,198",2650.0%,90.2%,71.8%,156
Автотовары / Топливные баки,Топливные баки,"50,096,788","1,356",2650.0%,90.0%,66.9%,333
Корпуса для накопителей,Корпуса для накопителей,"50,066,066",888,2450.0%,88.6%,65.3%,354
Вакуумно-волновые стимуляторы,Вакуумно-волновые стимуляторы,"50,065,140","3,035",2950.0%,55.2%,65.7%,289
Спорт / Крючки рыболовные,Крючки рыболовные,"50,052,878",385,2750.0%,90.5%,49.5%,623
Шпагат хозяйственно-бытовой,Шпагат хозяйственно-бытовой,"49,975,480",562,2850.0%,92.4%,56.1%,689
Спорт / Амортизаторы задние,Амортизаторы задние,"49,957,394","2,562",2750.0%,70.9%,68.4%,108
Инструменты для маникюра и педикюра,Инструменты для маникюра и педикюра,"49,954,895",621,2750.0%,94.3%,58.8%,821
Аксессуары / Канекалон,Канекалон,"49,900,895",404,3450.0%,87.0%,42.7%,280
Сад и дача / Компостеры садовые,Компостеры садовые,"49,877,697","1,603",2950.0%,88.9%,64.9%,205
Электроника / Проекторы лазерные,Проекторы лазерные,"49,851,060","1,774",2150.0%,80.6%,72.9%,489
Канцтовары / Корректирующие ленты,Корректирующие ленты,"49,836,180",579,2450.0%,94.3%,60.9%,441
Сигнализации автомобильные,Сигнализации автомобильные,"49,805,028","1,907",2650.0%,85.0%,68.6%,554
Дом / Емкости для выпечки,Емкости для выпечки,"49,784,749",789,2950.0%,87.4%,58.9%,779
Канцтовары / Стержни для ручек,Стержни для ручек,"49,766,463",618,2950.0%,93.8%,58.1%,491
Песочницы,Песочницы,"49,735,167","1,372",2850.0%,80.4%,64.2%,301
Аксессуары / Шпильки-спиральки,Шпильки,"49,674,485",546,3450.0%,90.2%,49.3%,910
Красота / Пэды косметические,Пэды косметические,"49,647,391",920,3250.0%,89.7%,57.8%,608
Дом / Совки,Совки,"49,641,241",898,2950.0%,72.6%,60.4%,649
Постельное белье для малышей,Постельное белье для малышей,"49,621,172","1,730",2650.0%,88.5%,68.3%,276
Детям / Шезлонги детские,Шезлонги детские,"49,609,200","3,884",2650.0%,77.4%,70.8%,355
Канцтовары / Бейджи,Бейджи,"49,604,709",577,2450.0%,87.5%,57.8%,928
Полукомбинезоны спортивные,Полукомбинезоны спортивные,"49,586,302","1,729",3450.0%,36.1%,52.7%,78
Дом / Бумага для рукоделия,Бумага для рукоделия,"49,581,175",482,2950.0%,84.1%,51.4%,740
Расчески для животных,Расчески для животных,"49,570,501",649,2150.0%,91.0%,65.6%,1185
Дом / Звукосниматели,Звукосниматели,"49,552,044","1,184",2850.0%,100.0%,64.7%,159
Трубы для канализации,Трубы для канализации,"49,551,440",824,2750.0%,100.0%,61.5%,282
Подложки для десертов,Подложки для десертов,"49,538,067",798,2950.0%,88.4%,59.2%,462
Для ремонта / Маски паяльные,Флюсы паяльные,"49,525,389",583,3050.0%,94.8%,55.0%,409
Красота / Зубные нити,Зубные нити,"49,422,462",632,3250.0%,96.0%,54.3%,764
Наборы для ухода за новорожденными,Наборы для ухода за новорожденными,"49,415,074",820,2650.0%,87.9%,62.4%,604
Запчасти для кулеров воды,Запчасти для кулеров воды,"49,406,943","1,229",2450.0%,100.0%,69.0%,202
Дом / Терки,Терки,"49,362,844",752,2950.0%,90.3%,59.7%,1454
Толстовки для животных,Толстовки для животных,"49,333,451",771,2150.0%,57.8%,60.5%,547
Бытовая техника / Помпы для воды,Помпы для воды,"49,243,023","1,090",2550.0%,93.6%,66.8%,874
Дом / Вазон,Вазоны,"49,226,684","1,234",2950.0%,79.7%,63.2%,373
Аксессуары / Балаклавы,Балаклавы,"49,166,477",695,3450.0%,57.8%,45.6%,1156
Корзины для велосипеда,Корзины для велосипеда,"49,134,311","1,207",2750.0%,83.1%,64.5%,277
Теплообменники салонные,Теплообменники салонные,"49,127,493","4,143",2650.0%,80.0%,71.1%,125
Сад и дача / Пропалыватели,Пропалыватели,"49,125,379",756,2950.0%,91.4%,58.9%,762
Аксессуары для проигрывателей,Аксессуары для проигрывателей,"49,123,508","1,087",2450.0%,84.8%,66.8%,237
Очистители автостекол,Очистители автостекол,"48,971,508",636,2650.0%,88.4%,59.3%,796
Пакеты для стерилизации инструментов,Пакеты для стерилизации инструментов,"48,947,374",616,3200.0%,95.5%,54.4%,296
Электроника / Извещатели пожарные,Извещатели пожарные,"48,918,155","1,701",2450.0%,85.0%,70.0%,182
Для ремонта / Керамогранит,Керамогранит,"48,877,214","4,305",2700.0%,68.2%,70.3%,37
Комплектующие для душевых кабин,Комплектующие для душевых кабин,"48,875,684",874,2750.0%,85.9%,61.8%,250
Красота / Щетки косметические,Щетки косметические,"48,859,276",698,3250.0%,88.1%,54.5%,1423
Игрушки / Мячики,Мячики,"48,848,863",697,2850.0%,87.8%,59.6%,999
Красота / Лупы настольные,Лупы настольные,"48,797,247","1,470",2950.0%,82.0%,63.9%,347
Спорт / Прикормки для рыб,Прикормки для рыб,"48,777,365",424,2750.0%,95.4%,52.7%,484
Дом / Защитные экраны,Защитные экраны,"48,725,775",873,2950.0%,85.4%,59.8%,618
Автотовары / Пепельницы автомобильные,Пепельницы,"48,662,646",819,2850.0%,87.8%,60.4%,940
Для ремонта / Диммеры,Диммеры,"48,624,412","2,274",2850.0%,90.1%,67.6%,274
Мужчинам / Противогазы,Противогазы,"48,560,655","1,596",2850.0%,87.1%,65.7%,126
Аксессуары для фотосессий,Аксессуары для фотосессий,"48,558,806",742,3250.0%,77.7%,53.5%,1023
Чехлы для игровых консолей,Чехлы для игровых консолей,"48,516,977",833,3450.0%,89.7%,53.0%,261
Продукты / Хлебцы,Хлебцы,"48,492,001",698,1650.0%,96.2%,71.6%,273
Блоки управления замком,Блоки управления замком,"48,387,369","1,402",2450.0%,93.8%,69.4%,163
Детям / Автотреки,Автотреки,"48,372,583","1,956",2850.0%,82.8%,67.0%,590
Сад и дача / Мульча,Мульча,"48,346,738",810,2950.0%,95.6%,60.2%,628
Детям / Мебель для кукол,Мебель для кукол,"48,237,492","1,100",2850.0%,89.3%,63.4%,663
Автомобильные антенны,Автомобильные антенны,"48,186,758",720,2650.0%,86.1%,60.6%,772
Стиральные машины активаторного типа,Стиральные машины активаторного типа,"48,165,142","7,181",1950.0%,71.4%,78.9%,100
Трубопроводы тормозной системы,Трубопроводы тормозной системы,"48,153,395",793,2650.0%,100.0%,63.4%,195
Канцтовары / Обложки для книг,Обложки для книг,"48,142,705",696,2450.0%,91.0%,62.9%,641
Автотовары / Присадки в топливо,Присадки в топливо,"48,097,014",937,2650.0%,87.9%,63.8%,333
Автотовары / Видеоэндоскопы,Видеоэндоскопы,"48,070,571","2,592",2950.0%,84.4%,66.8%,371
Супы быстрого приготовления,Супы быстрого приготовления,"47,992,308",550,2150.0%,95.9%,63.3%,424
Аксессуары / Чалма,Чалма,"47,981,742",677,3450.0%,53.8%,43.5%,364
Красота / Эссенции,Эссенции,"47,976,205",951,3250.0%,85.1%,57.6%,897
Электроника / Mesh системы,Mesh системы,"47,963,517","8,836",2450.0%,94.7%,74.1%,120
Для ремонта / Ленты малярные,Ленты малярные,"47,935,386",692,2650.0%,93.4%,61.1%,697
Подставки под горячее,Подставки под горячее,"47,918,272",710,2900.0%,87.0%,58.0%,1396
Подставки для ноутбуков,Подставки для ноутбуков,"47,757,731","1,464",2450.0%,86.1%,70.1%,771
Спорт / Велокамеры,Велокамеры,"47,735,369",598,2750.0%,93.1%,58.1%,662
Зоотовары / Вольеры,Вольеры,"47,728,283","2,810",2150.0%,72.1%,74.6%,327
Электроника / Модемы,Модемы,"47,724,447","2,678",2450.0%,88.3%,72.1%,389
Спорт / Велообувь,Велообувь,"47,711,719","1,257",3450.0%,34.2%,46.9%,51
Коврики в кухонные ящики,Коврики в кухонные ящики,"47,700,411",651,2950.0%,95.1%,57.6%,638
Здоровье / Тест-полоски крови,Тест-полоски крови,"47,694,225","1,445",3050.0%,95.2%,63.7%,132
Комплектующие для шиномонтажа,Комплектующие для шиномонтажа,"47,672,384",679,2650.0%,87.2%,60.9%,400
Детям / Соски,Соски,"47,627,515",751,2650.0%,89.8%,61.6%,603
Воронки автомобильные,Воронки автомобильные,"47,611,108",659,2150.0%,88.6%,64.8%,579
Электроника / Кабели,Кабели греющие,"47,564,141","3,910",2850.0%,83.2%,69.0%,146
Аксессуары для микрофонов,Аксессуары для микрофонов,"47,540,148",993,2450.0%,68.0%,63.7%,508
Сад и дача / Стулья складные,Стулья складные,"47,538,676","3,682",2650.0%,78.9%,71.1%,376
Контейнеры медицинские,Контейнеры медицинские,"47,529,024",577,3150.0%,90.1%,53.1%,430
Дом / Походный душ,Походный душ,"47,514,444","1,764",2850.0%,91.7%,66.6%,727
Продукты / Красители пищевые,Красители пищевые,"47,422,093",449,1650.0%,90.1%,64.7%,494
Сад и дача / Основы для вышивания,Основы для вышивания,"47,338,014",437,2950.0%,92.6%,50.7%,529
Спорт / Грипсы,Грипсы,"47,314,004",692,2750.0%,89.0%,59.5%,781
Детям / Нагрудники,Нагрудники,"47,274,030",547,2650.0%,88.1%,56.9%,732
Дом / Булавки,Булавки,"47,273,108",477,2450.0%,91.0%,57.1%,983
Спорт / Перчатки ММА,Перчатки ММА,"47,249,347","1,054",2950.0%,52.8%,56.1%,291
Автотовары / Модули зажигания,Модули зажигания,"47,203,947","2,451",2650.0%,71.6%,68.9%,229
Женщинам / Пончо,Пончо,"47,172,603","1,812",3450.0%,41.2%,54.8%,326
Дом / Половники,Половники,"47,165,478",704,2950.0%,83.7%,56.9%,1066
Аксессуары / Палантины,Палантины,"47,106,874",865,3450.0%,45.5%,45.3%,626
Дом / Шприцы колбасные,Шприцы медицинские,"47,104,867",656,3150.0%,94.1%,55.5%,148
Спорт / Газовые лампы,Газовые баллоны,"47,065,333","1,887",2850.0%,78.3%,66.1%,159
Комплектующие для карнизов,Комплектующие для карнизов,"47,022,379",905,2950.0%,77.2%,59.0%,384
Дом / Стулья,Стулья санитарные,"46,958,398","4,163",3250.0%,76.4%,65.0%,123
Сад и дача / Горшки для рассады,Горшки для рассады,"46,919,312",642,2950.0%,82.8%,57.3%,665
Дом / Корзины для игрушек,Корзины для игрушек,"46,860,922",909,2650.0%,86.2%,63.7%,752
Продукты / Сухие завтраки,Сухие завтраки,"46,851,601",762,2150.0%,93.0%,67.2%,334
Электроника / GPS-трекер,GPS-трекеры,"46,820,464","1,391",2750.0%,79.1%,65.2%,672
Комплектующие к стеновым панелям,Комплектующие к стеновым панелям,"46,762,375","1,153",2850.0%,84.4%,63.3%,83
Автотовары / Лампы сигнальные,Лампы сигнальные,"46,725,575",878,2650.0%,95.6%,64.0%,154
Салфетницы интерьерные,Салфетницы интерьерные,"46,714,034","1,236",2950.0%,81.3%,62.5%,1104
Четки,Четки,"46,675,393",871,2850.0%,78.6%,59.8%,788
Продукты / Сахар,Сахар,"46,674,214",662,2150.0%,93.0%,65.5%,538
Для ремонта / Опоры крепежные,Опоры крепежные,"46,514,845","1,131",2850.0%,87.8%,63.4%,318
Панели вызывные для домофона,Панели вызывные для домофона,"46,514,521","5,128",2450.0%,87.1%,73.7%,177
Канцтовары / Зажимы для бумаги,Зажимы для бумаги,"46,506,055",629,2450.0%,93.6%,61.9%,584
Спорт / Очки защитные,Защитные кейсы,"46,505,189",857,3450.0%,69.4%,52.0%,274
Поглотители запаха и влаги,Поглотители запаха и влаги,"46,470,604",519,2950.0%,92.9%,53.9%,1010
Красота / Тату машинки,Тату машинки,"46,462,652","4,800",3250.0%,80.3%,65.4%,181
Декоративные аксессуары для мебели,Декоративные аксессуары для мебели,"46,448,095",707,2650.0%,83.9%,60.0%,324
Спорт / Насадки рыболовные,Насадки рыболовные,"46,359,749",418,2750.0%,93.6%,52.0%,316
Сад и дача / Колуны,Колуны,"46,318,353","2,716",2950.0%,85.9%,67.1%,290
Держатели для бутылок,Держатели для бутылок,"46,310,313",858,2950.0%,82.9%,59.2%,554
Дом / Мантоварки,Мантоварки,"46,309,938","2,574",2950.0%,72.6%,66.9%,583
Автотовары / Толщиномеры,Толщиномеры,"46,277,883","1,826",3150.0%,78.6%,62.9%,487
Наборы для создания слепков,Наборы для создания слепков,"46,265,362",728,2950.0%,86.3%,57.8%,377
Накладки-протекторы для мебели,Накладки-протекторы для мебели,"46,264,855",510,2150.0%,89.0%,60.9%,820
Аксессуары для мотоэкипировки,Аксессуары для мотоэкипировки,"46,204,960","2,425",2650.0%,91.8%,69.9%,551
Осушители автомобильные,Осушители автомобильные,"46,171,982","2,217",2650.0%,92.6%,69.6%,159
Огнетушители автомобильные,Огнетушители автомобильные,"46,162,710","1,311",2650.0%,83.8%,66.2%,299
Мебель / Матрасы детские,Матрасы детские,"46,049,867","13,763",2650.0%,85.7%,72.8%,113
Товары для взрослых / Боди эротик,Боди эротик,"46,040,036","1,116",2950.0%,66.7%,59.7%,317
Дом / Щетки кухонные,Щетки кухонные,"46,010,199",623,2450.0%,92.2%,61.6%,1112
Датчики дроссельной заслонки,Датчики дроссельной заслонки,"46,008,683",952,2650.0%,82.5%,63.3%,269
Корректирующая жидкость,Корректирующая жидкость,"45,999,777",503,2450.0%,95.2%,58.8%,279
Бытовая техника / Сушки для обуви,Сушки для обуви,"45,998,554","1,157",2550.0%,87.0%,66.5%,1196
Цилиндры для мототехники,Цилиндры для мототехники,"45,951,546","1,916",2650.0%,74.6%,67.9%,175
Автотовары / Компрессометры,Компрессометры,"45,932,004","1,777",2650.0%,92.3%,68.6%,368
Обувь / Унты,Унты,"45,920,841","4,990",3450.0%,33.3%,60.7%,84
Бытовая техника / Средства от накипи,Средства от накипи,"45,903,903",474,2950.0%,93.2%,52.4%,927
Информационные стойки,Информационные стойки,"45,844,778","1,545",2950.0%,78.4%,63.9%,260
Шины автомобильные б/у,Шины автомобильные б/у,"45,821,656","11,052",1900.0%,100.0%,80.3%,24
Ополаскиватели для посудомоечных машин,Ополаскиватели для посудомоечных машин,"45,803,918","1,048",2950.0%,94.3%,62.4%,409
Мужчинам / Юбки медицинские,Катетеры медицинские,"45,795,280",921,3150.0%,93.3%,59.2%,224
Джинсы для малышей,Джинсы для малышей,"45,786,674","1,226",3450.0%,46.1%,52.1%,307
Дом / Крючки вязальные,Крючки вязальные,"45,775,898",641,2950.0%,89.5%,56.6%,516
Спорт / Шатуны велосипедные,Шатуны автомобильные,"45,761,520","3,368",2650.0%,75.9%,70.4%,201
Бытовая техника / Термощупы,Щупы измерительные,"45,744,206","1,226",3150.0%,89.9%,61.2%,443
Автотовары / Съемники,Съемники хомутов,"45,738,291",941,3150.0%,93.1%,59.4%,265
Бытовая техника / Тепловые завесы,Тепловые завесы,"45,718,885","9,557",2550.0%,50.0%,72.8%,96
Сад и дача / Сеялки и сажалки,Сеялки и сажалки,"45,700,266",938,2950.0%,91.0%,61.1%,523
Капли для глаз увлажняющие,Капли для глаз увлажняющие,"45,683,011",714,2550.0%,95.5%,62.8%,470
Средства для бассейнов,Средства для бассейнов,"45,671,307","1,259",2850.0%,97.2%,65.0%,616
Запчасти и комплектующие для игрушек,Запчасти и комплектующие для игрушек,"45,608,323","1,074",2850.0%,82.9%,62.5%,179
Канцтовары / Короба архивные,Короба архивные,"45,599,358","1,614",2950.0%,69.2%,63.3%,289
Сад и дача / Шезлонги садовые,Шезлонги садовые,"45,584,206","5,555",2850.0%,77.9%,69.7%,212
Сад и дача / Диваны садовые,Диваны садовые,"45,567,509","1,049",2350.0%,76.9%,66.6%,98
Канцтовары / Папки для рисования,Папки для рисования,"45,528,064",759,2950.0%,90.5%,58.9%,436
Автотовары / Масленки для смазки,Масленки для смазки,"45,524,151",768,2650.0%,94.8%,62.5%,394
Чехлы флип-кейс для телефонов,Чехлы флип-кейс для телефонов,"45,492,498",806,2950.0%,100.0%,60.6%,112
Щитки защитные лицевые,Щитки защитные лицевые,"45,490,079","1,030",2850.0%,88.7%,62.7%,471
Игровые комплексы для кошек,Игровые комплексы для кошек,"45,394,371","1,282",2150.0%,88.0%,71.4%,541
Женщинам / Цветы декоративные,Цветы декоративные,"45,383,795",748,2950.0%,74.9%,56.2%,528
Электроника / Моноблоки,Блоки для йоги,"45,360,704",954,2750.0%,85.4%,62.7%,499
Здоровье / Беруши,Беруши,"45,346,821",653,2950.0%,91.5%,57.1%,620
Дом / Пленка пищевая,Пленка пищевая,"45,344,670",846,2950.0%,94.5%,60.5%,613
Автотовары / Стяжки пружин,Стяжки пружин,"45,343,477","1,160",2650.0%,81.8%,65.1%,346
Электроника / Стилусы,Стилусы,"45,282,469",966,2950.0%,84.9%,61.0%,705
Канцтовары / Подставки для книг,Подставки для книг,"45,211,794","1,199",2950.0%,86.0%,63.6%,873
Запчасти для электротранспорта,Запчасти для электротранспорта,"45,206,018","1,387",3050.0%,79.7%,62.3%,300
Пижамы для малышей,Пижамы для малышей,"45,151,787",694,3450.0%,69.7%,49.0%,580
Наборы аксессуаров для бани,Наборы аксессуаров для бани,"45,111,642","1,130",2850.0%,86.2%,63.3%,444
Стеклоочистители электрические,Стеклоочистители электрические,"45,065,475","2,010",2550.0%,66.7%,72.6%,190
Детям / Прорезыватели,Прорезыватели,"45,042,668",593,2650.0%,91.8%,60.0%,967
Пульверизаторы для растений,Пульверизаторы для растений,"44,954,047",766,2450.0%,91.2%,64.0%,877
Дом / Бидоны,Бидоны,"44,913,933","2,084",2950.0%,79.9%,65.7%,331
Электроника / Сетевые хранилища,Сетевые хранилища,"44,906,204","2,214",2450.0%,100.0%,69.9%,96
Для ремонта / Шинопроводы,Шинопроводы,"44,904,684","1,284",2850.0%,78.7%,63.6%,173
Дом / Карнавальные парики,Карнавальные парики,"44,816,911","1,031",3250.0%,72.6%,56.8%,457
Сад и дача / Арки садовые,Арки садовые,"44,790,456","4,494",2950.0%,89.7%,68.5%,292
Автотовары / Валы карданные,Валы промежуточные,"44,786,903","4,630",2650.0%,79.2%,71.3%,191
Спорт / Манки охотничьи,Манки охотничьи,"44,778,419","1,446",2950.0%,82.4%,63.8%,144
Дом / Дуршлаги,Дуршлаги,"44,765,789",960,2950.0%,90.7%,62.4%,1260
Спорт / Педали,Педали,"44,714,513","1,286",2750.0%,88.1%,65.4%,472
Дом / Фигуры светодиодные,Фигуры светодиодные,"44,699,711","1,373",3250.0%,72.3%,61.0%,647
Аппараты для запаивания пакетов,Аппараты для запаивания пакетов,"44,637,500","1,145",2450.0%,85.4%,67.3%,397
Дом / Фартуки кухонные,Фартуки кухонные,"44,573,981","1,193",2950.0%,74.3%,62.3%,704
Бытовая техника / Инкубаторы,Инкубаторы,"44,561,631","2,802",2750.0%,84.3%,69.5%,218
Дом / Краски для ткани,Краски для ткани,"44,549,363",371,2950.0%,89.2%,46.3%,418
Женщинам / Анораки,Анораки,"44,510,391","3,921",3450.0%,41.9%,60.2%,182
Красота / Твердые шампуни,Твердые шампуни,"44,501,304",477,3250.0%,93.9%,49.6%,911
Крестильные комплекты для малышей,Крестильные комплекты для малышей,"44,459,814","1,435",3450.0%,58.4%,56.0%,103
Игрушки / Пирамидки,Пирамидки,"44,458,709",997,2850.0%,89.9%,62.4%,744
Автотовары / Муфты на руль,Муфты кабельные,"44,452,574","1,063",2850.0%,80.5%,62.2%,143
Товары для взрослых / Эрекционные кольца,Эрекционные кольца,"44,426,475","1,055",2950.0%,89.1%,62.0%,379
Красота / Бритвенные наборы,Бритвенные наборы,"44,418,797","1,224",3250.0%,87.9%,60.1%,577
Канцтовары / Бизнес-наборы,Бизнес-наборы,"44,381,532","1,237",2850.0%,62.5%,61.2%,267
Аксессуары / Снуды,Снуды,"44,371,494",650,3450.0%,63.4%,46.1%,798
Веера,Веера,"44,360,426",721,3450.0%,83.7%,52.2%,570
Туалеты-ведра,Туалеты-ведра,"44,256,703","2,444",2850.0%,78.8%,67.3%,326
Спорт / Повязки для волос,Повязки на рану,"44,237,811","1,015",3050.0%,92.6%,61.0%,163
Клапаны термостатические,Клапаны термостатические,"44,210,067","2,187",2750.0%,84.3%,68.2%,283
Средства от блох и клещей,Средства от блох и клещей,"44,178,675",637,2150.0%,95.8%,65.4%,665
Накидки магнитные для авто,Накидки магнитные для авто,"44,165,917",946,2650.0%,86.9%,63.8%,562
Закрепители для ресниц,Закрепители для ресниц,"44,135,563",884,3250.0%,83.7%,56.7%,153
Таблетницы,Таблетницы,"44,105,307",596,2750.0%,86.8%,57.5%,1188
Предтренировочные комплексы,Предтренировочные комплексы,"44,076,119","2,369",2550.0%,91.9%,70.8%,239
Кейсы для портативных колонок,Кейсы для портативных колонок,"44,067,091","1,190",3450.0%,66.7%,58.4%,149
Датчики уровня топлива,Датчики уровня топлива,"44,040,953","1,728",2650.0%,64.3%,66.3%,222
Винты сливного отверстия,Винты сливного отверстия,"44,016,600",564,2150.0%,90.1%,62.8%,308
Дом / Ножницы кухонные,Ножницы кухонные,"44,012,722",722,2950.0%,93.2%,58.6%,1104
Продукты / Водоросли морские,Водоросли морские,"43,991,810",789,2150.0%,92.4%,67.5%,388
Продукты / Посыпки кондитерские,Посыпки кондитерские,"43,940,395",369,1650.0%,92.6%,66.2%,490
Каши быстрого приготовления,Каши быстрого приготовления,"43,898,370",611,1650.0%,95.6%,69.8%,461
Продукты / Соль,Соль,"43,872,818",474,1650.0%,95.8%,65.9%,595
Спорт / Садки рыболовные,Садки рыболовные,"43,868,464","1,900",2750.0%,85.0%,67.5%,279
Сад и дача / Поддоны для цветов,Поддоны для цветов,"43,856,443",780,2950.0%,89.5%,59.0%,401
Канцтовары / Линейки,Линейки строительные,"43,783,446",911,3150.0%,80.2%,57.6%,357
Дом / Мешки для стирки,Мешки для стирки,"43,775,340",672,2950.0%,94.3%,57.9%,1337
Автотовары / Радар-детекторы,Детекторы металла,"43,760,152","1,433",3150.0%,74.5%,61.0%,252
Игрушки / Игровые коврики,Игровые коврики,"43,757,459","1,594",2850.0%,82.7%,65.4%,545
Детям / 3D-ручки,3D-ручки,"43,632,888","1,330",2750.0%,90.4%,66.2%,576
Кельмы,Кельмы,"43,627,252",724,3150.0%,85.4%,55.6%,398
Дом / Картины в рамах,Картины в рамах,"43,552,018","1,136",2950.0%,44.4%,54.7%,268
Электроника / Виниловые проигрыватели,Виниловые полы,"43,540,868","3,644",2850.0%,80.8%,68.8%,73
Маски для сна,Маски для сна,"43,539,269",707,3450.0%,86.4%,52.4%,1105
Электроника / Контроллеры для ПК,Контроллеры для ПК,"43,519,872","1,111",2450.0%,80.0%,66.5%,250
Наборы для приготовления выпечки,Наборы для приготовления выпечки,"43,475,393",885,2150.0%,91.8%,68.7%,144
Для ремонта / Шнуры разметочные,Шнуры разметочные,"43,459,959",696,3150.0%,95.7%,56.5%,259
Комплектующие топливных баков,Комплектующие топливных баков,"43,445,750","1,389",2650.0%,86.4%,66.8%,503
Скобы для строительного степлера,Скобы для строительного степлера,"43,441,856",640,3150.0%,94.9%,55.3%,522
Для ремонта / Стеклодомкрат,Стеклодомкраты,"43,288,868","1,820",3100.0%,86.9%,63.9%,496
Дом / Овощечистки,Овощечистки,"43,287,689",533,2950.0%,93.7%,54.5%,1382
Автотовары / Кожух двигателя,Капоты двигателя,"43,287,452","1,694",2650.0%,95.6%,68.6%,168
Подгузники для животных,Подгузники для животных,"43,184,374","1,122",2150.0%,92.6%,70.8%,327
Кронштейны для колонок,Кронштейны для колонок,"43,147,782",794,2750.0%,92.0%,61.5%,177
Автотовары / Топливопроводы,Топливопроводы,"43,113,754","1,764",2650.0%,95.7%,68.8%,256
Дом / Парты детские,Парты детские,"43,112,892","15,096",2650.0%,88.8%,72.9%,68
Игрушки / Детские компьютеры,Детские компьютеры,"43,014,810","1,554",2850.0%,84.7%,65.4%,331
Красота / Фиксаторы макияжа,Фиксаторы макияжа,"42,993,712",543,3250.0%,90.3%,51.2%,694
Дом / Маски сувенирные,Маски сувенирные,"42,990,576","1,578",2950.0%,79.2%,64.1%,369
Энергетические добавки,Энергетические добавки,"42,971,174","1,652",2550.0%,95.5%,69.4%,268
Женщинам / Полукомбинезоны,Полукомбинезоны,"42,932,788","1,688",3450.0%,52.5%,53.2%,487
Спорт / Карабины,Карабины,"42,833,189",561,2750.0%,85.2%,55.8%,775
Бюстгальтеры медицинские,Бюстгальтеры медицинские,"42,831,363","1,455",3250.0%,48.7%,56.2%,70
Подогреватели охлаждающей жидкости,Подогреватели охлаждающей жидкости,"42,750,866","2,675",2650.0%,100.0%,70.5%,30
Пуходерки,Пуходерки,"42,743,805",563,2150.0%,89.1%,62.5%,511
Для ремонта / Насадки на кран,Насадки на кран,"42,739,381",862,2750.0%,91.3%,62.3%,1193
Разбрызгиватели и дождеватели,Разбрызгиватели и дождеватели,"42,692,329","1,006",2950.0%,91.3%,61.8%,842
Дом / Шумовки,Шумовки,"42,692,174",901,2950.0%,78.7%,59.2%,1127
Для ремонта / Каркасы для ванн,Каркасы для ванн,"42,685,915","1,409",2750.0%,97.6%,66.7%,56
Продукты / Оливки,Оливки,"42,649,034",956,2150.0%,93.2%,69.5%,215
Красота / Кусачки педикюрные,Кусачки педикюрные,"42,603,825",807,3250.0%,90.0%,56.5%,713
Канцтовары / Планеры,Планеры,"42,592,158",548,2950.0%,86.5%,53.6%,698
Электроника / Электроскутер,Электроскутеры,"42,588,792","10,504",3050.0%,100.0%,68.7%,75
Спорт / Пули для пневматики,Пули для пневматики,"42,491,514",688,2750.0%,89.1%,59.4%,422
Товары для взрослых / Комплекты БДСМ,Комплекты БДСМ,"42,488,379","1,583",2950.0%,82.5%,64.4%,323
Дом / Посуда сувенирная,Посуда сувенирная,"42,481,757",553,2950.0%,78.9%,52.2%,650
Дом / Муляжи книг,Муляжи книг,"42,434,235","1,832",2950.0%,100.0%,66.1%,189
Спорт / Тенты,Тенты,"42,379,389","2,791",2750.0%,88.9%,69.3%,321
Дом / Вантузы,Вантузы,"42,363,872",889,2950.0%,82.3%,59.6%,557
Бытовая техника / Капучинаторы,Капучинаторы,"42,279,434",957,2450.0%,90.3%,66.2%,846
Бытовая техника / Метеостанции,Метеостанции,"42,279,295","1,358",2750.0%,85.5%,65.6%,368
Зоотовары / Генераторы импульсов,Генераторы импульсов,"42,250,658","3,707",2150.0%,87.9%,76.0%,97
Концентраторы кислорода,Концентраторы кислорода,"42,236,457","13,104",2550.0%,85.2%,73.8%,31
Чехлы для сумок и рюкзаков,Чехлы для сумок и рюкзаков,"42,203,461","1,074",3450.0%,86.0%,56.8%,325
Амортизаторы для мототехники,Амортизаторы для мототехники,"42,195,761","1,707",2650.0%,73.8%,67.1%,184
Мужчинам / Костюмы-сауна,Костюмы-сауна,"42,142,656","1,452",3450.0%,51.8%,54.9%,168
Автотовары / Автоодеяла,Автоодеяла,"42,070,422","1,407",2650.0%,81.4%,66.5%,280
Сад и дача / Кресла-шезлонги,Кресла-шезлонги,"42,053,759","4,650",2650.0%,82.9%,71.4%,240
Спорт / Рубашки велосипедные,Рубашки велосипедные,"42,035,817","1,130",2750.0%,92.4%,64.8%,115
Обувь / Валенки,Валенки,"42,005,793","2,073",3450.0%,52.0%,58.1%,370
Электроника / Видеоглазки,Видеоглазки,"41,965,297","4,372",2450.0%,79.1%,73.2%,275
Автотовары / Колпачки для шин,Колпачки для шин,"41,956,514",399,2650.0%,90.3%,51.3%,830
Шланги для моек высокого давления,Шланги для моек высокого давления,"41,850,694","2,090",2850.0%,100.0%,67.7%,245
Автотовары / Прокладки крышки ГРМ,Прокладки крышки ГРМ,"41,834,027","1,848",2650.0%,100.0%,69.2%,107
Электроника / CD проигрыватели,CD проигрыватели,"41,794,824","1,587",2750.0%,89.7%,66.9%,119
Инструменты для чистки лица,Инструменты для чистки лица,"41,746,110",956,3200.0%,87.5%,58.4%,1020
Мебель / Двери для шкафа,Двери для шкафа,"41,721,430","1,734",2650.0%,85.8%,68.1%,64
Витамины для сельскохозяйственных животных,Витамины для сельскохозяйственных животных,"41,676,501",686,2150.0%,96.7%,66.4%,257
Стойки для музыкальных инструментов,Стойки для музыкальных инструментов,"41,675,656","2,092",2850.0%,90.5%,67.0%,274
Бытовая техника / Умные весы,Умные розетки,"41,566,660","1,070",2450.0%,92.0%,67.4%,516
Простыни натяжные для малышей,Простыни натяжные для малышей,"41,515,333",626,2650.0%,90.9%,59.4%,130
Автотовары / Насосы воздушные,Насосы воздушные,"41,507,797","1,931",2650.0%,100.0%,69.4%,170
Комплектующие для теплиц,Комплектующие для теплиц,"41,498,191","1,296",2950.0%,95.5%,64.0%,225
Спорт / Багажники,Багажники,"41,475,837","2,421",2750.0%,83.3%,68.5%,217
Продукты / Мясо сушеное,Мясо сушеное,"41,464,549",777,2150.0%,93.5%,67.5%,184
Канцтовары / Готовальня,Готовальня,"41,441,342",617,2950.0%,91.9%,56.4%,516
Для ремонта / Колеры для краски,Колеры для краски,"41,398,407",458,2850.0%,87.8%,51.6%,255
Сад и дача / Печи для казана,Печи для казана,"41,382,034","4,146",2850.0%,88.3%,69.3%,153
Красота / Пены для бритья,Пены для бритья,"41,367,496",638,3250.0%,94.7%,54.3%,680
Спорт / Поплавки,Поплавки,"41,355,586",637,2750.0%,94.5%,59.2%,431
Другие аксессуары для телевизоров,Другие аксессуары для телевизоров,"41,287,210","2,700",2450.0%,81.9%,71.6%,232
Печи и парогенераторы для бани,Печи и парогенераторы для бани,"41,262,807","26,176",2850.0%,84.4%,71.1%,69
Автотовары / Очистители кузова,Очистители кузова,"41,208,264",732,2650.0%,92.6%,61.7%,790
Спорт / Бинты спортивные,Бинты спортивные,"41,204,549",717,2750.0%,84.4%,59.3%,760
Добавки для строительных смесей,Добавки для строительных смесей,"41,169,953",959,2850.0%,91.4%,62.4%,346
Продукты / Кетчупы,Кетчупы,"41,165,989",616,1650.0%,93.1%,69.5%,240
Насадки для блендеров,Насадки для блендеров,"41,138,410","1,214",2450.0%,80.5%,67.3%,229
Дом / Кофеварки гейзерные,Кофеварки гейзерные,"41,108,341","1,967",2950.0%,77.6%,65.3%,630
Красота / Уголки кухонные,Уголки кухонные,"41,020,566","27,577",2150.0%,100.0%,78.2%,66
Зоотовары / Гамаки для животных,Гамаки для животных,"40,991,747","1,218",2150.0%,84.6%,70.7%,636
Спорт / Чехлы для удочек,Чехлы для удочек,"40,984,416","1,431",2950.0%,82.1%,63.7%,361
Светоотражатели для авто,Светоотражатели для авто,"40,980,632",914,2650.0%,88.7%,64.7%,784
Спорт / Сетки спортивные,Сетки спортивные,"40,978,719","1,517",2750.0%,86.9%,66.4%,604
Комплекты шумоизоляции для авто,Комплекты шумоизоляции для авто,"40,950,083","1,566",2650.0%,85.7%,67.5%,220
Электроника / Оптические приводы,Оптические приводы,"40,932,243","1,953",2450.0%,87.8%,70.8%,225
Анатомические модели,Анатомические модели,"40,913,680","2,514",2950.0%,20.0%,66.0%,493
Для ремонта / Пороги для пола,Пороги силовые,"40,839,637","3,018",2650.0%,100.0%,70.8%,107
Продукты / Кофе в дрип-пакетах,Кофе в дрип-пакетах,"40,833,253",782,2150.0%,95.6%,67.8%,203
Для ремонта / Плитки потолочные,Плитки потолочные,"40,719,256","1,798",2850.0%,83.6%,66.2%,83
Кресла парикмахерские,Кресла парикмахерские,"40,715,884","19,277",2650.0%,87.0%,73.0%,51
Спорт / Гермомешки,Гермомешки,"40,665,969",987,2950.0%,82.8%,60.7%,587
Мебель / Ширмы,Ширмы,"40,656,358","1,019",2650.0%,69.8%,62.3%,205
Для ремонта / Напольные покрытия,Покрытия для унитаза,"40,652,515",875,2950.0%,95.4%,60.9%,661
Альбомы для коллекционирования,Альбомы для коллекционирования,"40,645,769","1,226",2950.0%,88.0%,63.1%,425
Оборудование зуботехническое,Оборудование зуботехническое,"40,604,278",970,2550.0%,92.8%,65.6%,129
Красота / Мыло для бани,Мыло для бани,"40,502,511",891,3250.0%,95.6%,58.1%,847
Канцтовары / Циркули,Циркули,"40,466,619",532,2450.0%,87.4%,58.3%,615
Игрушки / Игрушечная посуда,Игрушечная посуда,"40,462,523","1,295",2850.0%,90.2%,64.7%,455
Для ремонта / Изоленты,Ленты выпускника,"40,459,427",500,3250.0%,100.0%,51.5%,271
Дом / Формы для льда,Формы для льда,"40,402,374",657,2950.0%,88.6%,56.8%,1398
Автотовары / Уплотнители,Уплотнители для окон,"40,368,051",792,2850.0%,92.1%,60.5%,671
Для ремонта / Лотки для метизов,Лотки для метизов,"40,312,832",910,3150.0%,88.6%,58.6%,182
Сад и дача / Лопаты снеговые,Лопаты снеговые,"40,273,510","1,516",2950.0%,76.7%,64.2%,350
Экраны для радиаторов,Экраны для радиаторов,"40,267,765","4,705",2950.0%,74.3%,68.2%,139
Дом / Гамаки,Гамаки,"40,230,160","2,100",2750.0%,86.3%,68.1%,611
Защита для купания малыша,Защита для купания малыша,"40,192,517",843,2650.0%,74.3%,60.7%,635
Бальзамы после бритья,Бальзамы после бритья,"40,188,777",812,3250.0%,94.8%,57.1%,705
Сидушки туристические,Сидушки туристические,"40,186,782","1,068",2950.0%,84.5%,61.6%,552
Дом / Блюдца,Блюдца,"40,180,039","1,012",2950.0%,72.0%,59.5%,560
Устройство автоматического ввода резерва,Устройство автоматического ввода резерва,"40,102,857",793,2850.0%,100.0%,61.4%,102
Дом / Мерные стаканы,Мерные стаканы,"40,102,338",675,2450.0%,89.7%,62.3%,904
Аксессуары / Воротники,Воротники,"40,041,973",728,3450.0%,63.2%,48.1%,548
Приводы стеклоочистителя,Приводы стеклоочистителя,"40,037,534","2,016",2650.0%,81.8%,68.7%,106
Канцтовары / Скобы для степлера,Скобы для степлера,"40,036,453",544,2450.0%,96.8%,60.3%,381
Держатели для игровых консолей,Держатели для игровых консолей,"40,023,762","1,098",2150.0%,83.9%,69.8%,285
Дом / Тарелки декоративные,Тарелки декоративные,"39,992,769",952,2950.0%,89.9%,61.2%,581
Мини-парники для рассады,Мини-парники для рассады,"39,971,566","1,050",2950.0%,87.0%,61.7%,315
Спорт / Подставки под удочки,Подставки под удочки,"39,906,347",828,2750.0%,87.7%,61.5%,400
Фиксаторы автомобильные,Фиксаторы автомобильные,"39,825,718",614,2650.0%,88.3%,58.7%,499
Для ремонта / Ключи TORX,Ключи TORX,"39,742,958",875,3150.0%,86.4%,57.9%,353
Другие строительные крепления,Другие строительные крепления,"39,710,260",812,2850.0%,88.8%,60.4%,335
Дом / Рушники,Рушники,"39,708,913",824,2950.0%,81.0%,58.5%,339
Монтировки,Монтировки,"39,694,137","1,233",3150.0%,100.0%,62.0%,245
Мини-кондиционеры воздуха,Мини-кондиционеры воздуха,"39,683,584","1,899",2550.0%,80.1%,69.2%,351
Фискальные накопители,Фискальные накопители,"39,668,629","12,668",2650.0%,50.0%,72.8%,52
Наполнители для рукоделия,Наполнители для рукоделия,"39,664,206",799,2950.0%,89.2%,59.3%,466
Аксессуары / Ремни,Ремни для сумок,"39,661,319",894,3450.0%,62.1%,51.1%,550
Коконы для новорожденных,Коконы для новорожденных,"39,554,661","2,197",2650.0%,57.5%,67.2%,304
Дом / Карты,Карты географические,"39,541,034",830,2950.0%,88.7%,59.6%,265
Здоровье / Иглы Губера,Иглы инъекционные,"39,524,320",926,3200.0%,92.4%,58.7%,150
Ремкомплекты для туристических палаток,Ремкомплекты для туристических палаток,"39,474,578",944,2750.0%,90.0%,64.4%,266
Электроника / Видеодиски,Видеодиски,"39,277,726",785,2750.0%,86.2%,60.7%,113
Фары дополнительного света,Фары дополнительного света,"39,262,648","1,428",2650.0%,85.7%,67.0%,310
Дом / Щипцы кухонные,Щипцы кухонные,"39,239,019",574,2450.0%,88.8%,59.8%,1208
Аксессуары / Фуражки,Фуражки,"39,204,066",808,3450.0%,63.2%,49.8%,245
Красота / Межзубные ершики,Межзубные ершики,"39,169,010",543,3250.0%,94.3%,51.9%,339
Детям / Игрушечные гаражи,Игрушечные гаражи,"39,066,305","1,448",2850.0%,88.7%,65.3%,490
Дом / Открывалки,Открывалки,"39,019,629",631,2450.0%,93.0%,61.9%,1431
Мебель / Ящики выдвижные,Ящики выдвижные,"38,999,985","2,305",2650.0%,50.0%,66.6%,206
Дом / Молочники,Молочники,"38,998,833","1,247",2950.0%,75.0%,61.9%,774
Чехлы для кресел-мешков,Чехлы для кресел-мешков,"38,990,622","1,233",2150.0%,33.3%,59.0%,88
Для ремонта / Источники питания,Источники питания,"38,987,937","1,858",2450.0%,95.0%,71.0%,169
Ювелирные изделия / Ювелирные шнурки,Ювелирные шнурки,"38,958,492","1,115",3300.0%,70.0%,56.8%,130
Автотовары / Привод двери,Двери автомобильные,"38,941,163","1,221",2650.0%,81.9%,65.5%,255
Красота / Аппликаторы,Аппликаторы,"38,912,392",577,2750.0%,95.3%,58.0%,616
Канцтовары / Точилки,Точилки,"38,900,458",703,2450.0%,92.2%,63.8%,694
Дом / Губки хозяйственные,Губки хозяйственные,"38,880,736",561,2950.0%,95.7%,55.6%,1162
Ароматизаторы пищевые,Ароматизаторы пищевые,"38,861,432",630,1650.0%,96.0%,70.3%,562
Дом / Котелки,Котелки,"38,658,125","2,947",2950.0%,84.0%,67.3%,398
Спорт / Подшипник,Подшипники,"38,634,952",806,2750.0%,88.8%,61.3%,355
Дом / Венчики,Венчики,"38,626,947",568,2950.0%,89.3%,54.7%,1150
Дом / Подставки для ног,Подставки для ног,"38,624,646","1,788",2650.0%,84.6%,68.2%,361
Комплектующие для теплых полов,Комплектующие для теплых полов,"38,611,572","3,504",2750.0%,89.7%,70.0%,145
Дом / Подставки под ложку,Подставки под ложку,"38,576,756",694,2950.0%,81.8%,56.4%,997
Датчики дорожного просвета,Датчики дорожного просвета,"38,504,264","4,852",2650.0%,100.0%,71.9%,66
Транспортные средства / Powerline адаптеры,Powerline адаптеры,"38,416,638",785,2450.0%,100.0%,65.3%,123
Продукты / Клетчатка,Клетчатка,"38,349,156",669,2150.0%,94.1%,65.8%,347
Дождевики для животных,Дождевики для животных,"38,293,116","1,320",2150.0%,42.4%,64.0%,552
Спорт / Приманки,Приманки,"38,286,145",474,2750.0%,92.3%,54.2%,632
Запчасти для цепных пил,Запчасти для цепных пил,"38,223,786",748,2850.0%,92.4%,59.9%,479
Подогреватели детского питания,Подогреватели детского питания,"38,167,283","2,750",2650.0%,82.6%,70.0%,506
Подставки для бытовой техники,Подставки для бытовой техники,"38,129,588",640,2550.0%,92.3%,61.0%,987
Для ремонта / Трубы,Трубы,"38,068,246","1,286",2850.0%,100.0%,65.3%,129
Автотовары / Чернители шин,Чернители шин,"38,062,871",721,2650.0%,92.8%,61.5%,583
Автотовары / Навигаторы,Навигаторы,"38,044,942","2,858",2650.0%,74.5%,69.7%,165
Красота / Термальная вода,Термальная вода,"38,021,203",900,3250.0%,92.1%,57.8%,570
Гигиенические изделия,Гигиенические изделия,"38,013,590",581,2750.0%,94.4%,57.9%,316
Дезодоранты для обуви,Дезодоранты для обуви,"37,917,452",575,3450.0%,95.4%,50.9%,824
Бытовая техника / Запчасти для СВЧ,Запчасти для СВЧ,"37,905,860","1,002",1950.0%,92.7%,71.9%,358
Детям / Игрушечные парковки,Игрушечные парковки,"37,904,760","2,460",2850.0%,88.2%,67.8%,412
Для ремонта / Поликарбонат,Поликарбонат,"37,867,337","3,609",2850.0%,86.1%,68.9%,59
Продукты / Молоко растительное,Молоко растительное,"37,840,553",733,2150.0%,94.6%,67.0%,221
Диспенсеры для туалетной бумаги,Диспенсеры для туалетной бумаги,"37,800,477","1,478",2950.0%,80.2%,63.8%,306
Трубки забора топлива,Трубки забора топлива,"37,753,329","1,968",2650.0%,88.9%,68.9%,219
Запчасти для духового шкафа,Запчасти для духового шкафа,"37,731,058","1,677",2750.0%,86.8%,67.0%,202
Дом / Глюкофон,Глюкофоны,"37,728,512","1,580",2850.0%,80.6%,65.2%,307
Красота / Маски гидрогелевые,Маски гидрогелевые,"37,692,575",532,3250.0%,91.9%,51.1%,978
Игрушки / Прыгуны,Прыгуны,"37,654,931","1,475",2850.0%,83.9%,65.0%,403
Наборы для выращивания растений,Наборы для выращивания растений,"37,588,186",600,2950.0%,88.7%,56.9%,498
Спорт / Пояса для похудения,Пояса для похудения,"37,586,872",785,2950.0%,65.3%,54.9%,558
Сад и дача / Отпугиватели и ловушки садовые,Отпугиватели собак,"37,553,112",954,2150.0%,83.8%,68.5%,709
Пистолеты-маркираторы,Пистолеты-маркираторы,"37,469,362","1,154",2650.0%,88.5%,65.7%,300
Для ремонта / Формы для плитки,Формы для плитки,"37,468,509",924,2850.0%,90.0%,61.9%,110
Продукты / Лапша,Лапша,"37,411,978",617,2150.0%,95.1%,64.9%,311
Спорт / Пояса разгрузочные,Пояса разгрузочные,"37,411,969","1,842",2950.0%,80.2%,65.1%,190
Сад и дача / Зонты пляжные,Зонты пляжные,"37,362,205","2,046",2350.0%,78.7%,71.5%,337
Контроллеры программируемые,Контроллеры программируемые,"37,316,711","1,851",2850.0%,100.0%,67.2%,111
Для ремонта / Маркеры для кабелей,Маркеры для кабелей,"37,299,241",859,3150.0%,94.5%,58.6%,118
Дом / Магниты,Магниты бытовые,"37,293,802",771,3100.0%,89.7%,57.4%,542
Наушники для стрельбы,Наушники для стрельбы,"37,275,222","1,679",2950.0%,82.4%,64.7%,173
Луки,Луки,"37,247,116",869,2750.0%,83.1%,61.4%,136
Лезвия для канцелярских ножей,Лезвия для канцелярских ножей,"37,233,211",666,2450.0%,94.7%,62.8%,585
Инструменты запрессовочно-выпрессовочные,Инструменты запрессовочно-выпрессовочные,"37,229,672","2,635",2650.0%,100.0%,70.5%,207
Дом / Ведра сервировочные,Ведра сервировочные,"37,228,039","2,621",2950.0%,50.0%,64.4%,206
Продукты / Соки,Соки,"37,222,851",778,2150.0%,89.9%,67.1%,258
Красота / Хна для волос,Хна для волос,"37,221,625",459,3250.0%,92.2%,48.6%,366
Здоровье / Обувь ортопедическая,Обувь ортопедическая,"37,216,806","1,781",2750.0%,24.9%,54.4%,48
Сад и дача / Перчатки садовые,Перчатки садовые,"37,188,983",614,2950.0%,95.4%,56.8%,563
Свечи зажигания для мототехники,Свечи зажигания для мототехники,"37,148,140",954,2650.0%,91.1%,64.3%,184
Сад и дача / Формы для свечей,Формы для свечей,"37,134,221",672,2950.0%,81.3%,55.9%,442
Сад и дача / Фасады мебельные,Фасады мебельные,"37,062,689","1,440",2650.0%,81.8%,66.7%,187
Бандажи косметические,Бандажи косметические,"37,028,462",686,3250.0%,82.2%,53.3%,488
Красота / Воски для волос,Воски для брекетов,"37,027,849",701,2750.0%,91.6%,60.0%,85
Красота / Кресла педикюрные,Кресла педикюрные,"37,021,171","17,086",2650.0%,100.0%,73.2%,25
Игрушки / Воздушные змеи,Воздушные змеи,"37,021,039",736,2850.0%,89.3%,59.3%,560
Пароварки электрические,Пароварки электрические,"37,014,672","2,583",2450.0%,77.9%,71.5%,235
Электроника / Фотовспышки,Фотовспышки,"36,994,758","2,156",2850.0%,52.6%,64.4%,96
Зоотовары / Спреи для животных,Спреи для животных,"36,983,637",710,2150.0%,92.5%,66.3%,579
Кисти для дизайна ногтей,Кисти для дизайна ногтей,"36,982,086",412,2750.0%,92.1%,51.4%,710
Веревки альпинистские,Веревки альпинистские,"36,927,739","1,379",2750.0%,87.9%,65.9%,402
Штампы для творчества,Штампы для творчества,"36,886,432",510,2950.0%,84.5%,52.0%,519
Аксессуары для коктейлей,Аксессуары для коктейлей,"36,865,796",737,2450.0%,93.4%,63.9%,1013
Предохранители электрические,Предохранители электрические,"36,832,849",597,2850.0%,89.2%,56.5%,251
Дом / Тестораскатки,Тестораскатки,"36,755,661",629,2950.0%,72.9%,53.1%,361
Карбюраторы для мототехники,Карбюраторы для мототехники,"36,694,581","1,870",2650.0%,87.6%,68.6%,275
Спорт / Сигнализаторы клева,Сигнализаторы клева,"36,634,365",577,2750.0%,88.0%,56.8%,421
Дом / Тесты воды и напитков,Тесты медицинские,"36,623,872",430,3200.0%,88.6%,47.0%,161
Бытовая техника / Ломтерезки,Ломтерезки,"36,616,527","1,117",2450.0%,81.8%,66.7%,449
Очистители дисков и шин,Очистители дисков и шин,"36,614,756",755,2650.0%,86.1%,61.2%,385
Дом / Гармошки,Губные гармошки,"36,586,967","1,165",2850.0%,100.0%,64.6%,377
Органайзеры для вышивки,Органайзеры для вышивки,"36,503,267",891,2950.0%,91.0%,60.6%,453
Прикормочные кораблики,Прикормочные кораблики,"36,479,497","3,740",2750.0%,89.3%,70.1%,113
Аксессуары для альпинизма и скалолазания,Аксессуары для альпинизма и скалолазания,"36,476,906","1,311",2750.0%,74.8%,64.3%,408
Для ремонта / Тапочки одноразовые,Тапочки одноразовые,"36,463,575",714,2850.0%,85.4%,58.4%,269
Светильники для аквариума,Светильники для аквариума,"36,443,298","1,004",2150.0%,84.8%,69.1%,254
Фильтры для заваривания напитков,Фильтры для заваривания напитков,"36,357,537",886,2950.0%,96.1%,61.1%,546
Блоки управления стеклоподъемниками,Блоки управления стеклоподъемниками,"36,353,384","1,270",2650.0%,83.5%,66.0%,438
Мужчинам / Жилеты,Жилеты для животных,"36,335,381","1,198",2150.0%,42.5%,62.8%,347
Бытовая техника / Бензопилы,Пилы ручные,"36,282,148","1,115",3050.0%,93.0%,61.8%,469
Автотовары / Шины,Шины для пил,"36,218,706","1,132",3150.0%,90.8%,60.7%,324
Для ремонта / Клапаны обратные,Клапаны обратные,"36,183,028","1,019",2750.0%,87.7%,63.5%,456
Противоугонные системы,Противоугонные системы,"36,182,413","1,474",2650.0%,100.0%,68.1%,200
Автотовары / Впускные коллекторы,Впускные коллекторы,"36,126,696","2,779",2650.0%,83.3%,70.0%,158
Насадки для накачки шин,Насадки для накачки шин,"36,010,154",992,2650.0%,90.4%,64.6%,420
Канцтовары / Краски штемпельные,Краски штемпельные,"35,998,828",652,2950.0%,88.8%,56.7%,274
Электроника / Фотобоксы,Фотобоксы,"35,982,227","3,495",2750.0%,87.1%,69.9%,111
Дом / Чаши поющие,Чаши для костра,"35,977,246","2,224",2850.0%,92.7%,67.6%,189
Спорт / Пояса атлетические,Пояса атлетические,"35,889,838","1,169",2950.0%,66.0%,60.1%,308
Мебель / Полки в холодильник,Полки в холодильник,"35,888,470",975,2550.0%,89.2%,65.3%,447
Для ремонта / Ламинат,Ламинат,"35,886,275","2,958",2850.0%,69.6%,67.6%,65
Лук и чеснок посадочные,Лук и чеснок посадочные,"35,874,647",444,2450.0%,92.9%,56.1%,250
Мужчинам / Трости,Трости,"35,844,326","1,993",3250.0%,83.7%,62.7%,381
Зоотовары / Террариум,Террариумы,"35,829,573","1,263",2150.0%,50.0%,65.8%,299
Пульты управления сигнализацией,Пульты управления сигнализацией,"35,736,049","1,045",2650.0%,90.0%,65.0%,354
Обложки для автодокументов,Обложки для автодокументов,"35,687,248",854,2650.0%,82.5%,63.6%,660
Спорт / Дротики для дартс,Дротики для дартс,"35,671,343",948,2750.0%,87.7%,62.9%,310
Дом / Прессы для чеснока,Прессы для чеснока,"35,646,010",753,2950.0%,87.9%,58.4%,1117
Аксессуары для мотобуров,Аксессуары для мотобуров,"35,643,968","2,534",2850.0%,92.7%,68.1%,131
Игрушечные инструменты,Игрушечные инструменты,"35,636,900","1,434",2850.0%,87.2%,65.1%,611
Бытовая техника / Кипятильники,Кипятильники,"35,632,705",810,2450.0%,81.3%,63.4%,426
Спорт / Клюшки,Клюшки,"35,611,762","3,481",2750.0%,73.3%,69.4%,246
Дом / Мешочки для хранения,Мешочки для хранения,"35,602,450",799,2650.0%,82.9%,61.4%,865
Автотовары / Антидождь,Антидождь,"35,558,721",600,2650.0%,90.1%,58.7%,591
Комплектующие для витрин,Комплектующие для витрин,"35,553,914","1,290",2650.0%,47.8%,60.5%,168
Для ремонта / Рейки декоративные,Рейки DIN,"35,525,125",838,2850.0%,91.2%,61.0%,109
Держатели для медалей,Держатели для медалей,"35,507,900","1,043",2650.0%,87.5%,64.7%,245
Средства для снятия лака,Средства для снятия лака,"35,495,151",602,3250.0%,92.8%,53.2%,522
Дом / Кожа для рукоделия,Кожа для рукоделия,"35,472,374",740,2950.0%,80.0%,57.0%,519
Дом / Прищепки,Прищепки,"35,469,175",678,2950.0%,93.7%,57.9%,859
Дом / Знаки зодиака,Знаки для автомобиля,"35,468,830",807,2650.0%,79.1%,61.0%,584
Электроника / Амбушюры,Амбушюры,"35,437,416",720,2450.0%,86.7%,62.7%,346
Зоотовары / Щетки для животных,Щетки для животных,"35,426,540",584,1650.0%,93.7%,68.9%,1139
Дом / Ведерки для льда,Ведерки для льда,"35,421,205","2,236",2950.0%,84.4%,66.3%,468
Антенны для радиостанций,Антенны для радиостанций,"35,392,732",752,2450.0%,86.5%,63.2%,251
Спорт / Ледобуры,Ледобуры,"35,365,537","2,965",2750.0%,76.1%,69.0%,332
Мужчинам / Куртки для самбо,Куртки для самбо,"35,314,425","1,860",3450.0%,47.0%,56.3%,56
Рюкзаки для фотоаппаратов,Рюкзаки для фотоаппаратов,"35,306,628","1,231",3450.0%,56.9%,54.1%,121
Красота / Бронзеры,Бронзеры,"35,295,025",818,3250.0%,85.6%,56.1%,431
Здоровье / Пеленки для взрослых,Пеленки для взрослых,"35,241,820","1,688",3250.0%,92.2%,62.4%,213
Звезды для мототехники,Звезды для мототехники,"35,226,003","2,253",2550.0%,73.2%,69.6%,227
Подогреватели предпусковые,Подогреватели предпусковые,"35,222,884","3,013",2650.0%,78.2%,70.1%,279
Щупы для мультиметров,Щупы для мультиметров,"35,211,253",833,3150.0%,86.3%,57.4%,264
Защелки для дверных ручек,Защелки для дверных ручек,"35,203,163","1,042",2850.0%,81.9%,62.1%,443
Метафорические ассоциативные карты,Метафорические ассоциативные карты,"35,163,403",907,2950.0%,88.9%,60.6%,553
Красота / Пасты для шугаринга,Пасты для шугаринга,"35,109,549",795,3250.0%,82.4%,55.3%,478
Боксы для рыболовных принадлежностей,Боксы для рыболовных принадлежностей,"35,097,948","1,059",2750.0%,88.3%,63.9%,500
Мужчинам / Садху-доски,Доски для рисования,"35,094,446","1,070",2850.0%,90.7%,63.3%,741
Для ремонта / Пирометр,Пирометры,"35,060,512",880,3150.0%,88.5%,58.2%,239
Продукты / Урбеч,Урбеч,"35,037,817",621,2150.0%,94.7%,64.9%,141
Препараты для сердечно-сосудистой системы животных,Препараты для сердечно-сосудистой системы животных,"35,025,792","1,802",2150.0%,90.0%,73.6%,67
Насосно-смесительные узлы,Насосно-смесительные узлы,"35,000,421","5,608",2750.0%,92.6%,71.0%,138
Дом / Карнавальные ободки,Карнавальные ободки,"34,994,043",453,3250.0%,71.8%,42.9%,619
Дом / Заплатки,Заплатки,"34,959,830",418,2450.0%,83.2%,52.5%,646
Здоровье / Аппликаторы Ляпко,Аппликаторы Ляпко,"34,943,000","1,064",3150.0%,87.3%,59.9%,140
Конверты для пеленания,Конверты для пеленания,"34,929,239",773,2650.0%,79.6%,60.5%,255
Другие запчасти для снегоходов,Другие запчасти для снегоходов,"34,902,038","1,890",2650.0%,84.1%,69.0%,223
Спорт / Штангетки,Штангетки,"34,859,426","2,232",3450.0%,38.2%,56.1%,77
Дом / Комбоусилители,Усилители сцепления,"34,851,086","6,171",2650.0%,66.7%,71.6%,94
Автомобильные аптечки,Автомобильные аптечки,"34,841,198","1,030",2650.0%,91.1%,65.0%,448
Для ремонта / Бруски шлифовальные,Бруски шлифовальные,"34,787,092",898,3050.0%,88.4%,59.4%,500
Мужчинам / Термоноски,Термоноски,"34,730,241",538,3450.0%,85.8%,48.2%,839
Аксессуары / Фата,Фата,"34,671,286",868,3450.0%,47.9%,46.3%,243
Для ремонта / Аэраторы кровельные,Аэраторы кровельные,"34,662,854","1,832",2050.0%,86.5%,74.5%,92
Бытовая техника / Фильтры для вытяжки,Фильтры для вытяжки,"34,644,693","1,324",2450.0%,87.8%,68.6%,302
Красота / Вакуумные банки,Вакуумные банки,"34,626,766","1,078",3250.0%,89.6%,59.2%,575
Сад и дача / Веники для бани,Веники для бани,"34,622,326","1,416",2850.0%,84.8%,64.8%,525
Дом / Пробки для бутылок,Пробки для бутылок,"34,616,216",678,2950.0%,89.6%,57.3%,912
Красота / Парфюмерные наборы,Парфюмерные наборы,"34,592,614","1,461",3250.0%,89.8%,61.4%,628
Мебель / Чехлы для матрасов,Чехлы для матрасов,"34,572,767","3,272",2650.0%,73.0%,70.2%,135
Флейты,Флейты,"34,545,497","1,049",2850.0%,79.7%,61.9%,475
Бытовая техника / Электрические одеяла,Электрические одеяла,"34,540,789","2,076",2550.0%,76.4%,69.5%,271
Вакуумные помпы эротик,Вакуумные помпы эротик,"34,385,298","2,876",2950.0%,89.6%,67.4%,151
Спорт / Тенты,Тенты для бассейнов,"34,344,938","2,023",2850.0%,89.5%,67.1%,357
Дом / Шприцы колбасные,Шприцы колбасные,"34,332,597","1,126",2950.0%,86.3%,62.3%,310
Дом / Мешочки подарочные,Мешочки подарочные,"34,325,278",598,3250.0%,85.3%,51.8%,952
Аксессуары / Бублики для волос,Бублики для волос,"34,284,168",576,3450.0%,85.2%,49.2%,149
Сад и дача / Сумки для мотоциклов,Сумки для мотоциклов,"34,258,432","1,862",2950.0%,77.0%,64.9%,255
Насадки для строительных миксеров,Насадки для строительных миксеров,"34,236,314","1,072",2650.0%,92.0%,65.4%,187
Автотовары / Ремни безопасности,Ремни безопасности,"34,106,901",975,2650.0%,90.6%,64.4%,336
Прочие изделия для курения,Прочие изделия для курения,"34,089,491",828,2850.0%,72.5%,58.2%,269
Красота / Спреи,Спреи назальные,"34,009,301",547,2550.0%,95.4%,59.2%,633
Для ремонта / Газоанализатор,Газоанализаторы,"33,965,866","1,620",3150.0%,80.7%,62.4%,166
Сад и дача / Насосы и помпы,Насосы вакуумные,"33,957,146","3,042",2850.0%,100.0%,68.9%,122
Грунты для аквариумов и террариумов,Грунты для аквариумов и террариумов,"33,948,844",538,2150.0%,88.7%,61.7%,518
Пинцеты для наращивания ресниц,Пинцеты для наращивания ресниц,"33,909,243",608,3250.0%,77.8%,50.6%,366
Автотовары / Чехлы,Чехлы для пультов,"33,894,090",384,3450.0%,92.2%,42.9%,199
Дом / Карнавальные наборы,Карнавальные наборы,"33,891,538",800,3250.0%,73.6%,55.2%,719
Продукты / Пирожные,Пирожные,"33,862,751",641,2150.0%,90.4%,64.7%,347
Зоотовары / Когтерезки,Когтерезки,"33,797,482",775,2150.0%,90.3%,67.1%,815
Спорт / Кормушки рыболовные,Кормушки рыболовные,"33,725,552",434,2750.0%,93.1%,52.7%,561
Очистители строительные,Очистители строительные,"33,688,814",744,2850.0%,91.0%,59.7%,454
Куртки сноубордические,Куртки сноубордические,"33,668,401","9,350",3450.0%,16.0%,60.2%,54
Дом / Грим,Гримы,"33,662,351",541,3250.0%,90.0%,51.1%,455
Ножницы по металлу электрические,Ножницы по металлу электрические,"33,643,799","3,456",3050.0%,25.0%,60.2%,138
Разветвители электрические,Разветвители электрические,"33,591,694",714,2850.0%,92.0%,59.3%,411
Аксессуары для виртуальных очков,Аксессуары для виртуальных очков,"33,557,365","1,464",2950.0%,82.3%,63.9%,153
Продукты / Закваски,Закваски,"33,557,048",659,2150.0%,96.3%,65.9%,175
Продукты / Джемы,Джемы,"33,526,287",601,1650.0%,94.9%,69.5%,322
Спорт / Плавательные жилеты,Плавательные жилеты,"33,420,634",736,2750.0%,72.4%,57.5%,523
Аккумуляторы для садовой техники,Аккумуляторы для садовой техники,"33,418,070","2,193",2850.0%,78.0%,66.8%,243
Принадлежности для мангала,Принадлежности для мангала,"33,383,871","1,066",2850.0%,91.6%,63.3%,639
Сад и дача / Картофель семенной,Картофель семенной,"33,377,093",607,2450.0%,95.5%,61.7%,143
Спорт / Велокомпьютеры,Велокомпьютеры,"33,293,313",798,2750.0%,87.1%,61.0%,271
Дом / Магнитные держатели,Магнитные держатели,"33,256,622",699,2650.0%,87.7%,60.4%,791
Мебель / Столы игровые,Столы игровые,"33,213,692","7,854",2650.0%,100.0%,72.5%,79
Спорт / Планки спортивные,Планки успокоителя,"33,158,399","1,336",2650.0%,88.2%,66.7%,134
Мужчинам / Кальсоны,Кальсоны,"33,138,776",749,3450.0%,64.1%,48.8%,547
Спорт / Кобуры для оружия,Кобуры для оружия,"33,118,701","1,270",2750.0%,77.1%,64.3%,399
Спорт / Полотенца спортивные,Полотенца спортивные,"33,104,912",913,2750.0%,79.4%,61.5%,247
Спорт / Налокотники,Налокотники,"33,093,715",679,2950.0%,70.2%,53.7%,336
Дом / Таймеры кухонные,Таймеры электронные,"33,064,061","1,110",2750.0%,93.7%,64.8%,305
Адаптеры для трещоток,Адаптеры для трещоток,"33,040,269",870,3150.0%,76.5%,56.5%,407
Автотовары / Маячки проблесковые,Маячки проблесковые,"33,010,382","1,593",2650.0%,90.0%,67.9%,173
Камеры автомобильные для шин,Камеры автомобильные для шин,"32,939,086","1,218",2650.0%,87.6%,66.0%,184
Наборы для груминга и ухода,Наборы для груминга и ухода,"32,832,200","1,121",2150.0%,94.9%,71.0%,496
Носители для электронных подписей,Носители для электронных подписей,"32,828,368","1,245",1950.0%,87.6%,73.2%,85
Заглушки для металлических труб,Заглушки для металлических труб,"32,827,030",412,2750.0%,84.4%,51.1%,238
Органайзеры на коляску,Органайзеры на коляску,"32,820,058","1,197",2650.0%,65.9%,63.4%,274
Дом / Порошки для уборки,Порошки для уборки,"32,817,188",618,2950.0%,94.8%,56.8%,829
Чехлы-бамперы для телефонов,Чехлы-бамперы для телефонов,"32,810,720",349,2950.0%,62.6%,36.4%,460
Дом / Шпажки,Шпажки,"32,783,736",407,2450.0%,87.6%,53.0%,890
Термометры электронные,Термометры электронные,"32,768,258",710,2550.0%,79.2%,60.3%,614
Дом / Системы хранения,Системы хранения,"32,750,849","1,495",2650.0%,91.8%,67.7%,369
Бытовая техника / Насадки для фенов,Насадки для фенов,"32,709,692","1,198",2550.0%,78.6%,66.0%,344
Ремни для музыкальных инструментов,Ремни для музыкальных инструментов,"32,695,091",907,2850.0%,83.8%,61.0%,471
Товары для взрослых / Массажеры простаты,Массажеры простаты,"32,633,533","1,725",2950.0%,94.4%,65.6%,231
Арматура строительная,Арматура строительная,"32,589,755","1,148",2850.0%,90.2%,64.1%,146
Красота / Электрические грелки,Электрические грелки,"32,557,458","1,566",2550.0%,83.9%,68.4%,525
Для ремонта / Ленты кромочные,Ленты кромочные,"32,551,884","1,045",2650.0%,73.7%,63.1%,192
Для ремонта / pH метр,pH метры,"32,543,825",915,3150.0%,90.6%,58.8%,292
Для ремонта / Вертлюги такелажные,Вертлюги такелажные,"32,541,540",771,2350.0%,100.0%,66.1%,178
Дом / Ростовые фигуры,Ростовые фигуры,"32,540,953","1,758",3250.0%,65.0%,60.5%,126
Столы и стеллажи для рассады,Столы и стеллажи для рассады,"32,534,717","3,205",2950.0%,89.6%,67.7%,202
Канцтовары / Банковские резинки,Банковские резинки,"32,516,512",813,2450.0%,93.3%,65.0%,360
Для ремонта / Фильтры для душа,Фильтры для душа,"32,503,643",800,2750.0%,91.3%,61.5%,303
Крепления велосипедного кресла,Крепления велосипедного кресла,"32,492,150","1,665",2250.0%,100.0%,72.7%,66
Автотовары / Направляющие суппорта,Направляющие клапана,"32,458,807",883,2650.0%,95.8%,64.0%,165
Женщинам / Свитеры,Свитеры для животных,"32,420,305",859,2150.0%,53.0%,60.9%,339
Дом / Прессы для картофеля,Прессы для картофеля,"32,409,106",726,2950.0%,88.3%,58.0%,754
Автотовары / Радар-детекторы,Радар-детекторы,"32,317,057","2,159",2650.0%,83.6%,69.1%,154
Дом / Наборы для выжигания,Наборы для выжигания,"32,307,331",862,2950.0%,90.9%,60.3%,382
Красота / Селективный парфюм,Селективный парфюм,"32,252,185",935,3250.0%,100.0%,58.9%,197
Запчасти для сушильных машин,Запчасти для сушильных машин,"32,206,576","1,549",2800.0%,82.2%,65.7%,227
Уплотнители межвенцовые,Уплотнители межвенцовые,"32,199,260","1,017",2850.0%,93.0%,63.5%,113
Спорт / Полупальцы,Полупальцы,"32,132,932",582,2850.0%,67.7%,51.2%,106
Спорт / Бустеры тестостерона,Бустеры тестостерона,"32,102,053","1,741",2550.0%,86.4%,69.2%,236
Мебель / Детские,Горки детские,"32,081,620","4,985",2850.0%,75.0%,69.4%,172
Рыхлители механические,Рыхлители механические,"32,053,586",730,2950.0%,85.2%,57.6%,501
Дом / Крышки для банок,Крышки для банок,"32,028,588",580,2950.0%,95.5%,56.1%,862
Электроника / Умные лампочки,Умные лампочки,"32,026,135","1,038",2450.0%,92.3%,67.1%,383
Дом / Тарелки музыкальные,Тарелки музыкальные,"31,959,549","2,607",2850.0%,100.0%,68.4%,239
Автотовары / Шипы ремонтные,Шипы ремонтные,"31,929,785","1,260",2650.0%,92.9%,66.7%,377
Шаблоны строительные,Шаблоны строительные,"31,920,886","1,330",3150.0%,88.8%,61.7%,638
Сад и дача / Лейки,Лейки комнатные,"31,884,807",870,2950.0%,90.3%,60.3%,456
Носовые платки,Носовые платки,"31,849,155",552,3450.0%,90.4%,49.5%,447
Спорт / Лопаты туристические,Лопаты туристические,"31,841,309","1,572",2750.0%,78.3%,66.0%,587
Сменные файлы для пилок,Сменные файлы для пилок,"31,827,940",582,3250.0%,93.2%,52.8%,296
Сад и дача / Пакеты для рассады,Пакеты для рассады,"31,819,721",511,2450.0%,94.3%,58.9%,391
Отдушки косметические,Отдушки косметические,"31,806,748",532,3250.0%,85.2%,49.8%,266
Измельчители механические,Измельчители механические,"31,792,331",868,2950.0%,83.4%,59.5%,825
Электроника / Крюки крепежные,Крюки крепежные,"31,771,954",654,2850.0%,86.1%,57.3%,430
Спорт / Штанги,Штанги,"31,697,104","1,861",2750.0%,86.5%,67.5%,62
Бытовая техника / Оверлок,Оверлоки,"31,697,081","6,950",2550.0%,80.0%,73.1%,74
Комплектующие для плиткореза,Комплектующие для плиткореза,"31,697,020",922,3150.0%,83.7%,58.1%,199
Аксессуары / Ремни,Ремни для триммеров,"31,655,941","1,503",2850.0%,94.1%,65.8%,315
Мужчинам / Ветровки,Ветровки для малышей,"31,652,612","1,276",3450.0%,37.5%,48.8%,137
Сад и дача / Ведра садовые,Ведра садовые,"31,562,660","1,526",2950.0%,45.4%,59.0%,195
Видеорегистраторы персональные,Видеорегистраторы персональные,"31,525,667","3,648",2700.0%,77.1%,70.2%,133
Запчасти для оборудования общепита,Запчасти для оборудования общепита,"31,517,517",986,2550.0%,86.2%,65.1%,207
Для ремонта / Гладилки штукатурные,Гладилки штукатурные,"31,515,414","1,004",2850.0%,85.6%,62.2%,211
Спорт / Звонки велосипедные,Звонки велосипедные,"31,514,254",624,2750.0%,84.0%,57.3%,470
Спорт / Шиповки,Шиповки,"31,492,656","3,390",3450.0%,38.9%,59.4%,60
Электроника / Картридеры,Картридеры,"31,479,342",691,2450.0%,78.9%,60.8%,465
Электроника / Фильтры для камер,Фильтры для камер,"31,431,819","1,570",2850.0%,81.9%,65.3%,140
Для ремонта / Плитка мозаичная,Плитка мозаичная,"31,397,728","1,266",2850.0%,82.9%,63.9%,115
Игрушки / Качели детские,Качели детские,"31,368,548","1,864",2850.0%,88.3%,66.6%,327
Матрасы для садовых качелей,Матрасы для садовых качелей,"31,350,344","3,423",2850.0%,85.3%,68.8%,93
Игрушки / Юла,Юла,"31,290,132",909,2850.0%,84.2%,61.1%,315
Автотовары / FM-трансмиттеры,FM-трансмиттеры,"31,287,706","1,422",2650.0%,85.6%,66.9%,571
Книги родословные,Книги родословные,"31,238,803","2,258",2950.0%,25.0%,56.3%,263
Для ремонта / Ломы,Ломы,"31,206,519","1,021",3150.0%,83.1%,59.1%,161
Электромагнитный клапан для воды,Электромагнитный клапан для воды,"31,203,507","2,387",2750.0%,79.0%,68.3%,160
Бытовая техника / Инсектицидные лампы,Инсектицидные лампы,"31,202,949",880,2550.0%,89.4%,64.3%,498
Спорт / Секундомеры,Секундомеры,"31,179,251",967,2750.0%,92.6%,63.6%,518
Мебель / Тумбы офисные,Тумбы офисные,"31,157,909","7,536",2650.0%,6.2%,56.5%,62
Аксессуары для косметических аппаратов,Аксессуары для косметических аппаратов,"31,079,828","1,014",2550.0%,88.7%,65.6%,345
Держатели канцелярские,Держатели канцелярские,"31,043,609","1,379",2450.0%,92.6%,69.2%,536
Электроника / Термопасты,Термопасты,"31,006,776",746,2450.0%,82.2%,62.5%,282
Автотовары / Блоки цилиндра,Блоки цилиндра,"30,990,230","1,337",2650.0%,85.2%,66.5%,133
Спорт / Ящики рыболовные,Ящики рыболовные,"30,989,790",888,2950.0%,82.5%,59.6%,320
Электроника / Зажимы для тросов,Зажимы для тросов,"30,954,497",790,3150.0%,87.5%,56.9%,298
Красота / Прокладки от пота,Прокладки вала,"30,935,647","2,031",2650.0%,100.0%,69.6%,59
Дом / Скалки,Скалки,"30,927,472",705,2950.0%,85.8%,57.3%,874
Наборы для чистки камина,Наборы для чистки камина,"30,906,567","2,292",2950.0%,83.8%,66.3%,311
Косметические цветные линзы,Косметические цветные линзы,"30,891,547",548,2750.0%,100.0%,57.9%,208
Прокладки сантехнические,Прокладки сантехнические,"30,882,294",488,2250.0%,90.0%,60.1%,466
Очистители карбюратора,Очистители карбюратора,"30,878,252",761,2650.0%,94.8%,62.4%,538
Компрессионные колготки,Компрессионные колготки,"30,868,808","1,944",3150.0%,79.8%,63.3%,88
Женщинам / Кигуруми,Кигуруми,"30,837,612","1,422",3450.0%,72.5%,57.7%,256
Изливы для смесителей,Изливы для смесителей,"30,835,300",889,2750.0%,80.8%,61.4%,603
Сад и дача / Наборы для плавания,Наборы для плавания,"30,833,293",956,2750.0%,79.2%,61.9%,524
Фильтры масляные для мототехники,Фильтры масляные для мототехники,"30,750,432",812,2150.0%,92.4%,67.8%,258
Спорт / Защита,Защита проводов,"30,697,203",484,1950.0%,85.5%,61.2%,486
Аксессуары / Зажимы,Зажимы-крокодил,"30,638,146","1,236",2850.0%,76.5%,63.0%,34
Дом / Иглы для рукоделия,Иглы для рукоделия,"30,634,609",613,2450.0%,93.3%,61.5%,547
Дом / Спреи для одежды,Спреи для одежды,"30,626,904",653,2950.0%,91.1%,57.1%,651
Продукты / Хлопья овсяные,Хлопья овсяные,"30,620,081",698,1650.0%,95.1%,71.5%,245
Арбалеты для отдыха,Арбалеты для отдыха,"30,613,351","3,184",2750.0%,92.5%,69.8%,107
Наушники противошумные,Наушники противошумные,"30,612,352","1,168",2850.0%,81.8%,63.1%,348
Комплектующие к полотенцесушителям,Комплектующие к полотенцесушителям,"30,612,317","1,194",2750.0%,85.6%,64.7%,257
Продукты / Сухие напитки,Сухие напитки,"30,610,785",827,2150.0%,93.9%,68.2%,324
Игрушки / Автотрек,Крестовины для авто,"30,598,015","1,284",2650.0%,88.9%,66.5%,75
Средства для очистки рук,Средства для очистки рук,"30,565,608",644,2650.0%,96.7%,60.7%,460
Смазки для электроинструмента,Смазки для электроинструмента,"30,533,487",267,3150.0%,94.6%,38.0%,152
Дом / Пельменницы,Пельменницы,"30,519,198",781,2950.0%,87.0%,58.7%,869
Наконечники стоматологические,Наконечники стоматологические,"30,494,851","2,029",2550.0%,73.3%,69.1%,108
Для ремонта / Аэрограф,Аэрографы,"30,458,873","2,104",3150.0%,89.4%,64.2%,202
Спорт / Набор для рыбалки,Балки моста,"30,454,350","2,081",2650.0%,100.0%,69.7%,115
Красота / Кератолитики,Кератолитики,"30,363,435",687,3250.0%,91.4%,54.8%,429
Промывки масляной системы,Промывки масляной системы,"30,355,917",780,2650.0%,90.3%,62.1%,237
Подъемные механизмы для мебели,Подъемные механизмы для мебели,"30,330,778",906,2650.0%,89.7%,63.7%,286
Дом / Пиалы,Пиалы,"30,324,431","1,476",2950.0%,70.2%,62.8%,658
Жидкости для биотуалетов,Жидкости для биотуалетов,"30,312,794","1,116",2850.0%,93.2%,63.8%,251
Сад и дача / Коврики настольные,Коврики настольные,"30,312,656",998,2950.0%,91.3%,61.7%,411
Для ремонта / Черепица гибкая,Черепица гибкая,"30,281,480","2,080",2250.0%,100.0%,73.7%,38
Бытовая техника / Банки для йогуртниц,Банки для йогуртниц,"30,281,255",988,2950.0%,69.2%,58.8%,325
Средства для снятия ресниц,Средства для снятия ресниц,"30,246,298",500,3250.0%,87.7%,49.3%,206
Электроника / Медиаконвертеры,Медиаконвертеры,"30,205,842",984,2750.0%,100.0%,64.4%,172
Детям / Распашонки,Распашонки,"30,198,424",400,3450.0%,83.3%,41.5%,273
Для ремонта / Тали электрические,Тали электрические,"30,167,693","5,299",2850.0%,81.9%,69.7%,103
Спорт / Бинты спортивные,Бинты медицинские,"30,162,608",487,3150.0%,92.5%,50.7%,161
Спорт / Батуты,Батуты детские,"30,102,732","3,181",2850.0%,82.3%,68.4%,143
Колеровка краски,Колеровка краски,"30,084,159","2,844",2800.0%,95.2%,69.0%,42
Спорт / Упоры для отжиманий,Упоры для отжиманий,"30,076,294","1,509",2750.0%,90.1%,66.6%,539
Наборы для крепких напитков,Наборы для крепких напитков,"30,032,221","1,865",2950.0%,75.2%,64.8%,383
Женщинам / Пэстис,Пэстис,"30,024,714",556,3450.0%,90.2%,49.5%,382
Сад и дача / Стартеры для розжига,Стартеры ручные,"30,008,178","2,963",2650.0%,100.0%,70.8%,137
Обувь / Кремы для обуви,Кремы для обуви,"29,917,834",485,3450.0%,93.4%,47.8%,781
Блоки питания для антенн,Блоки питания для антенн,"29,913,189",858,2750.0%,89.5%,62.1%,214
Сад и дача / Совки садовые,Совки садовые,"29,892,753",708,2450.0%,89.3%,62.8%,709
Бытовая техника / Фены,Фены паяльные,"29,859,020","1,530",3050.0%,90.2%,63.7%,134
Автотовары / Стоп-сигналы,Стоп-сигналы,"29,849,657","1,725",2650.0%,76.0%,67.4%,402
Дом / Бас-гитары,Бас-гитары,"29,810,517",732,2850.0%,100.0%,60.6%,58
Продукты / Пасты,Пасты полировальные,"29,786,805",719,2850.0%,89.9%,59.1%,419
Аксессуары / Цепочки на тело,Цепочки на тело,"29,751,569",960,2850.0%,63.3%,58.3%,594
Опорные стойки для прицепов,Опорные стойки для прицепов,"29,722,822","1,777",2650.0%,100.0%,69.0%,64
Для ремонта / Очки сварочные,Очки сварочные,"29,722,275",824,2850.0%,76.1%,58.7%,309
Дом / Органайзеры на мойку,Органайзеры на мойку,"29,699,233","1,191",2950.0%,91.6%,63.2%,800
Очистители топливной системы,Очистители топливной системы,"29,639,724",923,2650.0%,95.8%,64.5%,228
Детям / Кофточки и джемперы,Кофточки для малышей,"29,605,219",434,3450.0%,77.0%,41.6%,232
Обувь / Шнурки,Шнурки для телефонов,"29,581,898",761,3450.0%,76.8%,51.8%,560
Аксессуары / Гребни,Гребни,"29,569,748",517,3450.0%,86.4%,47.6%,696
Игрушки / Неваляшки,Неваляшки,"29,556,907",891,2850.0%,90.3%,61.6%,381
Обезжириватели для ногтей,Обезжириватели для ногтей,"29,547,482",623,3050.0%,93.3%,55.7%,407
Гели для посудомоечных машин,Гели для посудомоечных машин,"29,538,601","1,234",2950.0%,94.3%,63.6%,301
Захваты для листового материала,Захваты для листового материала,"29,458,136","1,647",3150.0%,90.0%,63.1%,124
Смывка краски для волос,Смывка краски для волос,"29,434,967",594,3250.0%,82.2%,51.1%,215
Канцтовары / Штемпельные подушки,Штемпельные подушки,"29,417,949",744,2950.0%,89.1%,58.4%,295
Спорт / Шифтеры велосипедные,Шифтеры велосипедные,"29,415,996",945,2750.0%,88.4%,62.9%,455
Детям / Подушки для малышей,Подушки для малышей,"29,401,131","1,704",2650.0%,83.8%,67.9%,516
Конверторы для автомагнитол,Конверторы для автомагнитол,"29,384,863","1,262",2650.0%,54.6%,61.9%,108
Дом / Наперники,Наперники,"29,373,485","1,325",2950.0%,86.8%,63.5%,252
Дом / Бирки для ключей,Бирки для ключей,"29,363,241",780,3450.0%,94.1%,54.6%,498
Дом / Мешки хозяйственные,Мешки хозяйственные,"29,326,706",997,2950.0%,89.5%,61.5%,429
Женщинам / Колготки,Колготки для малышей,"29,284,969",393,3450.0%,81.5%,40.5%,309
Продукты / Пасты шоколадные,Пасты шоколадные,"29,274,322",747,2150.0%,93.8%,67.1%,323
Автотовары / Козырьки для авто,Козырьки для авто,"29,266,943","1,216",2650.0%,84.8%,65.7%,564
Аксессуары для аэрогрилей,Аксессуары для аэрогрилей,"29,247,049",910,2450.0%,87.0%,65.4%,351
Терки и пилки для педикюра,Терки и пилки для педикюра,"29,244,592",531,3250.0%,93.7%,51.4%,1082
Электроника / Картриджи игровые,Картриджи игровые,"29,192,708","2,179",2150.0%,79.8%,73.9%,159
Сад и дача / Матрасы для плавания,Матрасы для плавания,"29,167,971","1,091",2750.0%,87.3%,64.1%,547
Комплекты ГБО,Комплекты ГБО,"29,166,203","5,578",2150.0%,90.5%,76.9%,51
Спорт / Маты спортивные,Маты спортивные,"29,154,591","3,444",2750.0%,83.3%,69.7%,197
Подножки велосипедные,Подножки велосипедные,"29,143,239","1,170",2750.0%,86.5%,64.6%,434
Мебель / Промоящики,Промоящики,"29,132,789",976,2650.0%,92.3%,64.6%,72
Аксессуары / Часы карманные,Часы карманные,"29,132,599","1,372",3450.0%,70.6%,57.2%,411
Лонгсливы для малышей,Лонгсливы для малышей,"29,130,690",912,3450.0%,65.7%,52.2%,274
Упоры противооткатные,Упоры противооткатные,"29,120,680","1,270",2650.0%,84.2%,66.0%,264
Вышки-туры,Вышки-туры,"29,102,240","9,752",3150.0%,90.4%,67.6%,43
Автотовары / Мотокофр,Мотокофры,"29,064,793",892,2650.0%,77.7%,62.0%,175
Спорт / Чехлы для ружей,Чехлы для ружей,"29,048,385","2,149",2950.0%,72.8%,65.4%,153
Красота / Диваны детские,Диваны детские,"29,020,629","2,508",2150.0%,83.3%,74.7%,104
Кондиционеры для животных,Кондиционеры для животных,"29,006,440","1,023",2150.0%,91.0%,69.9%,202
Аксессуары для электробритв,Аксессуары для электробритв,"28,986,676","1,174",2550.0%,85.2%,66.5%,366
Отражатели для фотовспышки,Отражатели для фотовспышки,"28,959,089","2,096",2850.0%,84.7%,67.0%,136
Мужчинам / Футболки рабочие,Футболки рабочие,"28,954,746","1,314",3450.0%,46.9%,52.5%,82
Сад и дача / Ножи садовые,Ножи метательные,"28,949,254","1,803",2750.0%,84.2%,67.2%,295
Дом / Бары,Бары,"28,852,670","2,026",2950.0%,50.0%,62.6%,209
Корпусы топливных фильтров,Корпусы топливных фильтров,"28,835,500","1,721",2650.0%,100.0%,68.9%,154
Мебель / Столешницы для стола,Столешницы для стола,"28,822,025","4,825",2650.0%,62.5%,70.8%,170
Спорт / Мормышки,Мормышки,"28,817,659",533,2750.0%,92.0%,56.2%,309
Спорт / Монтажи рыболовные,Монтажи рыболовные,"28,801,545",411,2750.0%,94.6%,51.9%,534
Мужчинам / Ленты сигнальные,Ленты сигнальные,"28,782,085",841,2850.0%,92.6%,61.2%,337
Сад и дача / Тележки садовые,Тележки садовые,"28,724,634","7,395",2950.0%,89.9%,69.3%,193
Электроника / Оповещатели звуковые,Оповещатели звуковые,"28,722,061","1,720",2450.0%,78.8%,69.6%,188
Спорт / Цепи натяжители,Цепи натяжители,"28,703,380","1,497",2700.0%,100.0%,67.7%,76
Мебель / Системы,Системы страховочные,"28,686,119","1,619",2750.0%,100.0%,67.6%,61
Средства для удаления кутикулы,Средства для удаления кутикулы,"28,636,602",607,3200.0%,93.0%,53.8%,733
Инструменты медицинские для животных,Инструменты медицинские для животных,"28,631,001",925,2150.0%,84.8%,68.3%,231
Спорт / Камеры подводные,Камеры подводные,"28,576,318","2,266",2150.0%,76.3%,73.9%,215
Спорт / Тренажеры гребные,Тренажеры гребные,"28,569,322","1,097",2750.0%,71.4%,62.3%,53
Дом / Дорожки кухонные,Дорожки кухонные,"28,559,292",861,2950.0%,74.0%,58.6%,552
Спорт / Грифы,Грифы,"28,554,754","1,687",2750.0%,81.3%,66.7%,170
Красота / Краски для тату,Краски для тату,"28,499,650","1,101",3150.0%,85.2%,60.0%,174
Ограждения для животных,Ограждения для животных,"28,492,293","2,287",2150.0%,89.6%,74.6%,311
Аккумуляторы для радиоуправляемых игрушек,Аккумуляторы для радиоуправляемых игрушек,"28,487,319","1,250",2750.0%,78.4%,64.3%,224
Автотовары / Радар-детекторы,Детекторы дронов,"28,482,132","45,358",3150.0%,100.0%,68.3%,26
Сад и дача / Камни для бани,Камни для бани,"28,457,144","1,969",2850.0%,93.0%,67.1%,279
Дом / Венки декоративные,Венки декоративные,"28,441,173","1,223",3250.0%,71.7%,58.4%,680
Мебель / Счетчики банкнот,Счетчики банкнот,"28,429,169","3,256",2650.0%,81.2%,70.5%,68
Аксессуары / Шнурки для кулонов,Шнурки для кулонов,"28,413,497",651,2850.0%,86.9%,57.4%,488
Сумки для фотоаппаратов,Сумки для фотоаппаратов,"28,401,714","1,442",2850.0%,65.9%,63.1%,178
Коврики под цветочные горшки,Коврики под цветочные горшки,"28,401,531",902,2950.0%,91.2%,60.8%,272
Канцтовары / Разделители страниц,Разделители страниц,"28,400,279",702,2950.0%,93.5%,58.3%,198
Автотовары / Чехлы на автомобиль,Чехлы на автомобиль,"28,327,958","1,941",2650.0%,90.0%,68.9%,276
Сад и дача / Вермикулит,Вермикулит,"28,316,373",692,2950.0%,97.1%,58.6%,357
Сад и дача / Термостаты комнатные,Термостаты комнатные,"28,261,017","1,258",2550.0%,88.2%,67.3%,243
Гидрогель для растений,Гидрогель для растений,"28,259,079",530,2450.0%,94.1%,59.4%,404
Спорт / Лыжи горные,Лыжи горные,"28,249,699","2,469",2750.0%,100.0%,69.3%,27
Доски балансировочные,Доски балансировочные,"28,230,300","1,619",2750.0%,86.0%,66.8%,175
Дом / Мулине,Мулине,"28,213,714",636,2950.0%,91.7%,56.8%,271
Продукты / Гречка,Гречка,"28,201,924",630,1650.0%,93.3%,69.9%,238
Ленты и нити уплотнительные,Ленты и нити уплотнительные,"28,187,394",669,2750.0%,94.3%,57.2%,378
Дом / Одеяла для малышей,Одеяла для малышей,"28,114,140","1,389",2650.0%,80.6%,66.4%,215
Боксы для элементов питания,Боксы для элементов питания,"28,068,619",703,2750.0%,92.6%,60.2%,263
Дом / Самовары,Самовары,"28,029,593","4,875",2950.0%,81.9%,68.5%,151
Автотовары / Ремни вариатора,Ремни вариатора,"28,028,793","3,379",2650.0%,84.0%,70.7%,104
Дом / Пароварки для плиты,Пароварки для плиты,"28,005,139","1,684",2950.0%,81.7%,64.7%,341
Костыли,Костыли,"27,992,466","2,126",3250.0%,74.6%,62.5%,178
Спорт / Шапки спортивные,Шапки спортивные,"27,973,266",818,2750.0%,52.4%,53.8%,340
Обувь / Губки для обуви,Губки для обуви,"27,960,396",478,3450.0%,96.0%,48.1%,432
Автотовары / Кернеры,Кернеры,"27,915,797",610,2650.0%,97.7%,60.1%,295
Сад и дача / Соляные брикеты,Соляные брикеты,"27,842,803",673,2850.0%,95.7%,59.1%,387
Дом / Подстаканники,Подстаканники,"27,826,737","1,222",2950.0%,82.8%,63.3%,530
Аксессуары / Подтяжки,Подтяжки,"27,784,843",656,3450.0%,90.0%,51.9%,404
Аккумуляторы температуры,Аккумуляторы температуры,"27,767,811",631,2600.0%,85.9%,59.2%,478
Выкройки для рукоделия,Выкройки для рукоделия,"27,766,154",732,2950.0%,89.0%,58.2%,232
Чехлы для садовой мебели,Чехлы для садовой мебели,"27,754,209","2,171",2850.0%,85.4%,67.2%,144
Средства для роста бровей и ресниц,Средства для роста бровей и ресниц,"27,747,299",533,3250.0%,90.1%,50.8%,668
Лестницы для животных,Лестницы для животных,"27,735,205","2,211",2150.0%,76.2%,73.7%,331
Подушки балансировочные,Подушки балансировочные,"27,729,215","1,641",2750.0%,80.4%,66.4%,276
Соковыжималки механические,Соковыжималки механические,"27,711,832","1,115",2950.0%,85.9%,62.1%,784
Реле давления насосов,Реле давления насосов,"27,706,610","1,626",2750.0%,88.3%,66.9%,288
Столики для ноутбуков,Столики для ноутбуков,"27,696,183","2,500",2650.0%,82.5%,69.6%,283
Спорт / Чипсы протеиновые,Чипсы протеиновые,"27,682,887",715,2550.0%,90.2%,62.1%,45
Наборы для путешествий,Наборы для путешествий,"27,660,215",844,2750.0%,84.4%,61.3%,636
Прерыватели указателей поворота,Прерыватели указателей поворота,"27,614,854","1,508",2650.0%,100.0%,68.2%,41
Дом / Барабанные палочки,Барабанные палочки,"27,585,756",727,2850.0%,93.6%,59.7%,473
Матрасы противопролежневые,Матрасы противопролежневые,"27,557,733","3,373",2550.0%,78.9%,71.5%,60
Красота / Кушетки,Кушетки,"27,556,106","1,986",2150.0%,100.0%,74.5%,52
Инструменты для кручения болтов,Инструменты для кручения болтов,"27,549,520","1,287",2650.0%,100.0%,67.3%,300
Для ремонта / Штакетник,Штакетники,"27,547,911","2,080",2850.0%,92.9%,67.4%,56
Аксессуары для обогревателей,Аксессуары для обогревателей,"27,503,372",936,2550.0%,92.9%,65.3%,201
Акции / Лом,Поломоечные машины,"27,496,748","1,800",3100.0%,100.0%,64.6%,59
Дом / Укулеле,Укулеле,"27,443,747","3,930",2850.0%,85.5%,69.1%,132
Красота / Маски альгинатные,Маски альгинатные,"27,436,401",843,3250.0%,91.4%,57.1%,396
Кронштейны для аудиотехники,Кронштейны для аудиотехники,"27,415,596",817,2750.0%,89.5%,61.6%,178
Продукты / Желатин,Желатин,"27,362,617",674,2150.0%,95.0%,66.0%,199
Матрасы в кроватку для новорожденных,Матрасы в кроватку для новорожденных,"27,275,037","3,424",2650.0%,80.8%,70.6%,84
Аксессуары / Митенки,Митенки,"27,261,916",803,3450.0%,80.2%,53.1%,370
Пеньюары парикмахерские,Пеньюары парикмахерские,"27,210,076",734,3250.0%,88.0%,55.1%,345
Массажные средства эротик,Массажные средства эротик,"27,200,812","1,181",2950.0%,79.4%,62.0%,213
Переключатели велосипедные,Переключатели велосипедные,"27,168,503",860,2750.0%,88.9%,62.0%,459
Коврики для намаза,Коврики для намаза,"27,146,306",894,2950.0%,66.7%,57.1%,357
Продукты / Крекеры,Крекеры,"27,141,815",625,1650.0%,89.4%,69.2%,226
Ремкомплекты для москитных сеток,Ремкомплекты для москитных сеток,"27,129,847",481,2350.0%,96.3%,59.2%,491
Фонари освещения номерного знака,Фонари освещения номерного знака,"27,129,178","1,043",2650.0%,90.2%,65.0%,365
Автотовары / Мотоочки,Мотоочки,"27,124,000","1,186",2650.0%,74.7%,64.5%,373
Дом / MIDI-контроллеры,MIDI-контроллеры,"27,108,185","2,072",2800.0%,92.3%,67.8%,122
Спорт / Ремни тактические,Ремни тактические,"27,082,533",799,2750.0%,88.1%,61.1%,466
Пакеты для уборки за животными,Пакеты для уборки за животными,"27,072,491",635,2150.0%,93.2%,65.0%,575
Спорт / Ролики для пресса,Ролики для пресса,"27,070,007","1,727",2750.0%,88.0%,67.2%,468
Подушки для садовых качелей,Подушки для садовых качелей,"27,054,797","2,551",2850.0%,80.8%,67.6%,169
Средства для очистки аквариумной воды,Средства для очистки аквариумной воды,"27,040,374",764,2150.0%,92.5%,67.2%,316
Спорт / Жилеты утяжелители,Жилеты утяжелители,"27,033,308","2,114",2750.0%,81.4%,67.9%,103
Ремкомплекты велосипедные,Ремкомплекты велосипедные,"26,936,633",774,2250.0%,95.9%,66.7%,285
Расширители колесных арок,Расширители колесных арок,"26,917,828","3,273",2650.0%,77.8%,70.4%,127
Спорт / Стойки спортивные,Стойки спортивные,"26,911,449","6,172",2750.0%,83.5%,70.9%,144
Дом / Распарыватель,Главные пары,"26,899,548","5,330",2650.0%,100.0%,72.0%,107
Сад и дача / Картины модульные,Картины модульные,"26,875,468","3,546",2950.0%,79.4%,67.7%,226
Автотовары / Колпаки,Колпаки для забора,"26,859,522","1,566",2850.0%,100.0%,66.4%,76
Комплектующие распределителей зажигания,Комплектующие распределителей зажигания,"26,835,971",903,2650.0%,92.5%,63.9%,159
Комбинезоны одноразовые,Комбинезоны одноразовые,"26,826,121",753,2850.0%,90.7%,59.8%,175
Для ремонта / Плитка зеркальная,Плитка зеркальная,"26,781,841",684,2850.0%,83.7%,57.5%,127
Кольца-держатели для телефона,Кольца-держатели для телефона,"26,723,613",368,2950.0%,86.8%,45.5%,510
Сад и дача / Коврики для бани,Коврики для бани,"26,692,876",998,2850.0%,90.0%,62.6%,506
Замки и защелки мебельные,Замки и защелки мебельные,"26,686,670",711,2650.0%,86.6%,60.5%,519
Спорт / Биты спортивные,Биты спортивные,"26,649,595","1,499",2750.0%,76.9%,65.6%,143
Для ремонта / Анемометр,Анемометры,"26,628,931","2,184",3150.0%,81.6%,64.0%,97
Спорт / Колеса,Колеса,"26,542,822","1,177",2750.0%,84.5%,64.5%,174
Воздуховоды для вытяжек,Воздуховоды для вытяжек,"26,538,327","1,072",2450.0%,100.0%,68.0%,206
Аксессуары для массажеров,Аксессуары для массажеров,"26,518,746","1,163",3150.0%,92.4%,61.1%,439
Сад и дача / Хозблоки и сараи,Хозблоки и сараи,"26,514,801","71,771",2850.0%,100.0%,71.4%,19
Обувь / Украшения для обуви,Украшения для обуви,"26,427,870",400,3450.0%,87.9%,42.7%,639
Самовары электрические,Самовары электрические,"26,405,157","5,496",2450.0%,16.7%,66.8%,123
Дом / Ложки поварские,Ложки поварские,"26,392,408",719,2950.0%,85.9%,57.5%,947
Нити для прошивки документов,Нити для прошивки документов,"26,370,061",841,2950.0%,93.7%,60.3%,146
Красота / Глина косметическая,Глина косметическая,"26,345,659",435,3250.0%,92.1%,47.5%,408
Дом / Держатели,Держатели проводов,"26,304,500",538,1950.0%,91.4%,64.2%,1096
Канцтовары / Лаки художественные,Лаки художественные,"26,283,179",604,2950.0%,89.6%,55.7%,337
Бытовая техника / Дарсонваль,Дарсонваль,"26,280,399","1,799",2550.0%,79.7%,68.9%,297
Разделители для ящиков,Разделители для ящиков,"26,212,958","1,078",2650.0%,87.2%,65.0%,507
Сад и дача / Баки для бани,Баки для бани,"26,179,703","5,029",2850.0%,87.1%,69.7%,160
Головки соединительные,Головки соединительные,"26,127,213",757,2650.0%,92.4%,62.1%,94
Комплектующие дифференциалов,Комплектующие дифференциалов,"26,052,595","1,163",2650.0%,74.2%,64.2%,131
Спорт / Гели пищевые,Гели пищевые,"25,991,875","1,320",2550.0%,94.4%,68.1%,39
Электроника / Спикерфоны,Спикерфоны,"25,989,480","1,683",2650.0%,100.0%,68.7%,106
Компрессоры для аквариума,Компрессоры для аквариума,"25,972,727","1,381",2150.0%,89.3%,72.0%,278
Продукты / Соки детские,Соки детские,"25,964,556",918,2450.0%,79.2%,64.5%,75
Дом / Декантеры,Декантеры,"25,919,475","2,100",2950.0%,76.5%,65.5%,387
Сад и дача / Рукомойники,Рукомойники,"25,906,116","1,837",2850.0%,95.0%,66.9%,240
Бытовая техника / Термощупы,Термощупы,"25,889,770",978,2450.0%,93.0%,66.7%,440
Колеса для велосипедов,Колеса для велосипедов,"25,889,676","1,540",2750.0%,81.5%,66.1%,150
Спорт / Подсачники,Подсачники,"25,886,248","1,286",2750.0%,80.7%,64.8%,274
Разделители для пальцев,Разделители для пальцев,"25,875,941",462,3200.0%,94.7%,49.7%,704
Аксессуары / Чепчики,Чепчики,"25,867,593",371,3450.0%,78.1%,37.9%,336
Бытовая техника / Су-вид,Су-вид,"25,864,220","4,905",2450.0%,84.7%,73.6%,114
Электроника / Ударные установки,Ударные установки,"25,833,712","2,566",2850.0%,80.0%,67.6%,105
Бамперы автомобильные,Бамперы автомобильные,"25,829,454","1,584",2150.0%,100.0%,73.4%,106
Бытовая техника / Сепараторы молочные,Сепараторы молочные,"25,795,130","5,275",2450.0%,85.8%,73.7%,108
Канцтовары / Сейф-пакеты,Сейф-пакеты,"25,778,371","1,492",2950.0%,93.6%,64.8%,246
Контейнеры для детского питания,Контейнеры для детского питания,"25,778,185",863,2650.0%,86.5%,62.8%,427
Для ремонта / Ковролин,Ковролин,"25,754,065","7,497",2850.0%,82.6%,70.2%,78
Для ремонта / Рулонная изоляция,Рулонная изоляция,"25,723,585","1,822",2500.0%,84.5%,69.8%,112
Для ремонта / Смеси ремонтные,Смеси ремонтные,"25,719,028",847,2050.0%,78.0%,67.4%,189
Дом / Салфетки для одежды,Салфетки для одежды,"25,715,594",515,2450.0%,94.1%,59.0%,779
Порошки для посудомоечных машин,Порошки для посудомоечных машин,"25,700,249","1,085",2950.0%,95.5%,62.8%,282
Зоотовары / Брудеры,Брудеры,"25,695,822","2,416",2150.0%,85.7%,74.6%,101
Дом / Восстановители кожи,Восстановители кожи,"25,687,680",556,2950.0%,86.8%,53.9%,269
Спорт / Пояса согревающие,Пояса согревающие,"25,645,677","1,392",3150.0%,71.6%,60.5%,267
Бытовая техника / Шашлычницы,Шашлычницы,"25,588,114","4,202",2450.0%,67.6%,72.7%,242
Спорт / Чучела охотничьи,Чучела охотничьи,"25,584,954","1,580",2750.0%,100.0%,67.4%,179
Электронные планшеты для рисования,Электронные планшеты для рисования,"25,542,591","1,094",2850.0%,92.6%,63.6%,581
Подписки игровых сервисов,Подписки игровых сервисов,"25,524,149","2,022",2150.0%,91.5%,74.2%,211
Стеклоомывающие жидкости,Стеклоомывающие жидкости,"25,501,446",649,2650.0%,88.7%,59.6%,433
Кинетический песок,Кинетический песок,"25,477,538",793,2850.0%,92.7%,60.6%,257
Подставки страховочные,Подставки страховочные,"25,469,526","1,417",2650.0%,89.1%,67.2%,211
Триммерные насадки садовые,Триммерные насадки садовые,"25,453,105","1,046",2850.0%,86.5%,62.7%,363
Красота / Пемзы,Пемзы,"25,447,705",532,2750.0%,89.8%,55.7%,1064
Сад и дача / Торф,Торфы,"25,446,421",816,2950.0%,94.8%,60.2%,239
Канцтовары / Оснастки для печатей,Оснастки для печатей,"25,446,291",866,2950.0%,100.0%,61.3%,243
Зоотовары / Лосьоны для животных,Лосьоны для животных,"25,427,694",599,2150.0%,93.8%,64.3%,340
Женщинам / Гобелены,Гобелены,"25,426,482",876,2950.0%,80.8%,59.2%,186
Переключатели видеосигнала,Переключатели видеосигнала,"25,410,732","1,578",2800.0%,100.0%,66.9%,98
Зарядные станции для электромобилей,Зарядные станции для электромобилей,"25,347,344","3,600",2650.0%,100.0%,71.3%,111
Основания для кроватей,Основания для кроватей,"25,339,873",977,2650.0%,88.1%,66.8%,145
Детям / Матрасы в коляску,Матрасы в коляску,"25,298,234","1,022",2650.0%,69.0%,62.2%,181
Фильтры вентиляционные,Фильтры вентиляционные,"25,252,312","3,030",2750.0%,71.4%,68.8%,49
Водонагреватели для бассейнов,Водонагреватели для бассейнов,"25,228,977","1,904",2850.0%,87.0%,66.7%,150
Стойки для электроинструмента,Стойки для электроинструмента,"25,223,743","1,943",3150.0%,87.6%,63.8%,233
Генераторы мыльных пузырей,Генераторы мыльных пузырей,"25,210,741","1,145",2750.0%,87.3%,64.5%,337
Воротники для животных,Воротники для животных,"25,210,680",890,2150.0%,63.0%,64.2%,483
Спорт / Шатуны велосипедные,Шатуны велосипедные,"25,200,474",998,2750.0%,87.9%,63.4%,223
Спорт / Грузила,Грузила,"25,189,313",407,2750.0%,92.7%,51.3%,417
Лапки для швейных машин,Лапки для швейных машин,"25,188,752",637,2950.0%,88.5%,56.3%,503
Препараты от аллергии для животных,Препараты от аллергии для животных,"25,155,217",986,2150.0%,84.1%,68.9%,67
Электроника / Кейкапы,Капы,"25,118,105",462,2750.0%,85.8%,52.3%,288
Книги / Ноты,Ноты,"25,078,230",818,2950.0%,89.5%,59.6%,133
Дом / Скрипки,Скрипки,"25,071,472","4,320",2850.0%,100.0%,69.6%,87
Детям / Ножницы детские,Ножницы детские,"25,034,618",529,2650.0%,92.9%,57.2%,468
Дом / Пяльцы,Пяльцы,"25,029,945",680,2950.0%,89.6%,57.4%,296
Для ремонта / Стеклорезы,Стеклорезы,"25,018,589",895,3150.0%,92.0%,58.8%,474
Продукты / Маслины,Маслины,"24,991,554",896,2150.0%,95.4%,69.1%,146
Подставки для электроники,Подставки для электроники,"24,972,938",982,2950.0%,75.9%,59.8%,553
Слинг-переноски для животных,Слинг-переноски для животных,"24,941,689","2,564",2150.0%,55.6%,72.9%,269
Сад и дача / Доски для плавания,Доски для плавания,"24,933,639","1,394",2750.0%,79.7%,65.3%,307
Сад и дача / Декоративные полотна,Декоративные полотна,"24,889,341",915,2950.0%,50.0%,53.0%,312
Обувь / Дождевики для обуви,Дождевики для обуви,"24,856,820",607,3450.0%,58.0%,42.8%,492
Крепления для багажника,Крепления для багажника,"24,841,575","1,005",2650.0%,89.3%,64.6%,495
Комплектующие к фонарям освещения,Комплектующие к фонарям освещения,"24,775,329","1,236",2650.0%,82.6%,65.7%,283
Зоотовары / Ограничители лая,Ограничители оконные,"24,679,909",555,2350.0%,95.5%,61.4%,359
Плоттеры,Плоттеры,"24,663,770","2,467",2450.0%,83.3%,71.6%,80
Для ремонта / Заглушки мебельные,Заглушки мебельные,"24,650,144",420,2150.0%,87.8%,56.8%,376
Продукты / Масло топленое,Масло топленое,"24,638,878",804,2150.0%,95.7%,68.1%,112
Дом / Фумигаторы,Фумигаторы,"24,608,919",575,2950.0%,94.1%,55.7%,512
Продукты / Халва,Халва,"24,586,311",531,2150.0%,95.8%,62.8%,424
Установки пожаротушения,Установки пожаротушения,"24,583,726","4,072",2850.0%,100.0%,69.5%,24
Мужчинам / Килты банные,Килты банные,"24,575,906","1,198",3450.0%,75.0%,56.6%,273
Электроника / Блоки для троса,Блоки для троса,"24,554,324",909,2850.0%,100.0%,62.7%,135
Продукты / Сет,Сетки штукатурные,"24,541,019",962,2850.0%,75.0%,60.4%,167
Спорт / Педали,Педали автомобильные,"24,540,465","2,770",2650.0%,63.6%,69.0%,221
Коврики-подстилки для животных,Коврики-подстилки для животных,"24,539,820","1,241",2150.0%,81.5%,70.6%,469
Спорт / Гермосумки,Гермосумки,"24,534,580","1,033",2950.0%,52.1%,55.6%,148
Дом / Подарочные коробки,Коробки раздаточные,"24,529,958","1,294",2650.0%,82.0%,66.0%,167
Мужчинам / Трико борцовское,Трико борцовское,"24,512,018","1,704",3450.0%,44.1%,54.9%,66
Ванночки для маникюра,Ванночки для маникюра,"24,507,446","2,196",2750.0%,90.2%,68.5%,71
Бытовая техника / Турки электрические,Турки электрические,"24,499,209","1,835",2450.0%,80.1%,70.1%,413
Красота / Акриловые пудры,Акриловые пудры,"24,492,540",441,3250.0%,91.8%,47.7%,197
Шары для стиральной машины,Шары для стиральной машины,"24,393,385",556,2950.0%,95.3%,55.4%,842
Продукты / Орехи в глазури,Орехи в глазури,"24,347,080",544,2150.0%,93.1%,62.7%,326
Ножи для газонокосилок,Ножи для газонокосилок,"24,322,536",980,2850.0%,86.4%,62.0%,283
Прокладки масляных фильтров,Прокладки масляных фильтров,"24,321,428",880,2650.0%,84.6%,62.8%,138
Корм для рептилий и черепах,Корм для рептилий и черепах,"24,310,371",512,2150.0%,95.6%,62.2%,220
Указатели автомобильные,Указатели автомобильные,"24,292,209","1,262",2650.0%,86.6%,66.2%,268
Мужчинам / Подследники,Подследники,"24,274,928",389,3450.0%,89.6%,42.5%,463
Электроника / Дым машины,Дым машины,"24,226,600","5,611",2750.0%,85.6%,70.8%,115
Электроника / Ресивер,Ресиверы,"24,212,489","1,141",2950.0%,85.7%,62.3%,321
Дом / Станки для рукоделия,Станки для рукоделия,"24,195,664","1,263",2950.0%,92.5%,63.7%,234
Вставки в противотуманные фары,Вставки в противотуманные фары,"24,184,690","1,340",2650.0%,66.7%,64.5%,183
Игровые центры для малышей,Игровые центры для малышей,"24,180,375","1,522",2850.0%,75.6%,64.6%,414
Насадки для кухонных комбайнов,Насадки для кухонных комбайнов,"24,164,604","1,790",2450.0%,81.1%,70.0%,176
Регуляторы вентиляционные,Регуляторы вентиляционные,"24,156,050","1,732",3150.0%,97.7%,63.8%,52
Продукты / Консервы фруктовые,Консервы фруктовые,"24,141,401","1,037",2150.0%,92.4%,70.2%,200
Красота / Наборы,Наборы для гольфа,"24,132,363",900,2750.0%,100.0%,63.6%,64
Дом / Картины 3D,Картины 3D,"24,119,031",678,2950.0%,78.4%,55.4%,188
Центральные выключатели,Центральные выключатели,"24,114,980","1,125",2150.0%,75.0%,69.0%,109
Спорт / Компасы,Компасы,"24,096,362",900,2750.0%,91.4%,62.8%,525
Изоляторы электрические,Изоляторы электрические,"24,077,787",715,2850.0%,84.8%,58.3%,147
Сад и дача / Арки садовые,Штекеры садовые,"24,057,780",595,2450.0%,80.0%,58.7%,447
Продукты / Уксусы,Уксусы,"24,050,381",678,2150.0%,92.8%,65.8%,380
Другие жидкости для рукоделия,Другие жидкости для рукоделия,"24,049,618",766,2950.0%,89.2%,58.8%,152
Красота / Педикюрные наборы,Педикюрные наборы,"24,042,922",628,3250.0%,90.2%,53.4%,691
Для ремонта / Обои самоклеящиеся,Обои самоклеящиеся,"24,038,435","1,368",2850.0%,68.0%,62.9%,123
Катушки для триммеров,Катушки для триммеров,"24,036,857",825,2850.0%,94.6%,61.2%,794
Средства для обработки воздушных шаров,Средства для обработки воздушных шаров,"23,981,073","1,050",3250.0%,88.4%,58.9%,116
Буферы автомобильные,Буферы автомобильные,"23,959,482",733,2650.0%,94.5%,62.0%,233
Матрасы для автомобилей,Матрасы для автомобилей,"23,929,145","2,023",2650.0%,77.2%,68.4%,216
Средства для химической завивки,Средства для химической завивки,"23,901,177","1,056",3250.0%,85.9%,58.7%,221
Лебедки электрические переносные,Лебедки электрические переносные,"23,881,124","1,026",2650.0%,83.5%,64.2%,82
Аксессуары / Невидимки,Невидимки,"23,847,437",435,3450.0%,89.5%,45.0%,620
Кардиганы для малышей,Кардиганы для малышей,"23,845,005","1,402",3450.0%,51.9%,54.5%,160
Вкладыши подшипника коленвала,Вкладыши подшипника коленвала,"23,802,488","2,465",2650.0%,100.0%,70.3%,74
Инструмент для вязки арматуры,Инструмент для вязки арматуры,"23,796,908",823,3150.0%,87.0%,57.3%,201
Мужчинам / Юбки медицинские,Марли медицинские,"23,750,863",734,3150.0%,93.6%,56.9%,338
Тележки парикмахерские,Тележки парикмахерские,"23,739,127","2,981",3250.0%,74.8%,63.9%,135
Продукты / Кексы,Кексы,"23,669,990","1,091",2150.0%,78.4%,69.2%,167
Детям / Комфортеры,Комфортеры,"23,641,681","1,290",2850.0%,84.2%,64.1%,355
Обувь / Пены для обуви,Пены для обуви,"23,633,382",619,3450.0%,92.7%,51.6%,494
Мужчинам / Неглиже,Неглиже,"23,621,788","1,872",3450.0%,50.3%,57.0%,229
Иглы для швейных машин,Иглы для швейных машин,"23,617,574",444,2950.0%,94.5%,51.4%,367
Бытовая техника / Термометры кухонные,Термометры кухонные,"23,611,549",778,2550.0%,92.7%,63.4%,571
Дом / Скороварки для плиты,Скороварки для плиты,"23,600,053","3,477",2950.0%,86.2%,67.8%,236
Красота / Восковые полоски,Восковые полоски,"23,564,065",555,3250.0%,91.6%,51.8%,370
Женщинам / Монетницы,Монетницы,"23,543,904",720,3450.0%,74.7%,50.6%,350
Автотовары / Барьеры парковочные,Барьеры парковочные,"23,529,374",779,2650.0%,65.5%,57.8%,81
Зоотовары / Корм фермерский,Корм фермерский,"23,517,355",886,2150.0%,91.3%,68.6%,172
Шорты для малышей,Шорты для малышей,"23,477,815",693,3450.0%,63.9%,47.4%,284
Сменные блоки для тетрадей,Сменные блоки для тетрадей,"23,474,892",789,2450.0%,86.7%,63.8%,372
Стимуляторы роста растений,Стимуляторы роста растений,"23,467,382",529,2450.0%,96.9%,59.9%,584
Сад и дача / Ножи садовые,Ножи садовые,"23,454,162",772,2950.0%,95.2%,59.6%,430
Зарядные кабели автомобильные,Зарядные кабели автомобильные,"23,453,362",846,2650.0%,65.7%,59.1%,322
Электроника / Электромотоцикл,Электромотоциклы,"23,431,508","5,437",2250.0%,100.0%,76.0%,97
Продукты / Цукаты,Цукаты,"23,395,595",549,2150.0%,95.1%,63.2%,324
Здоровье / Скребки Гуаша,Скребки Гуаша,"23,385,059",698,2550.0%,87.6%,61.4%,337
Дом / Крышки для емкостей,Крышки для емкостей,"23,361,662",972,2950.0%,79.3%,60.1%,469
Впрыскивающие элементы,Впрыскивающие элементы,"23,342,177","2,431",2650.0%,100.0%,70.2%,83
Инструменты и запчасти для часов,Инструменты и запчасти для часов,"23,334,489",816,2950.0%,85.2%,59.0%,339
Для ремонта / Наливные полы,Наливные полы,"23,322,309","1,820",2050.0%,83.1%,74.2%,99
Гель-краски для ногтей,Гель-краски для ногтей,"23,308,832",382,3250.0%,91.1%,44.5%,353
Лампы для бытовой техники,Лампы для бытовой техники,"23,285,575","1,402",2550.0%,92.8%,68.4%,449
Продукты / Пасты томатные,Пасты томатные,"23,277,304",706,1650.0%,94.3%,71.5%,240
Колодки для ободных тормозов,Колодки для ободных тормозов,"23,272,471",821,2750.0%,96.0%,62.4%,201
Средства для моек высокого давления,Средства для моек высокого давления,"23,255,025","1,486",2850.0%,100.0%,66.1%,68
Капы стоматологические,Капы стоматологические,"23,251,772",790,2750.0%,87.3%,60.9%,246
Органайзеры на сиденья,Органайзеры на сиденья,"23,246,540","1,500",2650.0%,88.0%,67.4%,869
Электроника / Линзы для камер,Линзы для камер,"23,227,187","1,398",2850.0%,80.0%,64.4%,255
Стерилизаторы детские,Стерилизаторы детские,"23,221,554","2,580",2650.0%,88.4%,70.0%,246
Сад и дача / Ручки оконные,Ручки оконные,"23,215,340",662,2350.0%,89.2%,63.0%,368
Пружинные зажимные устройства,Пружинные зажимные устройства,"23,197,827",648,2650.0%,100.0%,61.2%,247
Электроника / Электро дрифт-карт,Электро дрифт-карты,"23,196,165","4,027",2250.0%,84.0%,75.1%,80
Товары для взрослых / Вагинальные шарики,Вагинальные шарики,"23,175,036","1,276",2950.0%,89.5%,63.5%,271
Здоровье / Тапочки массажные,Тапочки массажные,"23,174,250",894,3150.0%,73.6%,56.3%,297
Диспенсеры канцелярские,Диспенсеры канцелярские,"23,158,750","1,893",2950.0%,88.8%,65.7%,295
Умные выключатели и реле,Умные выключатели и реле,"23,144,579","1,266",2450.0%,88.3%,68.3%,133
Товары для взрослых / Виброяйца,Виброяйца,"23,109,634","1,390",2950.0%,87.6%,63.9%,308
Аккумуляторы для камер,Аккумуляторы для камер,"23,095,493","1,974",2850.0%,84.6%,66.7%,184
Мужчинам / Рубашки спортивные,Рубашки спортивные,"23,087,935","1,762",3450.0%,27.2%,48.8%,52
Для ремонта / Леса строительные,Леса строительные,"23,084,524","6,917",3150.0%,93.4%,67.3%,60
Аксессуары / Сумки,Сумки для ланчбоксов,"23,068,865","1,109",2950.0%,69.9%,60.2%,196
Распылители для химчистки,Распылители для химчистки,"23,053,648","1,070",2650.0%,92.0%,65.4%,323
Электроника / 3D очки,3D очки,"23,047,117","1,260",2750.0%,81.4%,64.7%,168
Дом / Брезенты,Брезенты,"23,021,678","1,717",2850.0%,100.0%,66.8%,160
Клапаны вентиляционные,Клапаны вентиляционные,"22,997,969","2,141",2250.0%,71.0%,72.2%,137
Настольные игры эротик,Настольные игры эротик,"22,959,228",606,2950.0%,81.3%,54.3%,262
Здоровье / Инъектор,Инъекторы,"22,936,731","1,440",3150.0%,100.0%,62.6%,54
Здоровье / Калоприёмник,Калоприёмники,"22,919,970","1,334",3250.0%,93.9%,61.1%,51
Спорт / Запчасти для батутов,Запчасти для батутов,"22,906,378","2,413",2750.0%,86.6%,68.7%,151
Наборы для чистки оружия,Наборы для чистки оружия,"22,904,486",948,2950.0%,89.1%,61.0%,244
Спортивные крепежи для телефонов,Спортивные крепежи для телефонов,"22,896,685",733,2750.0%,85.4%,59.7%,398
Пылесборники строительные,Пылесборники строительные,"22,868,046","1,324",3150.0%,92.8%,62.0%,257
Карнавальные костюмы для малышей,Карнавальные костюмы для малышей,"22,855,219","1,584",3450.0%,40.9%,53.2%,209
Спорт / Степ-платформы,Степ-платформы,"22,847,188","4,456",2750.0%,87.5%,70.4%,173
Дом / Молотки для мяса,Молотки для мяса,"22,843,138",850,2950.0%,89.8%,60.0%,628
Для ремонта / Вилки силовые,Вилки возвратные,"22,831,627","1,401",2650.0%,83.6%,66.7%,149
Спорт / Рогатки спортивные,Рогатки спортивные,"22,778,519",728,2750.0%,93.9%,60.8%,437
Спорт / Кровати кемпинговые,Кровати кемпинговые,"22,765,410","3,036",2750.0%,55.6%,67.8%,149
Дом / Ершики кухонные,Ершики кухонные,"22,764,995",588,2450.0%,91.3%,60.6%,753
Дом / Мышеловки,Мышеловки,"22,763,418",473,2950.0%,87.3%,51.1%,549
Цветы стабилизированные,Цветы стабилизированные,"22,738,362","1,236",2950.0%,75.4%,61.9%,247
Парео,Парео,"22,728,851",641,3450.0%,52.2%,41.6%,295
Аксессуары для пилатес,Аксессуары для пилатес,"22,728,004","1,159",2750.0%,89.6%,64.8%,269
Растения для аквариума,Растения для аквариума,"22,721,510",467,2150.0%,80.7%,57.3%,385
Продукты / Загустители,Загустители,"22,712,087",582,2150.0%,94.3%,63.9%,264
Спорт / Защита паха,Защита паха,"22,709,723",770,3450.0%,57.9%,47.5%,275
Спорт / Чехлы спортивные,Чехлы спортивные,"22,699,572",942,2950.0%,83.9%,60.4%,552
Насосы для надувной мебели,Насосы для надувной мебели,"22,699,018","1,445",2850.0%,89.0%,65.3%,398
Бытовая техника / Озонаторы,Озонаторы,"22,633,792","2,276",2550.0%,84.8%,70.4%,268
Электроника / PoE инжекторы,PoE инжекторы,"22,622,146","1,787",2450.0%,96.4%,70.9%,179
Обувь / Щетки для обуви,Щетки для обуви,"22,615,295",541,3450.0%,92.4%,49.5%,693
Для ремонта / Плитка керамическая,Плитка керамическая,"22,593,201","2,146",2850.0%,65.3%,65.8%,78
Для ремонта / Пластины крепежные,Пластины крепежные,"22,555,744",631,2850.0%,91.1%,57.6%,359
Спорт / Цепи велосипедные,Цепи велосипедные,"22,545,589",910,2750.0%,90.3%,62.8%,337
Детям / Домики для детей,Домики для детей,"22,544,922","2,123",2850.0%,97.5%,67.6%,173
Акции / Снегокат,Снегокаты,"22,535,482","5,560",2750.0%,75.9%,70.6%,146
Автотовары / Тросики газа,Тросики газа,"22,534,497",959,2650.0%,86.1%,63.8%,210
Дом / Кольца для салфеток,Кольца для салфеток,"22,529,021",575,2950.0%,76.0%,52.2%,645
Обувь послеоперационная,Обувь послеоперационная,"22,525,516","1,689",3150.0%,56.4%,60.1%,80
Инструменты для бровей,Инструменты для бровей,"22,496,010",597,2750.0%,90.2%,57.6%,788
Спорт / Ленты гимнастические,Ленты гимнастические,"22,496,007",579,2750.0%,88.1%,56.8%,311
Дом / Формы для мороженого,Формы для мороженого,"22,484,863",721,2950.0%,89.2%,58.1%,592
Спорт / Накладки спортивные,Накладки спортивные,"22,479,308","1,153",2750.0%,87.9%,64.6%,219
Автотовары / Приборы управления,Приборы управления,"22,472,996","1,129",2650.0%,50.0%,59.3%,142
Дом / Коврики пляжные,Коврики пляжные,"22,454,974","1,710",2850.0%,83.1%,65.9%,522
Спорт / Герморюкзаки,Герморюкзаки,"22,430,473","1,572",2950.0%,76.0%,63.8%,252
Спорт / Рули велосипедные,Рули велосипедные,"22,414,643","1,052",2750.0%,84.3%,63.5%,189
Системы воздушного охлаждения двигателя,Системы воздушного охлаждения двигателя,"22,402,648","1,038",2650.0%,63.6%,61.4%,95
Аксессуары / Запонки,Запонки,"22,400,643",829,2850.0%,72.4%,58.2%,542
Матричные коммутаторы,Матричные коммутаторы,"22,366,392",600,2750.0%,100.0%,59.2%,61
Ходовые части в сборе,Ходовые части в сборе,"22,353,220","1,950",2650.0%,87.5%,68.8%,102
Канцтовары / Демопанели,Демопанели,"22,335,555","1,561",2950.0%,42.9%,58.5%,88
Герметизирующие кровельные ленты,Герметизирующие кровельные ленты,"22,308,703",838,2050.0%,93.6%,69.3%,258
Красота / Праймеры для ногтей,Праймеры для ногтей,"22,304,661",521,3250.0%,93.6%,51.1%,522
Дом / Ложки кофейные,Ложки кофейные,"22,292,411",641,2950.0%,89.4%,56.5%,507
Продукты / Горячий шоколад,Горячий шоколад,"22,286,132",762,2150.0%,92.1%,67.1%,312
Кронштейны для проекторов,Кронштейны для проекторов,"22,151,957","2,761",2450.0%,71.1%,71.4%,171
Посуда для микроволновой печи,Посуда для микроволновой печи,"22,141,973","1,016",2950.0%,88.5%,61.6%,475
Сад и дача / Стартеры для розжига,Стартеры для розжига,"22,095,134","1,321",2850.0%,85.0%,64.4%,236
Красота / Прокладки от пота,Прокладки от пота,"22,080,407",402,3250.0%,94.8%,46.5%,420
Аксессуары / Капоры,Капоры,"21,988,668","1,080",3450.0%,40.4%,44.0%,699
Дом / Деньги сувенирные,Деньги сувенирные,"21,988,564",551,3250.0%,80.3%,49.4%,347
Упаковки для украшений,Упаковки для украшений,"21,985,084",986,2850.0%,75.6%,60.8%,399
Красота / Зубные порошки,Зубные порошки,"21,953,021",566,2750.0%,94.3%,57.5%,464
Ножи для фигурной резки,Ножи для фигурной резки,"21,945,213",548,2450.0%,90.9%,59.4%,1182
Для ремонта / Кнопки смыва,Кнопки выхода,"21,922,006","1,379",2450.0%,100.0%,69.7%,144
Продукты / Сливки,Сливки,"21,887,979",739,2150.0%,93.0%,66.9%,123
Канцтовары / Чернила,Чернила,"21,873,679",907,2950.0%,88.4%,60.5%,325
Дом / Зубочистки,Зубочистки,"21,853,343",506,2450.0%,97.2%,59.2%,592
Продукты / Оболочки для колбас,Оболочки для колбас,"21,842,860",513,2150.0%,93.9%,61.9%,81
Дом / Медиаторы,Медиаторы,"21,842,639",796,2850.0%,92.4%,60.6%,171
Канцтовары / Палитры,Палитры,"21,840,422",779,2450.0%,86.6%,63.6%,400
Консервированные готовые супы,Консервированные готовые супы,"21,793,895",645,2150.0%,95.6%,65.5%,102
Спорт / Футы,Футы,"21,790,557","1,080",2750.0%,54.8%,59.0%,107
Автотовары / Лопаты автомобильные,Лопаты автомобильные,"21,737,314","1,338",2650.0%,77.4%,65.8%,519
Вкладыши картера двигателя,Вкладыши картера двигателя,"21,713,935","1,762",2150.0%,80.0%,72.8%,49
Чехлы для внешних аккумуляторов,Чехлы для внешних аккумуляторов,"21,708,530",749,2950.0%,85.0%,57.9%,102
Манекены для парикмахеров,Манекены для парикмахеров,"21,704,326","1,896",3250.0%,90.0%,62.8%,140
Инструменты для вычёсывания животных,Инструменты для вычёсывания животных,"21,702,885",709,2150.0%,86.7%,65.5%,497
Складные мусорные корзины,Складные мусорные корзины,"21,699,401","1,678",2950.0%,100.0%,65.7%,244
Гимнастические кольца,Гимнастические кольца,"21,696,187",987,2750.0%,93.8%,63.9%,197
Дом / Подставки для специй,Подставки для специй,"21,692,856","2,183",2950.0%,86.2%,66.3%,604
Газораспределительные заслонки,Газораспределительные заслонки,"21,673,218","2,854",2650.0%,83.3%,70.1%,88
Дом / Шилья для рукоделия,Шилья,"21,671,667","1,080",2650.0%,92.0%,65.4%,223
Для ремонта / Устройство защиты,Щиты мебельные,"21,651,185","2,550",2050.0%,83.7%,75.8%,77
Дом / Гитарные процессоры,Гитарные процессоры,"21,627,962","1,089",2850.0%,81.8%,62.5%,85
Панели коммутационные,Панели коммутационные,"21,622,123","1,401",2450.0%,100.0%,69.8%,86
Спорт / Булавы,Булавы,"21,620,148","2,294",2750.0%,76.1%,67.9%,162
Ограждения лестничные,Ограждения лестничные,"21,617,356","1,817",3150.0%,88.0%,63.5%,218
Карабины строительные,Карабины строительные,"21,614,649",490,2850.0%,90.4%,53.4%,368
Заглушки ремня безопасности,Заглушки ремня безопасности,"21,610,312",472,2650.0%,84.4%,53.4%,542
Запчасти для компрессоров,Запчасти для компрессоров,"21,560,493",676,3150.0%,65.8%,50.5%,253
Аксессуары для дайвинга,Аксессуары для дайвинга,"21,540,684","1,391",2950.0%,78.6%,63.2%,178
Зоотовары / Аквариумные наборы,Аквариумные наборы,"21,525,692",857,2150.0%,85.2%,67.5%,442
Автотовары / Ключи свечные,Ключи свечные,"21,521,781",688,2650.0%,88.8%,60.4%,488
Противовзломная фурнитура,Противовзломная фурнитура,"21,507,781",838,2350.0%,100.0%,67.0%,99
Дисплеи для планшетов,Дисплеи для планшетов,"21,506,726","1,966",2750.0%,73.0%,64.0%,87
Красота / Валики для ресниц,Валики для ресниц,"21,505,889",504,3250.0%,84.4%,48.7%,184
Дом / Масла для аромаламп,Масла для аромаламп,"21,489,160",584,2950.0%,87.9%,54.9%,203
Женщинам / Зажимы для платков,Зажимы для платков,"21,487,985",563,2850.0%,82.8%,54.3%,397
Красота / Одеколон,Одеколон,"21,454,693",790,3250.0%,92.8%,56.6%,209
Комплектующие для генераторов,Комплектующие для генераторов,"21,429,880","1,344",2850.0%,78.6%,63.9%,173
Дом / Барометр,Барометры,"21,412,990","1,455",2950.0%,90.0%,64.4%,405
Красота / Пинцеты,Пинцеты монтажные,"21,389,463",690,3150.0%,86.5%,55.1%,258
Сад и дача / Термометры уличные,Термометры уличные,"21,365,649",509,2450.0%,87.7%,57.6%,555
Аксессуары / Пряжки,Пряжки,"21,349,165",532,3450.0%,84.8%,47.8%,606
Булавки для воротника,Булавки для воротника,"21,316,345",681,2850.0%,100.0%,59.8%,313
Автотовары / Шины,Вышивальные машины,"21,304,485",909,2550.0%,83.3%,63.9%,58
Кронштейны для велосипедов,Кронштейны для велосипедов,"21,297,267","1,050",2750.0%,89.5%,64.0%,269
Чехлы для музыкального оборудования,Чехлы для музыкального оборудования,"21,297,226","3,026",2850.0%,78.8%,68.1%,108
Лампы для светополимеризации,Лампы для светополимеризации,"21,293,377","1,988",2550.0%,50.0%,66.5%,89
Бытовая техника / Электрощетки,Щетки для одежды,"21,291,069",560,2450.0%,93.8%,60.3%,804
Детям / Матрасы пеленальные,Матрасы пеленальные,"21,281,831",873,2650.0%,87.1%,63.0%,200
Блоки питания для систем безопасности,Блоки питания для систем безопасности,"21,266,670","1,470",2450.0%,90.9%,69.5%,230
Мужчинам / Термолонгсливы,Термолонгсливы,"21,255,892","1,017",3450.0%,56.2%,51.5%,155
Канцтовары / Фрески для росписи,Фрески для росписи,"21,221,905",515,2950.0%,95.6%,54.2%,149
Красота / Присыпки,Присыпки,"21,209,801",597,2750.0%,94.3%,58.3%,604
Средства для ухода и заживления татуировок,Средства для ухода и заживления татуировок,"21,194,804",760,3150.0%,88.6%,56.6%,202
Сад и дача / Аэраторы для пруда,Аэраторы для пруда,"21,170,491","1,094",2950.0%,83.9%,61.8%,128
Устройства для подъема с кровати,Устройства для подъема с кровати,"21,151,579","3,384",3250.0%,76.5%,64.4%,133
Автотовары / Прикуриватели,Прикуриватели,"21,131,777",607,2650.0%,86.0%,58.2%,396
Подрамники автомобильные,Подрамники автомобильные,"21,113,291","2,472",2650.0%,100.0%,70.3%,89
Красота / Ванночки для ног,Ванночки для ног,"21,110,459","1,308",3250.0%,92.6%,60.9%,277
Противовоспалительные препараты для животных,Противовоспалительные препараты для животных,"21,102,535",891,2150.0%,88.2%,68.3%,90
Кофемолки механические,Кофемолки механические,"21,100,364","1,964",2950.0%,86.0%,65.8%,462
Товары для взрослых / Электростимуляторы,Электростимуляторы,"21,082,975","5,182",2950.0%,88.7%,68.8%,77
Сад и дача / Пруды декоративные,Пруды декоративные,"21,065,788","1,250",2950.0%,100.0%,64.1%,146
Продукты / Напитки кофейные,Напитки кофейные,"21,060,009",929,2150.0%,96.1%,69.5%,378
Сад и дача / Вешалки на дверь,Вешалки на дверь,"21,055,665","1,029",2650.0%,87.9%,64.7%,586
Центрифуги для салата,Центрифуги для салата,"21,028,435","1,447",2950.0%,85.4%,64.0%,242
Прописи,Прописи,"21,013,065",458,2450.0%,91.1%,56.3%,579
Для ремонта / Шпингалет,Шпингалеты,"20,985,500",754,2850.0%,86.9%,59.3%,455
Снаряды для единоборств,Снаряды для единоборств,"20,964,070","1,975",2750.0%,89.3%,68.0%,254
Теплоизоляция для труб,Теплоизоляция для труб,"20,963,791",815,2750.0%,80.6%,60.3%,145
Дистиллированная вода,Дистиллированная вода,"20,935,000",694,2650.0%,94.4%,61.3%,299
Сад и дача / Банты для подарков,Банты для подарков,"20,930,014",652,3250.0%,81.7%,52.5%,517
Тапенеры и расходники,Тапенеры и расходники,"20,921,679","1,426",2950.0%,90.8%,64.3%,285
Крепления для микрофонов,Крепления для микрофонов,"20,910,419",759,2450.0%,80.0%,62.3%,232
Аксессуары / Зажимы для денег,Зажимы для денег,"20,872,546",461,3450.0%,79.0%,43.5%,323
Женщинам / Подкладки для бретелей,Подкладки для сумок,"20,864,828",986,3450.0%,100.0%,57.4%,51
Бытовая техника / Проращиватели семян,Проращиватели семян,"20,861,483",604,2950.0%,83.0%,54.5%,204
Дом / Маракас,Маракасы,"20,829,964","1,164",2850.0%,67.5%,61.3%,409
Продукты / Молоко сгущенное,Молоко сгущенное,"20,819,763",841,2150.0%,95.2%,68.5%,120
Датчики температуры включения вентилятора,Датчики температуры включения вентилятора,"20,790,587","1,206",2650.0%,88.2%,66.0%,166
Для ремонта / Кирки,Кирки,"20,789,877","1,759",3150.0%,92.3%,63.6%,262
Спорт / Шайбы,Регулировочные шайбы,"20,768,663",540,2650.0%,88.5%,56.7%,164
Тренажеры дыхательные,Тренажеры дыхательные,"20,725,288",771,2550.0%,85.0%,62.3%,273
Экстракты для купания,Экстракты для купания,"20,719,570","1,336",3250.0%,96.3%,61.3%,359
Дом / Часы электронные,Часы электронные,"20,718,682","1,104",2750.0%,70.6%,62.2%,547
Аксессуары для мясорубок,Аксессуары для мясорубок,"20,693,794",791,2450.0%,78.3%,62.6%,413
Спорт / Фляги велосипедные,Фляги велосипедные,"20,665,774",928,2250.0%,80.0%,66.7%,273
Мебель / Штанги для одежды,Штанги для одежды,"20,662,120",806,2650.0%,87.3%,62.1%,270
Мебель / Системы,Системы очистки окон,"20,642,075","1,154",2650.0%,100.0%,66.6%,84
Мебель / Гарнитуры,Мотогарнитуры,"20,639,815","1,505",2650.0%,86.1%,67.3%,129
Столики автомобильные,Столики автомобильные,"20,625,937","1,962",2650.0%,66.7%,67.4%,394
Лабораторные источники питания,Лабораторные источники питания,"20,561,714","1,137",2750.0%,87.4%,64.4%,147
Мебель / Шкафы детские,Шкафы детские,"20,561,295","4,192",2650.0%,94.7%,71.5%,71
Автотовары / Насосы подкачивающие,Насосы подкачивающие,"20,539,609","1,696",2650.0%,95.8%,68.6%,319
Природные материалы для творчества,Природные материалы для творчества,"20,538,645",716,2950.0%,77.4%,56.1%,636
Канцтовары / Кнопки канцелярские,Кнопки канцелярские,"20,498,169",620,2450.0%,94.3%,61.8%,354
Продукты / Сухарики,Сухарики,"20,424,337",592,2150.0%,92.9%,64.0%,215
Канцтовары / Калька,Калька,"20,405,586",890,2950.0%,89.5%,60.5%,257
Коленвалы для мототехники,Коленвалы для мототехники,"20,378,893",947,2650.0%,71.4%,61.7%,107
Фильтры воздушные для мототехники,Фильтры воздушные для мототехники,"20,361,208",876,2650.0%,84.8%,62.7%,301
Программное обеспечение,Программное обеспечение,"20,358,681","1,503",2450.0%,87.3%,69.4%,172
Чайники автомобильные,Чайники автомобильные,"20,356,524","2,737",2650.0%,100.0%,70.6%,425
Подстаканники для колясок,Подстаканники для колясок,"20,343,283",458,2650.0%,85.9%,53.2%,315
Дом / Косметика для мебели,Косметика для мебели,"20,342,315",566,2950.0%,90.4%,54.9%,448
Продукты / Сыры,Сыры,"20,323,573",338,2150.0%,80.0%,48.9%,33
Жилеты светоотражающие,Жилеты светоотражающие,"20,318,590",828,3450.0%,84.2%,54.0%,305
Сад и дача / Корнеудалители,Корнеудалители,"20,304,177",963,2900.0%,90.8%,61.8%,425
Для ремонта / Баки для подачи воды,Баки для подачи воды,"20,302,030","1,857",2750.0%,91.5%,67.8%,111
Дом / Радио-часы,Радио-часы,"20,283,313","1,031",2750.0%,73.9%,62.0%,126
Клей для накладных ресниц,Клей для накладных ресниц,"20,220,433",720,3250.0%,87.6%,54.8%,276
Напитки сокосодержащие,Напитки сокосодержащие,"20,210,955",869,2150.0%,88.3%,68.1%,171
Коврики для раскройных ножей,Коврики для раскройных ножей,"20,178,826","1,088",2950.0%,89.4%,62.3%,381
Зеркальца,Зеркальца,"20,167,836",606,3450.0%,81.1%,49.2%,736
Детям / Велокресла,Велокресла,"20,150,570","3,200",2750.0%,82.3%,69.5%,186
Мужчинам / Накладки для ног,Накладки на багажник,"20,141,347","1,519",2650.0%,83.7%,67.2%,245
Автотовары / Чехлы для акпп,Чехлы для акпп,"20,140,975",639,2650.0%,86.8%,59.1%,495
Красота / Носки косметические,Носки косметические,"20,134,302",580,3250.0%,94.0%,52.8%,753
Красота / Кейсы для косметики,Кейсы для косметики,"20,082,332","1,075",3150.0%,80.5%,59.3%,320
Аккумуляторы для фотоаппаратов,Аккумуляторы для фотоаппаратов,"20,077,106","1,784",2850.0%,81.3%,66.0%,109
Подставки для техники,Подставки для техники,"20,063,157","1,220",2950.0%,80.5%,62.4%,328
Продукты / Торты,Торты,"20,022,653","1,222",1650.0%,95.2%,76.6%,133
Для ремонта / Листы металлические,Листы металлические,"20,022,458","1,485",2050.0%,79.1%,74.5%,123
Продукты / Солод,Солод,"20,016,253","1,011",1650.0%,95.0%,75.2%,94
Спорт / Выносы велосипедные,Выносы велосипедные,"20,013,395",842,2750.0%,85.2%,61.4%,362
Пюре быстрого приготовления,Пюре быстрого приготовления,"20,007,847",815,2150.0%,96.2%,68.3%,189
Спорт / Лямки спортивные,Лямки спортивные,"19,994,303",853,2750.0%,82.9%,61.2%,260
Акции / Кальян,Угли для кальянов,"19,934,748","1,184",2850.0%,95.1%,64.4%,121
Обувь / Полустельки,Полустельки,"19,860,816",372,3450.0%,88.4%,41.2%,505
Щипцы для наращивания волос,Щипцы для наращивания волос,"19,856,271","1,304",2950.0%,78.2%,62.7%,137
Акции / Колбы для кальянов,Колбы для кальянов,"19,829,990","1,020",2850.0%,66.9%,59.8%,71
Игрушки / Сквиши,Сквиши,"19,826,125",756,2350.0%,87.1%,64.3%,606
Канцтовары / Наборы букв и цифр,Наборы букв и цифр,"19,826,071",727,2950.0%,91.3%,58.4%,500
Продукты / Смеси для супов,Смеси для супов,"19,823,884",585,1650.0%,95.9%,69.2%,154
Для ремонта / Стеклообои,Стеклообои,"19,815,221","1,449",2850.0%,75.4%,64.2%,56
Дом / Держатели,Держатели для пайки,"19,791,419","1,028",3150.0%,91.1%,60.0%,297
Продукты / Молоко сухое,Молоко сухое,"19,781,004",840,2150.0%,94.9%,68.5%,96
Контейнеры для ванной комнаты,Контейнеры для ванной комнаты,"19,766,375","1,154",2650.0%,86.9%,65.5%,423
Аккумуляторы для смарт-часов,Аккумуляторы для смарт-часов,"19,740,457",988,2950.0%,100.0%,62.4%,79
Спорт / Ворота спортивные,Ворота спортивные,"19,727,541","2,215",2750.0%,90.5%,68.5%,226
Сад и дача / Домики сувенирные,Домики сувенирные,"19,715,689",939,2150.0%,88.2%,68.8%,370
Дом / Рыбочистки,Рыбочистки,"19,715,663",605,2950.0%,91.0%,56.0%,693
Дом / Манекены,Манекены,"19,713,532","1,404",2950.0%,82.7%,63.6%,272
Аксессуары для фоторамок,Аксессуары для фоторамок,"19,700,823",914,2950.0%,97.9%,61.6%,163
Электроника / Кабели,Кабели свечные,"19,698,145","1,936",2650.0%,84.8%,68.6%,118
Сад и дача / Сундуки садовые,Сундуки садовые,"19,676,469","1,171",2650.0%,100.0%,66.7%,59
Акции / Диапроектор,Диапроекторы,"19,671,776",877,2850.0%,87.5%,61.1%,505
Дом / Таймеры кухонные,Таймеры кухонные,"19,642,516",688,2450.0%,93.7%,63.1%,513
Сад и дача / Мешки садовые,Мешки садовые,"19,616,828",987,2950.0%,93.8%,61.9%,265
Товары для взрослых / Фаллопротезы,Фаллопротезы,"19,615,906","2,072",2950.0%,100.0%,66.6%,68
Дом / Еда искусственная,Еда искусственная,"19,604,227",720,2950.0%,79.6%,56.5%,455
Наборы для приготовления коктейлей,Наборы для приготовления коктейлей,"19,589,967","1,765",2750.0%,86.1%,67.2%,292
Спорт / Канаты тренировочные,Канаты тренировочные,"19,554,346","1,470",2750.0%,85.7%,66.2%,199
Спорт / Велоперчатки,Велоперчатки,"19,549,973",913,2950.0%,69.2%,57.8%,158
Влажные салфетки для животных,Влажные салфетки для животных,"19,530,448",659,2150.0%,94.4%,65.6%,336
Ювелирные изделия / Ювелирные сувениры,Ювелирные сувениры,"19,524,919","1,145",3300.0%,79.7%,58.2%,121
Кии бильярдные,Кии бильярдные,"19,514,278","1,262",2750.0%,57.6%,61.5%,87
Морилки,Морилки,"19,486,652",672,2850.0%,88.3%,58.0%,178
Продукты / Отруби,Отруби,"19,478,677",484,1650.0%,92.4%,65.6%,206
Сад и дача / Свистки,Свистки,"19,465,007",511,2250.0%,88.0%,59.7%,582
Таблички и бирки для рассады,Таблички и бирки для рассады,"19,463,843",733,2450.0%,96.2%,64.1%,416
Термокомплекты спортивные,Термокомплекты спортивные,"19,463,210","3,677",3450.0%,68.9%,62.3%,188
Чехлы для фотоаппаратов,Чехлы для фотоаппаратов,"19,460,236","1,122",2850.0%,62.8%,60.1%,166
Продукты / Мясо растительное,Мясо растительное,"19,443,803",378,2150.0%,85.8%,53.9%,215
Наполнители мебельные,Наполнители мебельные,"19,417,504","1,393",2150.0%,100.0%,72.8%,52
Дом / Держатели,Держатели для очков,"19,356,279",828,3450.0%,83.3%,53.9%,476
Головные уборы рабочие,Головные уборы рабочие,"19,350,853",925,3150.0%,71.6%,56.4%,167
Красота / Гели,Гели для зубов/десен,"19,337,618",756,3250.0%,94.7%,56.3%,341
Перегородки защитные автомобильные,Перегородки защитные автомобильные,"19,336,634",756,2650.0%,100.0%,62.9%,90
Спорт / Медицинболы,Медицинболы,"19,328,231","1,040",2750.0%,75.8%,62.3%,306
Женщинам / Мантии,Мантии,"19,326,543","1,702",3450.0%,31.1%,50.4%,88
Сад и дача / Вилы,Вилы,"19,300,624","1,593",2950.0%,88.2%,64.8%,437
Канцтовары / Портфолио,Портфолио,"19,288,301",888,2950.0%,75.6%,58.6%,415
Дом / Балдахины,Балдахины,"19,256,045","2,224",2950.0%,83.3%,66.2%,190
Мужчинам / Бабочки,Бабочки,"19,253,449",489,3450.0%,59.5%,38.0%,352
Ягоды сублимированные,Ягоды сублимированные,"19,247,107",586,2150.0%,91.3%,63.6%,205
Мебель / Крючки гардеробные,Крючки гардеробные,"19,242,853",788,2650.0%,87.8%,61.9%,356
Зоотовары / Куртки для животных,Куртки для животных,"19,241,880","1,293",2150.0%,40.7%,63.3%,429
Сад и дача / Черенки,Черенки,"19,222,473",723,2950.0%,84.0%,57.3%,326
Чехлы для электронных книг,Чехлы для электронных книг,"19,215,550","1,076",2750.0%,80.2%,63.2%,171
Для ремонта / Резистор,Резисторы,"19,212,330",416,2850.0%,94.6%,51.2%,108
NFC кольца,NFC кольца,"19,167,420","2,028",2750.0%,100.0%,68.6%,65
Канцтовары / Резаки для бумаги,Резаки газовые,"19,161,772","2,970",3050.0%,88.5%,66.5%,116
Автотовары / Центральные замки,Центральные замки,"19,154,901","1,036",2650.0%,85.4%,64.5%,258
Дом / Карнавальные очки,Карнавальные очки,"19,129,757",566,3250.0%,78.8%,49.6%,638
Женщинам / Полотенца пляжные,Полотенца пляжные,"19,127,278","1,027",2850.0%,73.6%,60.9%,239
Красота / Гели,Гели акушерские,"19,124,382",684,2500.0%,88.3%,61.8%,191
Чехлы-кармашки для телефонов,Чехлы-кармашки для телефонов,"19,091,664",643,2950.0%,76.9%,54.3%,222
Продукты / Паштеты,Паштеты,"19,077,190",679,2150.0%,95.0%,66.1%,151
Накладки на колесные арки,Накладки на колесные арки,"19,074,234","1,692",2650.0%,79.3%,67.5%,218
Кинезио тейпы косметические,Кинезио тейпы косметические,"19,070,100",443,3250.0%,89.2%,47.3%,613
Продукты / Печенье детское,Печенье детское,"19,054,133",719,2450.0%,94.2%,63.7%,143
Бытовая техника / Йогуртницы,Йогуртницы,"19,049,437","2,638",2450.0%,100.0%,72.5%,159
Крепления для сноуборда,Крепления для сноуборда,"19,038,600","1,518",2750.0%,52.8%,62.5%,53
Дом / Шпатели кондитерские,Шпатели кондитерские,"19,033,292",512,2450.0%,89.1%,58.0%,741
Сердечно-сосудистые препараты,Сердечно-сосудистые препараты,"19,027,899",366,300.0%,100.0%,75.1%,2
Чехлы для велосипедов,Чехлы для велосипедов,"19,021,569",851,2950.0%,85.0%,59.4%,247
Писсуары сантехнические,Писсуары сантехнические,"19,016,866","1,156",2700.0%,81.8%,64.5%,33
Красота / Смеси для массажа,Смеси для массажа,"19,016,464",828,3250.0%,92.5%,57.1%,269
Зоотовары / Помпы для аквариума,Помпы для аквариума,"19,015,524","1,090",2150.0%,86.0%,70.0%,233
Колеса опорные для прицепов,Колеса опорные для прицепов,"18,997,634","1,168",1850.0%,80.0%,72.9%,124
Сиденья автомобильные,Сиденья автомобильные,"18,977,318","1,415",2150.0%,90.1%,72.2%,250
Автотовары / Ключи,Ключи магнитные,"18,962,845",654,2750.0%,85.2%,58.1%,176
Игрушки / Вертушки детские,Вертушки детские,"18,951,883",648,2350.0%,86.5%,62.2%,473
Автотовары / Пружинные зажимные устройства,Пружинные узлы,"18,936,810","1,578",2850.0%,100.0%,66.4%,50
Дом / Насосы для шариков,Насосы для шариков,"18,894,261",800,3250.0%,84.1%,55.6%,290
Красители для рукоделия,Красители для рукоделия,"18,891,100",562,2950.0%,85.6%,53.8%,294
Для ремонта / Теплообменники,Теплообменники,"18,870,590","11,578",2750.0%,91.1%,71.7%,60
Счетный материал,Счетный материал,"18,868,677",971,2450.0%,90.8%,66.4%,683
Продукты / Сахарная пудра,Сахарная пудра,"18,867,903",456,2150.0%,96.2%,60.3%,226
Кронштейны для видеокамер,Кронштейны для видеокамер,"18,861,688","1,305",2750.0%,87.3%,65.5%,181
Уплотнители для дверей,Уплотнители для дверей,"18,812,492",784,2750.0%,86.7%,60.7%,366
Сад и дача / Уголь древесный,Уголь древесный,"18,797,072","1,328",2850.0%,93.3%,65.0%,179
Дом / Рамы багетные,Рамы багетные,"18,786,661","2,076",2950.0%,56.2%,66.0%,180
Сад и дача / Высоторезы,Высоторезы,"18,743,944","5,490",2450.0%,100.0%,74.0%,144
Канцтовары / Копировальная бумага,Копировальная бумага,"18,713,756","1,356",2450.0%,78.1%,68.0%,224
Аксессуары / Повязки для волос,Повязки для волос,"18,697,583",452,3450.0%,84.9%,44.7%,600
Продукты / Лимонная кислота,Лимонная кислота,"18,658,683",452,1650.0%,96.6%,65.2%,252
Мебель / Столы,Столы маникюрные,"18,655,020","2,454",2650.0%,89.5%,69.9%,47
Глушители для мототехники,Глушители для мототехники,"18,653,257","1,234",2650.0%,84.1%,65.8%,214
"Дверные доборы, коробки и наличники","Дверные доборы, коробки и наличники","18,632,935","1,771",2850.0%,83.3%,66.1%,70
Дом / Блестки декоративные,Блестки декоративные,"18,629,767",591,2950.0%,83.2%,54.2%,434
Автотовары / Спойлер,Спойлеры,"18,617,111","2,058",2650.0%,69.0%,67.9%,203
Коннекторы шинопроводов,Коннекторы шинопроводов,"18,590,305",644,2850.0%,91.3%,57.9%,243
Аккумуляторы для автомобильного ключа,Аккумуляторы для автомобильного ключа,"18,578,687",537,2650.0%,100.0%,58.6%,127
Подставки под мониторы,Подставки под мониторы,"18,569,417","2,474",2650.0%,65.7%,68.6%,165
Зоотовары / Капли для животных,Капли для животных,"18,564,705",758,2150.0%,91.9%,67.0%,290
Зонты садовые,Зонты садовые,"18,522,742","2,104",2850.0%,84.5%,67.0%,172
Продукты / Попкорн,Попкорн,"18,476,360",627,2150.0%,93.5%,64.9%,226
Для ремонта / Угломер,Угломеры,"18,475,450","1,043",3150.0%,91.1%,60.1%,437
Манжеты для тонометров,Манжеты для тонометров,"18,452,216","1,299",2550.0%,85.6%,67.3%,163
Спорт / Нарукавники,Нарукавники,"18,449,435",640,2450.0%,87.5%,61.2%,661
Лампы переносные автомобильные,Лампы переносные автомобильные,"18,443,170","1,059",2650.0%,88.6%,65.0%,282
Дом / Иглы швейные,Иглы швейные,"18,422,832",443,2450.0%,94.7%,56.4%,365
Нейтрализаторы ржавчины,Нейтрализаторы ржавчины,"18,406,230",587,2850.0%,80.0%,54.5%,242
Мужчинам / Куртки,Куртки для малышей,"18,405,561","1,758",3450.0%,43.6%,55.0%,365
Женщинам / Бермуды,Бермуды,"18,362,102",791,3450.0%,28.6%,30.2%,144
Автотовары / Корпус дроссельной заслонки,Заслонки отопителя,"18,355,612","2,208",2650.0%,86.7%,69.3%,177
Сад и дача / Коврики для лестницы,Коврики для лестницы,"18,317,415","1,620",2950.0%,89.2%,65.0%,133
Подставки для маникюра и педикюра,Подставки для маникюра и педикюра,"18,316,700",912,3250.0%,83.4%,57.0%,300
Продукты / Консервы грибные,Консервы грибные,"18,291,531",990,2150.0%,94.7%,70.0%,181
Красота / Наборы в роддом,Наборы в роддом,"18,286,097",900,3250.0%,84.0%,56.9%,105
Мужчинам / Гамаши,Гамаши,"18,282,735","1,386",3450.0%,67.2%,56.9%,257
Сад и дача / Веники садовые,Веники садовые,"18,273,773",796,2950.0%,83.5%,58.5%,325
Комплектующие для ЧПУ,Комплектующие для ЧПУ,"18,268,212","1,838",3150.0%,57.1%,60.9%,140
Спорт / Скальные туфли,Скальные туфли,"18,233,132","4,511",3450.0%,100.0%,63.7%,37
Шестерни привода масляных насосов,Шестерни привода масляных насосов,"18,225,960","3,406",2650.0%,100.0%,71.2%,37
Игрушки / Дуги игровые,Дуги для парника,"18,213,917","1,351",2950.0%,91.2%,64.0%,133
Электроника / USB-инжектор,USB-инжекторы,"18,208,561",630,2750.0%,96.5%,59.3%,134
Рисоварки электрические,Рисоварки электрические,"18,198,391","2,724",2450.0%,57.6%,70.4%,153
Для ремонта / Побелки садовые,Побелки садовые,"18,182,855",626,2950.0%,94.9%,57.0%,284
Спорт / Рогатки рыболовные,Рогатки рыболовные,"18,166,378","1,102",2750.0%,88.8%,64.3%,284
Аксессуары / Венки для волос,Венки ритуальные,"18,163,102",954,2950.0%,87.5%,60.9%,135
Зоотовары / Попоны для животных,Попоны для животных,"18,144,197","1,299",2150.0%,69.1%,69.6%,196
Комплекты заземления для дома,Комплекты заземления для дома,"18,143,066","1,207",2850.0%,100.0%,64.9%,80
Средства для септиков,Средства для септиков,"18,115,901",562,2850.0%,95.3%,56.6%,423
Сад и дача / Обливные устройства,Обливные устройства,"18,090,648","2,672",2850.0%,80.0%,67.8%,77
Здоровье / Мочеприемник,Мочеприемники,"18,086,896",667,3250.0%,90.6%,54.3%,116
Дом / Бочки дубовые,Бочки дубовые,"18,062,075","3,919",2950.0%,82.6%,68.0%,103
Рассухариватели клапанов,Рассухариватели клапанов,"18,052,595",919,2650.0%,92.6%,64.1%,195
Дождевики для малышей,Дождевики для малышей,"18,032,285","1,134",3450.0%,100.0%,58.4%,218
Перья каллиграфические,Перья каллиграфические,"18,030,013","1,271",2950.0%,89.6%,63.5%,316
Спорт / Конусы спортивные,Конусы дорожные,"18,014,487","2,057",2650.0%,50.0%,65.7%,125
Дом / Карты,Карты видеозахвата,"18,009,512",963,2750.0%,100.0%,64.2%,126
Дом / Ступки,Ступки,"17,999,199","1,238",2950.0%,82.6%,62.7%,579
Мужчинам / Носки,Переноски для детей,"17,990,509","1,461",2650.0%,71.0%,65.8%,232
Канцтовары / Медицинские карты,Медицинские карты,"17,986,176",439,2450.0%,84.3%,53.9%,353
Мужчинам / Колпаки медицинские,Колпаки медицинские,"17,985,588",577,3250.0%,61.0%,44.8%,190
Электроника / Рули игровые,Игровые телефоны,"17,977,024",846,2850.0%,86.0%,60.5%,411
Для ремонта / Держатели для зеркал,Держатели для зеркал,"17,957,900",547,2350.0%,82.4%,58.8%,397
Подставки для маркерных досок,Подставки для маркерных досок,"17,955,399","1,201",2950.0%,100.0%,63.8%,129
Мужчинам / Трико атлетическое,Трико атлетическое,"17,952,771","2,218",3450.0%,100.0%,61.9%,36
Растяжители для обуви,Растяжители для обуви,"17,939,748",688,3450.0%,91.9%,52.8%,284
Для ремонта / Фанера строительная,Фанера строительная,"17,939,148","1,406",2050.0%,100.0%,73.8%,60
Инструменты для чистки ушей,Инструменты для чистки ушей,"17,929,663",564,3250.0%,88.4%,51.5%,694
Обувь / Пяткоудерживатели,Пяткоудерживатели,"17,897,022",399,3450.0%,94.8%,44.3%,509
Бытовая техника / Сэндвичницы,Сэндвичницы,"17,871,148","2,209",2450.0%,85.0%,71.2%,312
Продукты / Холодные чаи,Холодные чаи,"17,860,940",791,2150.0%,95.4%,67.9%,75
Мебель / Стойки ресепшн,Стойки ресепшн,"17,852,853","52,771",2650.0%,76.8%,73.3%,75
Аппараты для сахарной ваты,Аппараты для сахарной ваты,"17,837,021","2,712",2450.0%,76.4%,71.6%,217
Бытовая техника / Сетки для бритв,Сетки для бритв,"17,798,533",810,2550.0%,73.2%,61.0%,190
Ремкомплекты для ванны,Ремкомплекты для ванны,"17,794,123","1,683",2750.0%,92.9%,67.4%,185
Аксессуары / Манишки,Манишки,"17,762,251",635,3450.0%,61.4%,45.0%,365
Для ремонта / Плитка тротуарная,Плитка тротуарная,"17,716,495","1,249",2850.0%,82.6%,63.7%,41
Женщинам / Леггинсы,Леггинсы для малышей,"17,715,263",603,3450.0%,63.3%,44.5%,260
Губки для маркерных досок,Губки для маркерных досок,"17,708,348",786,2450.0%,90.6%,64.3%,248
Автотовары / Нагнетатели смазки,Нагнетатели смазки,"17,702,770","1,592",2650.0%,100.0%,68.5%,137
Товары для взрослых / Наручники эротик,Наручники эротик,"17,689,128","1,381",2950.0%,82.7%,63.5%,214
Зоотовары / Мыло для животных,Мыло для животных,"17,675,400",713,2150.0%,91.8%,66.3%,180
Дом / Фондю,Фондю,"17,674,267","1,920",2950.0%,70.0%,64.5%,319
Дом / Подставки для яиц,Подставки для яиц,"17,657,314",727,2950.0%,87.0%,58.1%,1179
Ювелирные изделия / Ювелирные шармы,Ювелирные шармы,"17,655,948","1,466",3300.0%,78.3%,60.0%,78
Красота / Прокладки для груди,Прокладки для груди,"17,638,835",511,3250.0%,92.5%,50.6%,397
Комплектующие карбюратора,Комплектующие карбюратора,"17,622,594",980,2650.0%,100.0%,65.3%,237
Автотовары / Форсунки масляные,Форсунки масляные,"17,621,960",941,2650.0%,88.9%,63.9%,134
Дом / Елки,Грелки детские,"17,616,259",913,2650.0%,89.2%,63.7%,352
Бытовая техника / Приборы для выпечки,Приборы для выпечки,"17,597,284","2,384",2450.0%,83.6%,71.5%,217
Дом / Салфетки,Салфетки для оптики,"17,592,132",501,2350.0%,95.5%,59.8%,390
Средства для ламинирования ресниц и бровей,Средства для ламинирования ресниц и бровей,"17,590,027",770,3250.0%,88.4%,55.7%,175
Спорт / Панамы,Панамы для малышей,"17,583,246",724,3450.0%,68.2%,49.3%,266
Ситечки для заваривания,Ситечки для заваривания,"17,571,513",796,2450.0%,88.8%,64.2%,821
Дом / Мыльные основы,Мыльные основы,"17,558,971",794,2950.0%,83.6%,58.5%,229
Сад и дача / Топор,Стопорные механизмы,"17,542,604",970,2150.0%,96.7%,70.0%,173
Футляры для зубных щеток,Футляры для зубных щеток,"17,522,435",488,2750.0%,88.3%,53.9%,601
Автотовары / Накладки на педали,Накладки на педали,"17,518,350","2,234",2650.0%,93.4%,69.7%,569
Продукты / Сливки сухие,Сливки сухие,"17,506,086",744,2150.0%,95.5%,67.2%,110
Корпуса ключей зажигания,Корпуса ключей зажигания,"17,503,690",991,2650.0%,87.5%,64.3%,315
Для ремонта / Драйвер,Драйверы,"17,485,194",946,2850.0%,88.6%,62.0%,215
Дом / Губки меламиновые,Губки меламиновые,"17,412,959",507,2950.0%,95.7%,54.0%,412
Комплекты натяжного потолка,Комплекты натяжного потолка,"17,406,455","3,599",2850.0%,85.4%,69.1%,73
Аксессуары / Манжеты,Манжеты,"17,379,222",591,3450.0%,63.6%,44.2%,229
Для ремонта / Изоленты,Ленты оградительные,"17,360,885",990,2850.0%,85.2%,62.0%,313
Наборы для приготовления роллов,Наборы для приготовления роллов,"17,359,263",891,2950.0%,91.7%,60.7%,531
Для ремонта / Ступени,Ступени,"17,343,777","3,972",3150.0%,83.3%,66.1%,74
Лапы,Лапы,"17,331,747","1,467",2750.0%,76.6%,65.4%,245
Вентили для радиаторов,Вентили для радиаторов,"17,315,713","1,219",2750.0%,87.5%,65.0%,228
Автотовары / Шины,Шины для цепных пил,"17,302,129","1,130",2850.0%,92.2%,63.8%,467
Автотовары / Дорожные туалеты,Дорожные туалеты,"17,296,587","2,011",2650.0%,86.9%,68.9%,346
Комплектующие для лебедок,Комплектующие для лебедок,"17,283,499",655,2650.0%,86.9%,59.4%,120
Диски балансировочные,Диски балансировочные,"17,282,271","1,404",2750.0%,78.0%,65.2%,440
Удобрения животного происхождения,Удобрения животного происхождения,"17,245,177",576,2950.0%,90.4%,55.1%,287
Электроника / Фоторамки цифровые,Фоторамки цифровые,"17,227,846","4,320",2700.0%,77.8%,70.6%,147
Спорт / Штанги,Штанги толкателя,"17,186,957","1,253",2650.0%,100.0%,67.1%,121
Бытовая техника / Аэрогрили,Грили газовые,"17,182,239","3,386",2850.0%,75.0%,68.3%,91
Конструкционные материалы,Конструкционные материалы,"17,145,897","1,083",2350.0%,83.9%,67.7%,86
Колонки рулевого управления,Колонки рулевого управления,"17,131,324","4,004",2650.0%,66.7%,70.5%,72
Для ремонта / Тахометр,Тахометры,"17,128,141","1,034",3100.0%,93.0%,60.7%,171
Дом / Машинки закаточные,Машинки закаточные,"17,116,854",989,2950.0%,84.0%,60.9%,653
Обувь / Пропитки для обуви,Пропитки для обуви,"17,080,279",753,3450.0%,92.9%,54.1%,302
Мебель / Табуреты детские,Табуреты детские,"17,074,650","1,663",2650.0%,85.6%,67.9%,381
Красота / Спреи,Спреи для обуви,"17,066,107",681,3450.0%,91.4%,52.6%,482
Электроника / Вспышки для камер,Вспышки для камер,"17,061,665","1,678",2950.0%,60.0%,62.6%,88
Бытовая техника / Чаши для мультиварок,Чаши для мультиварок,"17,013,864","2,325",2450.0%,72.0%,70.7%,118
Дом / Коврики для туалета,Коврики для туалета,"17,002,634","1,342",2950.0%,87.4%,63.7%,334
Спорт / Шайбы,Шайбы,"16,999,807",688,2750.0%,85.9%,59.0%,305
Сад и дача / Ножи для триммеров,Ножи для триммеров,"16,989,713",730,2850.0%,77.7%,57.4%,529
Автобоксы для животных,Автобоксы для животных,"16,970,188","2,408",2150.0%,76.8%,74.2%,169
Аксессуары для лестниц,Аксессуары для лестниц,"16,938,476","2,282",2850.0%,100.0%,68.0%,55
Продукты / Сухари панировочные,Сухари панировочные,"16,937,960",493,2150.0%,91.6%,60.8%,274
Сад и дача / Метлы садовые,Метлы садовые,"16,933,370",969,2950.0%,79.9%,60.2%,306
Сад и дача / Кассеты для рассады,Кассеты для рассады,"16,917,143",757,2950.0%,87.8%,58.5%,323
Патчи для наращивания ресниц,Патчи для наращивания ресниц,"16,915,406",584,3000.0%,93.4%,55.3%,248
Спорт / Вальтрапы,Вальтрапы,"16,913,881","3,342",2950.0%,100.0%,68.1%,82
Средства против окрашивания,Средства против окрашивания,"16,904,813",633,2950.0%,95.7%,57.3%,399
Сад и дача / Аксессуары для пруда,Аксессуары для пруда,"16,899,335","1,421",2950.0%,92.1%,64.4%,243
Дом / Бочонки для напитков,Бочонки для напитков,"16,886,735","1,986",2950.0%,69.2%,64.7%,187
Тестеры тормозной жидкости,Тестеры тормозной жидкости,"16,871,600","1,065",2650.0%,91.7%,65.3%,300
Мишени,Мишени,"16,856,729","1,305",2750.0%,90.5%,65.7%,239
Элементы катушек зажигания,Элементы катушек зажигания,"16,850,255",726,2650.0%,100.0%,62.5%,125
Калимбы,Калимбы,"16,844,967","1,054",2850.0%,88.4%,62.9%,292
Масла для садовой техники,Масла для садовой техники,"16,843,054",632,2850.0%,94.4%,58.1%,293
Контактные группы замков зажигания,Контактные группы замков зажигания,"16,838,108","1,237",2650.0%,60.0%,62.7%,170
Спорт / Флягодержатели,Флягодержатели,"16,824,556",642,2750.0%,86.2%,58.0%,310
Мужчинам / Термофутболки,Термофутболки,"16,822,029","2,446",3450.0%,57.3%,59.8%,73
Электроника / DVD-плеер,DVD-плееры,"16,818,640","3,682",2750.0%,87.3%,70.0%,134
Канцтовары / Грифели,Грифели,"16,811,524",729,2450.0%,93.6%,63.8%,315
Товары бытового назначения,Товары бытового назначения,"16,797,666",555,2750.0%,89.1%,56.3%,232
Для ремонта / Стусла,Стусла,"16,785,656",876,2650.0%,88.7%,63.2%,231
Противоскользящие элементы,Противоскользящие элементы,"16,748,939",825,2850.0%,89.2%,60.6%,209
Мебель / Детекторы валют,Детекторы валют,"16,748,563","2,221",2650.0%,81.6%,69.1%,103
Здоровье / Стетоскоп,Стетоскопы,"16,732,705","1,024",3150.0%,82.1%,59.0%,141
Для ремонта / Кляймеры,Кляймеры,"16,704,953",729,2850.0%,76.5%,57.1%,192
Дом / Хлопушки,Хлопушки,"16,700,713",483,3250.0%,83.2%,47.6%,366
Вентили и переходники для шин авто,Вентили и переходники для шин авто,"16,683,522",498,2650.0%,92.2%,56.1%,350
Аппараты для фототерапии,Аппараты для фототерапии,"16,674,045","2,136",2550.0%,79.1%,69.8%,201
Детям / Аксессуары в коляску,Аксессуары в коляску,"16,651,002",939,2650.0%,69.2%,61.2%,279
Автотовары / Диски колесные,Хабы колесные,"16,650,051","1,246",2650.0%,76.5%,65.1%,104
Зоотовары / Шланги для аквариума,Шланги для аквариума,"16,627,775",669,2150.0%,88.9%,65.0%,273
Бытовая техника / Мороженицы,Мороженицы,"16,577,826","2,272",2450.0%,100.0%,72.0%,155
Спорт / Лыжи беговые,Лыжи беговые,"16,573,126","2,876",2750.0%,57.8%,67.7%,53
Мебель / Зеркала для прихожей,Зеркала для прихожей,"16,564,048","3,920",2650.0%,83.0%,71.0%,96
Прокладки термостатов,Прокладки термостатов,"16,558,674",675,2650.0%,90.0%,60.3%,180
Дом / Печать фотографий,Печать фотографий,"16,543,865",819,2450.0%,94.6%,65.2%,220
Крышки зубчатого ремня,Крышки зубчатого ремня,"16,537,494","1,928",2650.0%,82.3%,68.5%,118
Зоотовары / Стол для груминга,Стол для груминга,"16,514,369","2,631",2150.0%,89.6%,75.1%,34
Для ремонта / Полосы металлические,Полосы металлические,"16,508,600","1,072",2850.0%,100.0%,64.0%,57
Мониторы видеодомофона,Мониторы видеодомофона,"16,430,768","4,583",2450.0%,50.0%,72.0%,93
Сухое молоко для животных,Сухое молоко для животных,"16,427,722","2,179",2150.0%,77.9%,73.8%,94
Дом / Воронки для кофе,Воронки для кофе,"16,427,187","1,148",2950.0%,86.8%,62.5%,176
Тепловентиляторы автомобильные,Тепловентиляторы автомобильные,"16,417,481","1,461",2650.0%,84.8%,67.0%,212
Аксессуары / Козырьки,Козырьки,"16,414,659",788,3450.0%,68.8%,50.7%,271
Резаки для пенопласта,Резаки для пенопласта,"16,401,179","1,119",3150.0%,87.5%,60.3%,130
Дом / Банкетки для пианино,Банкетки для пианино,"16,350,936","4,287",2850.0%,80.0%,69.2%,94
Наборы игрушек для взрослых,Наборы игрушек для взрослых,"16,348,909","1,614",2950.0%,85.2%,64.7%,223
Сад и дача / Таблетки для рассады,Таблетки для рассады,"16,346,716",608,2950.0%,93.5%,56.4%,376
Здоровье / Ланцет,Ланцеты,"16,309,396",793,3150.0%,93.7%,57.7%,183
Канцтовары / Сургуч,Сургуч,"16,309,000",450,2950.0%,88.7%,50.4%,448
Спорт / Успокоители цепи,Успокоители цепи,"16,302,546",752,2750.0%,93.8%,61.2%,71
Электроника / Поисковые устройства,Поисковые устройства,"16,287,468",855,2750.0%,71.3%,59.4%,126
Дом / Машинки для лапши,Машинки для лапши,"16,277,787","1,940",2950.0%,73.7%,64.9%,267
Для ремонта / Фильтры для слива,Фильтры для слива,"16,271,551",630,2250.0%,94.6%,64.1%,856
Мужчинам / Грации,Грации,"16,267,221","1,272",3450.0%,30.1%,44.6%,153
Игрушки / Мебель игровая,Мебель игровая,"16,246,407","3,823",2850.0%,90.0%,69.2%,124
Продукты / Майонезы,Майонезы,"16,234,127",739,2150.0%,92.7%,66.8%,150
Мебель / Кассовые аппараты,Кассовые аппараты,"16,206,979","2,592",2650.0%,81.2%,69.7%,81
Дом / Формы для мыла,Формы для мыла,"16,206,602",558,2950.0%,82.6%,53.1%,333
Подставки для наушников,Подставки для наушников,"16,196,115",831,2950.0%,90.5%,59.9%,248
Задние противотуманные фонари,Задние противотуманные фонари,"16,195,173","2,472",2650.0%,100.0%,70.3%,137
Дом / Шприцы кондитерские,Шприцы кондитерские,"16,167,766",680,2950.0%,80.0%,55.8%,489
Покрывала для малышей,Покрывала для малышей,"16,156,811","2,075",2650.0%,100.0%,69.6%,118
Здоровье / Вата медицинская,Вата медицинская,"16,140,406",578,3150.0%,92.7%,53.6%,208
Дом / Краны для емкостей,Краны для емкостей,"16,130,987","1,112",2950.0%,82.8%,61.8%,172
Дом / Дождик,Дождик,"16,127,508",364,2750.0%,85.9%,46.9%,342
Палетки для наполнения,Палетки для наполнения,"16,089,181","1,262",2750.0%,73.9%,63.9%,95
Чехлы для садовых инструментов и техники,Чехлы для садовых инструментов и техники,"16,083,874",790,2950.0%,92.4%,59.5%,238
Ножницы для стрижки животных,Ножницы для стрижки животных,"16,079,854","1,172",2150.0%,87.5%,70.7%,277
Спорт / Замки цепи,Замки багажные,"16,072,304",541,3450.0%,82.2%,47.5%,255
Канцтовары / Пломбираторы,Пломбираторы,"16,068,867",743,2950.0%,50.0%,49.0%,109
Товары для взрослых / Секс машины,Секс машины,"16,053,347","1,878",2950.0%,84.5%,65.5%,101
Дом / Антиплесень,Антиплесень,"16,049,889",663,2950.0%,90.8%,57.2%,391
Электроприводы для клапанов,Электроприводы для клапанов,"16,041,287","1,904",2650.0%,50.0%,65.1%,92
Футболки для животных,Футболки для животных,"16,037,316",498,2150.0%,72.3%,56.3%,205
Дом / Шапочки для душа,Шапочки для душа,"16,036,262",753,2450.0%,94.0%,64.2%,426
Канцтовары / Бумага миллиметровая,Бумага миллиметровая,"16,019,999",998,2950.0%,92.7%,61.8%,265
Удлинители видеосигнала,Удлинители видеосигнала,"16,018,325","1,021",2850.0%,91.7%,63.0%,139
Автотовары / Ключи зажигания,Ключи зажигания,"16,018,172",839,2650.0%,83.3%,62.1%,205
Красота / Аксессуары для клея,Аксессуары для клея,"15,985,657",478,2750.0%,82.8%,52.3%,216
Детям / Свитшоты,Свитшоты для малышей,"15,975,271","1,482",3450.0%,67.7%,57.5%,190
Столбы для ограждений,Столбы для ограждений,"15,968,745","4,693",2850.0%,60.0%,68.7%,150
Чехлы для парикмахерских инструментов,Чехлы для парикмахерских инструментов,"15,962,787",806,3250.0%,74.2%,54.1%,285
Продукты / Финики,Финики,"15,919,361",439,2150.0%,89.7%,58.2%,70
Наполнители для аквариумных фильтров,Наполнители для аквариумных фильтров,"15,898,698",833,2150.0%,89.6%,67.8%,232
Аккумуляторы для радиостанций,Аккумуляторы для радиостанций,"15,895,937","1,741",2750.0%,100.0%,67.9%,170
Дом / Контейнеры,Контейнеры для корма,"15,886,182","1,192",2150.0%,86.0%,70.7%,292
Сад и дача / Воски для дерева,Воски для дерева,"15,879,267",796,2850.0%,88.6%,60.2%,171
Сад и дача / Панно для бани,Панно для бани,"15,875,216","1,394",2850.0%,82.9%,64.6%,231
Аксессуары / Шапки,Шапки с гарнитурой,"15,871,198",988,2750.0%,100.0%,64.4%,78
Подставки для чайных пакетиков,Подставки для чайных пакетиков,"15,857,012",681,2950.0%,83.4%,56.4%,532
Сад и дача / Треноги костровые,Треноги костровые,"15,856,124","1,472",2850.0%,91.2%,65.5%,351
Крестильные комплекты,Крестильные комплекты,"15,851,666","1,176",3450.0%,100.0%,58.7%,180
Детям / Фотоаппараты,Доильные аппараты,"15,849,557","4,276",2150.0%,100.0%,76.6%,112
Сад и дача / Цифры дверные,Цифры дверные,"15,831,261",636,2450.0%,84.0%,60.5%,281
Обувь / Губки и щётки,Губки абразивные,"15,823,078",534,3150.0%,92.8%,52.3%,469
Бытовая техника / Лезвия для бритв,Лезвия для бритв,"15,810,420","1,154",2550.0%,93.9%,67.1%,349
Мебель / Весы ювелирные,Весы ювелирные,"15,797,997",645,2650.0%,84.1%,58.8%,266
Аксессуары для бильярда,Аксессуары для бильярда,"15,775,601","1,046",2750.0%,85.5%,63.6%,164
Электроника / Оптические приводы,Кроссы оптические,"15,763,488","2,606",2850.0%,100.0%,68.4%,36
Аксессуары / Варежки,Варежки для малышей,"15,736,542",378,3450.0%,63.1%,32.0%,213
Автотовары / Подушки безопасности,Подушки безопасности,"15,728,277",767,2650.0%,100.0%,63.1%,166
Сад и дача / Обливные устройства,Устройства антихрап,"15,728,068",505,2550.0%,88.9%,56.7%,529
Картриджи для смесителей,Картриджи для смесителей,"15,702,465",648,2750.0%,80.3%,57.1%,278
Нагреватели для аквариума,Нагреватели для аквариума,"15,673,541","1,195",2150.0%,85.8%,70.7%,274
Мини-холодильники для косметики,Мини-холодильники для косметики,"15,670,180","3,852",2550.0%,70.6%,71.6%,103
Паронитовые прокладки,Паронитовые прокладки,"15,669,193","1,042",2650.0%,91.1%,65.1%,143
Дозаторы косметические,Дозаторы косметические,"15,648,000",650,3250.0%,88.0%,53.5%,494
Продукты / Заправки салатные,Заправки салатные,"15,634,669",572,1650.0%,95.2%,68.8%,136
Растворы для ирригатора,Растворы для ирригатора,"15,625,646",756,2750.0%,96.3%,61.5%,120
Спорт / Одеяла туристические,Одеяла туристические,"15,622,695","1,379",2750.0%,93.3%,66.3%,294
Плунжеры кондитерские,Плунжеры кондитерские,"15,618,295",591,2450.0%,91.8%,60.8%,405
Дом / Шнуры гитарные,Шнуры гитарные,"15,604,474","1,083",2850.0%,72.4%,61.3%,98
Зоотовары / Трусы для животных,Трусы для животных,"15,601,735",582,2150.0%,76.8%,60.6%,143
Средства ухода за стомой,Средства ухода за стомой,"15,588,679",997,3250.0%,90.5%,58.6%,158
Бытовая техника / Печи для пиццы,Печи для пиццы,"15,580,824","7,900",2450.0%,66.7%,74.0%,82
Продукты / Смеси для десертов,Смеси для десертов,"15,572,622",573,2050.0%,90.6%,64.1%,201
Дом / Ножи для пиццы,Ножи для пиццы,"15,552,609",556,2950.0%,88.0%,54.2%,678
Красота / Скребки для языка,Скребки для языка,"15,546,758",576,2750.0%,89.8%,57.0%,314
Красота / Косметика для ванн,Косметика для ванн,"15,535,649",806,3250.0%,89.0%,56.3%,353
Электроника / Талрепы,Талрепы,"15,527,993",634,2850.0%,90.7%,57.6%,208
Подложки для раковины,Подложки для раковины,"15,527,411",595,2450.0%,89.3%,60.5%,657
Дом / Чехлы для бутылей,Чехлы для бутылей,"15,513,261",776,2950.0%,84.1%,58.2%,240
Установки для замены масла,Установки для замены масла,"15,498,111","1,627",2650.0%,100.0%,68.6%,142
Здоровье / Скребки Гуаша,Скребки строительные,"15,496,346",755,3150.0%,86.2%,56.2%,423
Спорт / Защита корпуса,Защита корпуса,"15,488,936","1,090",3450.0%,40.0%,47.2%,162
Блоки согласования фаркопов,Блоки согласования фаркопов,"15,442,267","1,843",2650.0%,81.7%,68.2%,77
Козырьки для входной двери,Козырьки для входной двери,"15,435,437","6,030",2850.0%,83.0%,69.9%,64
Дом / Ножи раскройные,Ножи раскройные,"15,429,679","1,105",2950.0%,91.6%,62.6%,295
"Спорт / Ватрушки, ледянки",Ватрушки,"15,424,167","2,126",2750.0%,65.9%,66.8%,304
Спорт / Степки,Степки,"15,419,862","1,534",3450.0%,42.2%,53.1%,54
Осветители для смартфона,Осветители для смартфона,"15,413,905","1,413",2950.0%,76.4%,63.1%,217
Канцтовары / Подрамники,Подрамники,"15,410,766","1,082",2950.0%,84.4%,61.7%,244
Спорт / Втулки велосипедные,Втулки велосипедные,"15,397,471",771,2750.0%,86.2%,60.5%,421
Лабораторное оборудование,Лабораторное оборудование,"15,381,942","1,154",2950.0%,79.0%,61.7%,118
Подставки под стаканы,Подставки под стаканы,"15,379,627",882,2950.0%,77.8%,58.8%,479
Красота / Эликсиры,Эликсиры,"15,374,157","1,179",3250.0%,89.9%,60.0%,380
Автотовары / Кузов,Днища кузова,"15,360,702","1,936",2650.0%,100.0%,69.4%,115
Дом / Ленты измерительные,Ленты измерительные,"15,341,865",385,2450.0%,91.9%,52.9%,428
Дом / Подставки для зонтов,Подставки для зонтов,"15,331,848","1,114",2850.0%,82.8%,62.8%,382
Электроника / Карты оплаты,Карты оплаты,"15,329,319","2,016",3250.0%,89.4%,63.1%,78
Мох стабилизированный,Мох стабилизированный,"15,328,252","1,304",2950.0%,78.8%,62.7%,202
Автотовары / Таблички для авто,Таблички для авто,"15,311,758",816,2650.0%,85.0%,62.0%,809
Продукты / Сусло,Сусло,"15,290,396","1,515",2150.0%,95.7%,73.0%,54
Зоотовары / Маски для шерсти,Маски для шерсти,"15,285,304","1,730",2150.0%,93.2%,73.5%,74
Детям / Ниблер,Ниблеры,"15,279,976",459,2150.0%,88.8%,58.9%,438
Дом / Фигурные дыроколы,Фигурные дыроколы,"15,271,955",967,2950.0%,80.7%,60.2%,441
Накладки на соски для кормления,Накладки на соски для кормления,"15,241,083",660,2650.0%,81.8%,58.7%,325
Мужчинам / Пояса для чулок,Пояса для чулок,"15,218,816",718,3450.0%,66.3%,48.7%,164
Держатели для простыни,Держатели для простыни,"15,217,698",484,2950.0%,92.6%,52.7%,388
Плинтусы для столешниц,Плинтусы для столешниц,"15,209,400",788,2650.0%,77.9%,60.5%,106
Продукты / Желе,Желе,"15,198,359",511,2150.0%,95.2%,62.1%,296
Грунты художественные,Грунты художественные,"15,165,894",572,2950.0%,88.0%,54.6%,188
Механизмы закрывания двери,Механизмы закрывания двери,"15,160,717","1,285",2650.0%,83.4%,66.0%,261
Садовые тракторы и райдеры,Садовые тракторы и райдеры,"15,152,137",553,300.0%,100.0%,82.5%,42
Спорт / Батончики спортивные,Батончики спортивные,"15,146,382","1,069",2550.0%,93.0%,65.8%,59
Мебель / Барные стойки,Стойки гардеробные,"15,135,428","1,419",2650.0%,88.9%,67.2%,98
Блоки управления вентилятора,Блоки управления вентилятора,"15,127,387","1,655",2650.0%,70.0%,66.6%,143
Акции / Скалер,Скалеры,"15,122,120","1,855",2550.0%,88.4%,69.6%,161
Для ремонта / Хоппер-ковш,Хоппер-ковши,"15,118,239","2,254",3150.0%,60.0%,62.6%,85
Автотовары / Шины,Проушины буксирные,"15,103,017",924,2650.0%,81.3%,62.9%,236
Дом / Ткани,Ткани уличные,"15,097,655","1,613",2950.0%,22.5%,48.5%,152
Пленка для обертывания,Пленка для обертывания,"15,086,690","1,212",3250.0%,90.6%,60.2%,135
Канцтовары / Пломбы-наклейки,Пломбы-наклейки,"15,075,384",671,2950.0%,100.0%,58.6%,131
Красота / Мезороллеры,Мезороллеры,"15,055,653",782,3150.0%,86.3%,56.7%,370
Машинки для лапши электрические,Машинки для лапши электрические,"15,048,536","4,493",2450.0%,100.0%,73.7%,104
Рычаги для мототехники,Рычаги для мототехники,"15,027,232","1,186",2650.0%,78.8%,64.9%,286
Краны для садовых бочек и баков,Краны для садовых бочек и баков,"15,024,482",805,2950.0%,89.0%,59.3%,386
Книги коллекционные,Книги коллекционные,"14,990,415","1,290",2950.0%,91.8%,63.7%,349
Блоки розжига ксенона,Блоки розжига ксенона,"14,979,315","2,541",2650.0%,75.0%,69.3%,172
Бытовая техника / Электробигуди,Электробигуди,"14,959,436","1,607",2550.0%,75.0%,67.9%,192
Зоотовары / Коврики под миску,Коврики под миску,"14,931,220",652,2150.0%,87.1%,64.4%,555
Сад и дача / Флорариумы,Флорариумы,"14,929,705","1,299",2950.0%,90.9%,63.7%,248
Тормоза гидравлические дисковые,Тормоза гидравлические дисковые,"14,922,084","1,060",2750.0%,84.0%,63.5%,121
Для ремонта / Кран-буксы,Кран-буксы,"14,910,572",850,2750.0%,77.7%,60.4%,349
Мужчинам / Шапочки одноразовые,Шапочки одноразовые,"14,895,748",524,2350.0%,93.3%,60.1%,209
Спорт / Мячи,Мячи для гольфа,"14,881,617",952,2750.0%,83.9%,62.5%,102
Кронштейны для видеотехники,Кронштейны для видеотехники,"14,876,712","1,719",2800.0%,86.0%,66.6%,160
Здоровье / Иглы Губера,Иглы для шприц-ручек,"14,874,025","1,261",2500.0%,92.2%,68.1%,120
Дом / Линейки закройщика,Линейки закройщика,"14,849,511",696,2950.0%,90.3%,57.8%,330
Указатели уровня масла,Указатели уровня масла,"14,836,321",876,2650.0%,73.3%,61.0%,244
Для ремонта / Наколенники рабочие,Наколенники рабочие,"14,835,738",881,2850.0%,81.5%,60.4%,236
Красота / Воски для ногтей,Воски для ногтей,"14,835,633",470,2750.0%,93.6%,54.3%,174
Электроника / Гироскутер,Гироскутеры,"14,819,912","8,725",2100.0%,77.8%,77.8%,69
Игрушки / Рамки-вкладыши,Рамки-вкладыши,"14,818,070",831,2850.0%,89.9%,60.8%,441
Автотовары / Болты вариатора,Болты вариатора,"14,811,119",979,2650.0%,100.0%,65.3%,51
Мебель / Перегородки офисные,Перегородки офисные,"14,785,842","3,996",2150.0%,80.4%,76.0%,90
Дом / Чехлы для шампуров,Чехлы для шампуров,"14,782,890","1,296",2850.0%,86.8%,64.4%,211
Дом / Консервные ножи,Консервные ножи,"14,764,509",704,2950.0%,93.8%,58.4%,476
Автотовары / Чехлы,Чехлы для камер,"14,736,986","1,080",3450.0%,86.0%,56.9%,114
Средства и приборы для очистки спонжей и кистей,Средства и приборы для очистки спонжей и кистей,"14,730,375",693,3250.0%,90.3%,54.7%,341
Комплектующие к автомобильным рулям,Комплектующие к автомобильным рулям,"14,690,138","1,126",2650.0%,87.5%,65.4%,238
Мужчинам / Джемперы спортивные,Джемперы спортивные,"14,675,496","1,712",3450.0%,35.7%,52.4%,95
Основания для ракеток настольного тенниса,Основания для ракеток настольного тенниса,"14,597,914","1,855",2750.0%,73.9%,66.7%,111
Игрушки / Лодки и катеры,Лодки и катеры,"14,591,521","1,435",2850.0%,85.3%,65.0%,304
Аксессуары / Рукава,Рукава,"14,581,949",720,3450.0%,62.5%,47.7%,152
Мебель / Детские,Клеенки детские,"14,542,483",565,2650.0%,83.3%,56.5%,350
Велобагажники на авто,Велобагажники на авто,"14,528,641","1,672",2650.0%,100.0%,68.7%,87
Электроника / Кейкапы,Кейкапы,"14,520,317","1,547",2450.0%,86.9%,69.5%,172
Коврики для раскатки теста,Коврики для раскатки теста,"14,518,705",607,2950.0%,92.2%,56.2%,430
Мебель / Стеллажи офисные,Стеллажи офисные,"14,485,507","3,130",2650.0%,100.0%,70.9%,152
Игрушки / Фингерборды,Фингерборды,"14,485,157",577,2850.0%,85.8%,55.3%,361
Сковороды электрические,Сковороды электрические,"14,461,867","4,880",2450.0%,86.4%,73.6%,228
Световые планшеты для рисования,Световые планшеты для рисования,"14,457,904",984,2950.0%,85.1%,60.9%,374
Для ремонта / Выпуски для раковин,Выпуски для раковин,"14,455,465","1,702",2750.0%,50.0%,63.1%,224
Продукты / Маршмеллоу,Маршмеллоу,"14,454,080",517,2150.0%,91.5%,61.6%,276
Дом / Ручки для сковородок,Ручки для сковородок,"14,404,400",568,2950.0%,92.2%,55.2%,426
Дом / Пропитки для одежды,Пропитки для одежды,"14,350,360",958,2950.0%,91.8%,61.4%,99
Защита для мототехники,Защита для мототехники,"14,338,884","1,554",2650.0%,75.0%,66.6%,194
Продукты / Смеси круп и бобовых,Смеси круп и бобовых,"14,309,240",694,1650.0%,89.9%,70.7%,114
Игрушки / Шнуровки,Шнуровки,"14,306,025","1,100",2850.0%,89.2%,63.3%,556
Накладки на ремень безопасности,Накладки на ремень безопасности,"14,288,634",905,2650.0%,86.8%,63.3%,313
Для ремонта / Очки увеличительные,Очки увеличительные,"14,287,574","1,107",2850.0%,90.9%,63.6%,239
Прищепки декоративные,Прищепки декоративные,"14,273,146",459,2450.0%,87.1%,55.5%,475
Спорт / Термоконтейнеры,Термоконтейнеры,"14,272,240","2,083",2750.0%,100.0%,68.7%,207
Аксессуары / Брелоки,Брелоки-локаторы,"14,255,509",434,2750.0%,84.7%,50.7%,200
Мужчинам / Садху-доски,Садху-доски,"14,252,777","1,609",2750.0%,86.3%,66.7%,172
Спорт / Велостанки,Велостанки,"14,252,213",720,2750.0%,75.0%,57.7%,51
Сад и дача / Дровницы,Дровницы,"14,250,097","3,427",2850.0%,88.1%,68.9%,209
Полотенца крестильные,Полотенца крестильные,"14,246,087","1,248",2650.0%,77.2%,65.2%,109
Аксессуары / Зажимы,Зажимы для шлангов,"14,225,787",618,2850.0%,92.2%,57.5%,212
Дом / Сетки для сушки,Сетки для сушки,"14,218,866",927,2850.0%,100.0%,62.9%,180
Доски гладильные встроенные,Доски гладильные встроенные,"14,191,858","4,179",2650.0%,78.0%,71.0%,57
Лампады,Лампады,"14,180,769",563,3450.0%,96.0%,50.7%,101
Для ремонта / Растворители,Растворители,"14,176,541",410,2350.0%,100.0%,57.0%,13
Органайзеры для сменных блоков,Органайзеры для сменных блоков,"14,150,029","1,206",2950.0%,82.7%,62.5%,208
Механизмы для скоросшивания,Механизмы для скоросшивания,"14,129,227","1,088",2950.0%,87.2%,62.1%,199
Ввёртыши,Ввёртыши,"14,125,925",659,2750.0%,100.0%,60.4%,76
Атласы учебные,Атласы учебные,"14,122,710",477,2950.0%,95.5%,52.9%,244
Аксессуары для тандыров,Аксессуары для тандыров,"14,100,026","1,331",2850.0%,93.8%,65.1%,216
Мужчинам / Садху-доски,Доски террасные,"14,091,867","2,718",2400.0%,90.1%,72.7%,57
Бытовая техника / Шкафы расстоечные,Шкафы расстоечные,"14,083,185","3,627",2450.0%,100.0%,73.3%,11
Кронштейны для геймпадов,Кронштейны для геймпадов,"14,080,488",992,2150.0%,75.0%,67.8%,87
Аксессуары / Пояса,Пояса для бега,"14,060,769",876,2950.0%,74.6%,58.3%,154
Здоровье / Маски одноразовые,Маски одноразовые,"14,058,890",656,3150.0%,94.3%,55.6%,374
Кронштейны для кондиционера,Кронштейны для кондиционера,"14,055,663","1,486",2550.0%,78.2%,67.6%,171
Для ремонта / Термошайбы,Термошайбы,"14,054,430",714,2850.0%,95.7%,59.8%,135
Электроника / DJ контроллеры,DJ контроллеры,"14,033,999","3,874",2750.0%,100.0%,70.4%,66
Крепления для парника,Крепления для парника,"14,031,626",635,2950.0%,93.1%,57.0%,288
Красота / Помады для волос,Помады для волос,"14,022,373","1,421",3250.0%,89.2%,61.2%,201
Дом / Щепа для копчения,Щепы для копчения,"14,018,315",431,2850.0%,93.7%,51.7%,313
Мебель / Сундуки,Сундуки,"14,014,493","2,766",2650.0%,89.0%,70.3%,90
Аксессуары / Шармы-подвески,Шармы-подвески,"14,009,225",710,2850.0%,75.8%,56.6%,345
Аксессуары / Наушники утепленные,Наушники утепленные,"14,007,309",861,3450.0%,66.4%,51.5%,341
Продукты / Спирулина,Спирулина,"13,964,853",749,2150.0%,88.0%,66.4%,176
Дом / Кресла,Кресла санитарные,"13,958,000","4,901",2550.0%,100.0%,72.9%,91
Дом / Кахоны,Кахоны,"13,947,865","7,070",2850.0%,100.0%,70.4%,31
Дом / Губки флористические,Губки флористические,"13,945,710",770,2950.0%,81.0%,57.7%,179
Аксессуары / Портупеи,Портупеи,"13,941,072",668,3450.0%,66.4%,47.4%,352
Наборы для обивки дверей,Наборы для обивки дверей,"13,935,979","1,818",2850.0%,80.2%,66.0%,231
Электроника / Кейсы для камер,Кейсы для дисков,"13,927,189",970,2650.0%,90.3%,64.4%,155
Женщинам / Вкладыши,Вкладыши в бочку,"13,898,049",929,2950.0%,97.7%,61.7%,197
Электроника / Ленты для принтера,Ленты для принтера,"13,894,680","1,061",2450.0%,85.9%,66.7%,151
Аксессуары к стульчикам для кормления,Аксессуары к стульчикам для кормления,"13,893,628","1,414",2650.0%,79.1%,66.3%,169
Красота / Зажимы для ресниц,Зажимы для ресниц,"13,852,820",639,2750.0%,90.6%,58.7%,629
Для ремонта / Поддоны для душа,Поддоны для клетки,"13,848,896","1,497",2150.0%,77.9%,71.6%,159
Приборы экологического контроля,Приборы экологического контроля,"13,833,721","1,696",2450.0%,93.8%,70.5%,114
Для ремонта / Курвиметр,Курвиметры,"13,830,581","1,417",3150.0%,100.0%,62.9%,195
Продукты / Маринады,Маринады,"13,829,948",675,1650.0%,94.3%,70.9%,151
Сад и дача / Колонки для воды,Колонки для воды,"13,821,273","1,432",2950.0%,66.7%,62.1%,68
Акриловая смола для творчества,Акриловая смола для творчества,"13,798,622",832,2950.0%,86.4%,59.4%,125
Спорт / Поводки рыболовные,Поводки рыболовные,"13,782,976",423,2750.0%,93.7%,52.3%,410
Комплекты электрики для фаркопов,Комплекты электрики для фаркопов,"13,780,658",730,2650.0%,88.6%,61.1%,124
Продукты / Рыба вяленая,Рыба вяленая,"13,777,880",908,2150.0%,100.0%,69.7%,94
Конвертеры спутниковые,Конвертеры спутниковые,"13,766,880","1,359",2950.0%,77.6%,62.9%,99
Спорт / Подседельные штыри,Подседельные штыри,"13,759,080","1,160",2750.0%,83.0%,64.2%,308
Канцтовары / Мастихины,Мастихины,"13,750,884",556,2450.0%,78.4%,57.1%,270
Дерматологические препараты для животных,Дерматологические препараты для животных,"13,749,394",765,1750.0%,92.7%,71.2%,94
Дом / Ламбрекены,Ламбрекены,"13,747,922","2,283",2950.0%,79.3%,66.1%,70
Лампы для террариумов,Лампы для террариумов,"13,746,399","1,246",2150.0%,85.7%,71.0%,175
Скребки для стеклокерамики,Скребки для стеклокерамики,"13,744,906",691,2450.0%,92.5%,63.0%,473
Щитки маслоразбрызгивающие,Щитки маслоразбрызгивающие,"13,740,741",729,2150.0%,100.0%,67.5%,55
Автотовары / Автобаферы,Автобаферы,"13,739,548","1,741",2650.0%,78.2%,67.6%,180
Продукты / Сыры сухие,Сухие бассейны,"13,734,626","2,274",2850.0%,82.6%,67.2%,121
Сад и дача / Освещение для бани,Освещение для бани,"13,698,652","1,548",2850.0%,88.5%,65.7%,186
Дом / Щипцы для рукоделия,Щипцы для рукоделия,"13,698,435","1,116",2950.0%,95.4%,63.0%,269
Шляпы для малышей,Шляпы для малышей,"13,692,586",940,3450.0%,71.4%,53.6%,43
Акции / Обогрев сидений,Обогрев сидений,"13,688,797","2,501",2650.0%,81.9%,69.6%,215
Лампы для птиц и животных,Лампы для птиц и животных,"13,679,986","1,166",2150.0%,91.4%,71.0%,213
Тяги стеклоочистителя,Тяги стеклоочистителя,"13,674,097","1,603",2650.0%,66.7%,66.0%,95
Для ремонта / Пандус,Пандусы,"13,670,246","9,644",2850.0%,100.0%,70.7%,21
Для ремонта / Теплоносители,Теплоносители,"13,665,786","2,648",2750.0%,89.3%,69.1%,114
Спорт / Напульсники,Напульсники,"13,648,816",653,2950.0%,84.8%,56.0%,374
Дом / Чаши поющие,Чаши поющие,"13,645,377","2,804",2850.0%,77.7%,67.8%,168
Бытовая техника / Запчасти для вытяжек,Запчасти для вытяжек,"13,645,098","1,842",2850.0%,75.0%,65.7%,92
Сошки рулевого управления,Сошки рулевого управления,"13,625,402","2,383",2650.0%,100.0%,70.1%,92
Трости для саксофонов,Трости для саксофонов,"13,620,352",830,2850.0%,100.0%,61.9%,56
Женщинам / Кейпы,Кейпы,"13,605,011","1,290",3450.0%,23.2%,38.7%,109
Дом / Саксофоны,Саксофоны,"13,596,273","1,025",2850.0%,100.0%,63.7%,70
Наколенники строительные,Наколенники строительные,"13,591,399",906,2850.0%,80.3%,60.5%,235
Дом / Палочки для еды,Палочки для еды,"13,572,905","1,107",2950.0%,93.5%,62.8%,528
Держатели для садовых инструментов,Держатели для садовых инструментов,"13,565,492",897,2950.0%,94.4%,61.1%,477
Полустельки ортопедические,Полустельки ортопедические,"13,554,603",460,3150.0%,83.3%,47.6%,242
Зеркала дорожные,Зеркала дорожные,"13,532,772","1,204",2650.0%,100.0%,66.9%,203
Подушки для кормления,Подушки для кормления,"13,504,650","2,016",2650.0%,76.3%,68.3%,182
Сад и дача / Масла лампадные,Масла лампадные,"13,496,038","1,209",2950.0%,97.2%,63.7%,101
Электроника / NFC карты,NFC карты,"13,490,910",724,2750.0%,87.3%,59.8%,127
Антипробуксовочные приспособления,Антипробуксовочные приспособления,"13,486,644","1,234",2650.0%,69.9%,64.2%,318
Газлифты для офисных кресел,Газлифты для офисных кресел,"13,486,280",836,2650.0%,89.3%,62.8%,189
Электроника / DJ контроллеры,Контроллеры заряда,"13,481,324",859,2850.0%,93.5%,61.5%,159
Беспламенные нагреватели пищи,Беспламенные нагреватели пищи,"13,480,949","2,012",2850.0%,92.9%,67.2%,19
Вкладыши после мастэктомии,Вкладыши после мастэктомии,"13,480,419","1,643",3250.0%,62.0%,59.6%,74
Продукты / Горчица,Горчица,"13,467,084",532,2150.0%,95.7%,62.8%,248
Продукты / Напитки растительные,Напитки растительные,"13,466,969",805,2150.0%,93.2%,67.8%,244
Отсадники для рыб,Отсадники для рыб,"13,465,409",971,2150.0%,68.1%,66.4%,236
Смазки для велосипеда,Смазки для велосипеда,"13,462,941",572,2950.0%,91.9%,55.3%,226
Крепления для лодок ПВХ,Крепления для лодок ПВХ,"13,459,328",842,2750.0%,100.0%,63.0%,68
Сад и дача / Купели для бани,Купели для бани,"13,458,301","3,536",2850.0%,100.0%,69.2%,63
Красота / Бритвы опасные,Бритвы опасные,"13,454,465",984,3250.0%,82.6%,57.7%,302
Пленки и сетки для пруда,Пленки и сетки для пруда,"13,451,396","2,016",2950.0%,100.0%,66.5%,131
Вилки амортизационные,Вилки амортизационные,"13,439,677","2,680",2750.0%,74.1%,68.5%,303
Электроника / Ремни такелажные,Ремни такелажные,"13,437,953","1,816",2850.0%,89.1%,66.6%,98
Запчасти для детских колясок,Запчасти для детских колясок,"13,434,269",958,2650.0%,82.3%,63.4%,124
Для ремонта / Конденсатор,Конденсаторы,"13,431,993",608,3000.0%,87.3%,54.9%,225
Комплектующие и уходовые средства для очков,Комплектующие и уходовые средства для очков,"13,415,701",581,3450.0%,94.9%,51.0%,289
Мужчинам / Термотрусы,Термотрусы,"13,415,448","2,169",3450.0%,59.3%,59.3%,116
Зоотовары / Дверцы для животных,Дверцы для животных,"13,399,083","1,365",2150.0%,88.3%,71.9%,184
Средства для ухода за оружием,Средства для ухода за оружием,"13,384,479","1,164",2950.0%,87.1%,62.6%,115
Отводы вентиляционные,Отводы вентиляционные,"13,372,880",876,2750.0%,79.6%,61.0%,89
Сад и дача / Плодосъемники,Плодосъемники,"13,368,906",993,2950.0%,60.0%,57.1%,396
Кронштейны для СВЧ-печей,Кронштейны для СВЧ-печей,"13,359,411","5,052",2450.0%,86.2%,73.7%,147
Дезинфицирующие аппараты,Дезинфицирующие аппараты,"13,296,058","1,833",2550.0%,53.8%,66.4%,99
Мужчинам / Колпаки поварские,Колпаки поварские,"13,251,617",500,3100.0%,76.6%,48.1%,157
Наборы кемпинговой мебели,Наборы кемпинговой мебели,"13,246,221","2,629",2750.0%,50.0%,66.4%,145
Патроны для ламп автомобильные,Патроны для ламп автомобильные,"13,229,797",410,2650.0%,82.8%,49.9%,228
Акции / Портсигар,Портсигары,"13,204,591",710,2800.0%,83.0%,58.4%,345
Игрушки / Йо-йо,Йо-йо,"13,181,878",777,2850.0%,90.4%,60.1%,228
Спорт / Смазки для оружия,Смазки для оружия,"13,169,161",744,2950.0%,90.6%,58.6%,116
Зоотовары / Перосъемные машины,Перосъемные машины,"13,164,519",993,2150.0%,92.9%,69.8%,246
Дом / Рамы для постеров,Рамы для постеров,"13,156,226",617,2950.0%,75.9%,53.4%,116
Индикаторы зубного налета,Индикаторы зубного налета,"13,150,966","1,082",2750.0%,91.9%,64.5%,54
Чехлы с держателем для телефонов,Чехлы с держателем для телефонов,"13,136,430","1,076",2950.0%,100.0%,63.1%,289
Дом / Сетки пищевые,Сетки пищевые,"13,135,681",674,2950.0%,92.3%,57.6%,240
Спорт / Жилеты страховочные,Жилеты страховочные,"13,132,834","1,473",2750.0%,22.2%,48.1%,78
Подъемники передвижные,Подъемники передвижные,"13,127,476","6,884",3250.0%,100.0%,66.3%,27
Аксессуары / Цепочки для очков,Цепочки для очков,"13,112,937",574,3450.0%,81.2%,48.4%,336
Автотовары / Мотопластик,Мотопластик,"13,112,474","2,328",2650.0%,70.0%,68.6%,90
Красота / Запарки,Запарки,"13,103,892",606,3050.0%,90.2%,54.9%,324
Древесно-плитные материалы,Древесно-плитные материалы,"13,100,900","1,502",2350.0%,79.4%,69.8%,62
Центральное электрооборудование,Центральное электрооборудование,"13,100,765",969,2650.0%,100.0%,65.2%,74
Красота / Наборы,Наборы хирургические,"13,080,537","1,695",3050.0%,89.1%,64.2%,49
Канцтовары / Браслеты контрольные,Браслеты контрольные,"13,065,707",726,2950.0%,100.0%,59.5%,71
Средства для удаления краски,Средства для удаления краски,"13,050,979",771,2850.0%,91.8%,60.2%,231
Пояса для единоборств,Пояса для единоборств,"13,046,282",740,2950.0%,73.3%,55.7%,189
Продукты / Батончики детские,Батончики детские,"13,044,000",832,2450.0%,95.2%,65.4%,136
Колокольчики придверные,Колокольчики придверные,"13,041,973",829,2950.0%,100.0%,60.8%,232
Подставки для ведер и бутылок,Подставки для ведер и бутылок,"13,029,339","2,750",2950.0%,89.2%,67.2%,279
Для ремонта / Профили монтажные,Профили оконные,"13,026,811","1,691",2850.0%,100.0%,66.8%,51
Детям / Санки-коляски,Санки-коляски,"13,024,822","10,140",2650.0%,100.0%,72.7%,68
Красота / Прокладки от пота,Прокладки стержня,"13,020,980","1,103",2650.0%,100.0%,66.2%,25
Дом / Подставки для сумок,Подставки для сумок,"13,003,886","1,032",2650.0%,75.1%,63.2%,109
Повязки на голову для малышей,Повязки на голову для малышей,"12,989,380",315,3450.0%,77.9%,32.9%,317
Спорт / Раттлины,Раттлины,"12,987,874",599,2750.0%,89.0%,57.5%,201
Автотовары / Ролики обрезиненные,Ролики обрезиненные,"12,983,712","1,865",2650.0%,100.0%,69.2%,52
Автотовары / Кожух двигателя,Кожухи двигателя,"12,977,791","1,612",2650.0%,100.0%,68.5%,183
Термометры медицинские,Термометры медицинские,"12,955,523",750,3200.0%,91.4%,56.3%,350
Блокировки дифференциалов,Блокировки дифференциалов,"12,953,302","10,641",2600.0%,100.0%,73.2%,48
Для ремонта / Нарукавники рабочие,Нарукавники рабочие,"12,941,180",717,2850.0%,90.1%,59.1%,152
Распошивальные машины,Распошивальные машины,"12,923,818","3,724",2550.0%,100.0%,72.4%,44
Аксессуары / Тики,Тики,"12,881,544",655,3450.0%,52.5%,42.2%,231
Мухобойки электрические,Мухобойки электрические,"12,865,487",953,2550.0%,89.0%,65.1%,281
Зоотовары / Фены для животных,Фены для животных,"12,862,781","1,381",2150.0%,85.7%,71.7%,121
Смазки для мотоциклов,Смазки для мотоциклов,"12,845,359",974,2650.0%,100.0%,65.3%,100
Спорт / Балансиры рыболовные,Балансиры рыболовные,"12,823,213",491,2750.0%,91.8%,54.8%,273
Электроника / Фотозонты,Фотозонты,"12,818,161","2,798",2800.0%,71.4%,68.0%,46
Разделители для рюкзаков,Разделители для рюкзаков,"12,815,893","1,264",3450.0%,77.8%,57.4%,38
Катушки для металлоискателя,Катушки для металлоискателя,"12,790,712","3,114",2750.0%,50.0%,67.4%,65
Автотовары / Преобразователи давления,Преобразователи,"12,759,451","1,194",2850.0%,92.3%,64.2%,181
Аксессуары для электрогрилей,Аксессуары для электрогрилей,"12,720,604","2,280",2550.0%,80.4%,70.1%,96
Сад и дача / Узоры декоративные,Узоры декоративные,"12,692,054","1,162",2950.0%,98.0%,63.5%,150
Крепления для велокомпьютеров,Крепления для велокомпьютеров,"12,691,835",648,2950.0%,100.0%,58.2%,59
Карманные переводчики,Карманные переводчики,"12,688,835","1,375",2750.0%,81.4%,65.4%,119
Подставки для музыканта,Подставки для музыканта,"12,670,481","1,860",2850.0%,84.4%,66.4%,215
Дом / Бутылкорезы,Бутылкорезы,"12,656,245",531,2950.0%,100.0%,55.4%,51
Прокладки турбонагнетателя,Прокладки турбонагнетателя,"12,639,863",803,2650.0%,100.0%,63.5%,66
Мебель / Зеркала для спальни,Зеркала для спальни,"12,634,181","2,607",2650.0%,72.7%,69.3%,100
Красота / Глиттеры,Глиттеры,"12,610,874",555,3250.0%,88.5%,51.2%,412
Разбавители художественные,Разбавители художественные,"12,583,273",955,2950.0%,91.2%,61.3%,212
Зоотовары / Брелоки на ошейники,Брелоки на ошейники,"12,581,714",448,2150.0%,88.0%,58.2%,423
Дом / Подушки для ванны,Подушки для ванны,"12,575,831","1,300",2950.0%,89.3%,63.6%,191
Автотовары / Сигнализаторы,Сигнализаторы,"12,574,493","1,211",2650.0%,100.0%,66.9%,150
Аксессуары для экшн-камер,Аксессуары для экшн-камер,"12,562,115","1,065",2850.0%,100.0%,64.0%,82
Канцтовары / Ручки,Ручки для валиков,"12,560,828",848,3150.0%,75.4%,56.0%,190
Рубашки для малышей,Рубашки для малышей,"12,536,211","1,103",3450.0%,48.7%,50.6%,218
Парафин косметический,Парафин косметический,"12,503,690",679,3250.0%,91.4%,54.6%,239
Ружья для подводной охоты,Ружья для подводной охоты,"12,501,972",942,2750.0%,66.7%,59.8%,38
Боковые колеса для детских велосипедов,Боковые колеса для детских велосипедов,"12,498,980","1,378",2750.0%,86.6%,65.8%,175
Продукты / Мюсли,Мюсли,"12,492,096",756,1650.0%,94.0%,72.2%,140
Полоски для депиляции,Полоски для депиляции,"12,459,728",703,2750.0%,89.9%,59.8%,444
Автотовары / Чехлы,Чехлы для ножей,"12,447,199",814,3450.0%,81.7%,53.5%,370
Выпускные газопроводы,Выпускные газопроводы,"12,443,941","1,454",2650.0%,90.7%,67.4%,94
Наборы для ухода за обувью,Наборы для ухода за обувью,"12,434,703",664,3450.0%,89.9%,52.1%,352
Сушилки для одежды электрические,Сушилки для одежды электрические,"12,434,054","2,366",2550.0%,87.7%,70.6%,281
Автотовары / Цилиндр замка,Цилиндры замка,"12,431,034","1,557",2650.0%,80.0%,67.1%,106
Спорт / Тросики велосипедные,Тросики велосипедные,"12,419,363",432,2250.0%,91.7%,57.3%,224
Для ремонта / Теплосчетчики,Теплосчетчики,"12,417,414",877,2750.0%,50.0%,54.3%,51
Перчатки для дайвинга,Перчатки для дайвинга,"12,404,579",927,2950.0%,68.2%,57.8%,81
Коврики диэлектрические,Коврики диэлектрические,"12,400,165","1,841",2850.0%,91.7%,66.8%,57
Продукты / Крем-мед,Крем-мед,"12,359,378",638,2150.0%,95.6%,65.4%,171
Сад и дача / Замки почтовые,Замки почтовые,"12,338,935",687,2350.0%,76.4%,61.3%,277
Держатели для наушников,Держатели для наушников,"12,331,900",662,2450.0%,87.1%,61.6%,239
Детям / Доски пеленальные,Доски пеленальные,"12,328,100","2,106",2650.0%,82.4%,68.9%,74
Попоны послеоперационные,Попоны послеоперационные,"12,324,461",820,2150.0%,80.6%,66.4%,149
Ветеринарные инструменты и оборудование,Ветеринарные инструменты и оборудование,"12,318,076",841,2150.0%,86.3%,67.5%,221
Абразивы для пескоструйных работ,Абразивы для пескоструйных работ,"12,309,436",916,3150.0%,97.9%,59.6%,117
Дом / Пиньяты,Пиньяты,"12,290,392","1,623",3250.0%,73.3%,60.8%,186
Спорт / Весла,Весла,"12,290,199","1,924",2750.0%,91.2%,67.9%,184
Мебель / Домкраты для мебели,Домкраты для мебели,"12,283,692",954,2650.0%,95.9%,64.8%,340
Дом / Клеевые паутинки,Клеевые паутинки,"12,283,585",472,2450.0%,94.1%,57.5%,429
Бытовая техника / Коврики с подогревом,Коврики с подогревом,"12,273,700","2,269",2550.0%,88.9%,70.5%,248
Детям / Слинг-шарф,Слинг-шарфы,"12,271,011","1,000",2650.0%,77.1%,63.1%,150
Спорт / Чехлы на коньки,Чехлы на коньки,"12,254,012",989,2800.0%,80.1%,61.9%,206
Подставки для зубочисток,Подставки для зубочисток,"12,248,575",810,2950.0%,89.8%,59.5%,675
Аксессуары для хлебопечек,Аксессуары для хлебопечек,"12,243,854",729,2450.0%,85.6%,62.7%,187
Продукты / Булгур,Булгур,"12,230,059",641,1650.0%,97.7%,70.7%,139
Блинницы электрические,Блинницы электрические,"12,229,902","3,310",2450.0%,81.9%,72.6%,286
Дом / Контейнеры,Контейнеры для линз,"12,216,602",430,2750.0%,89.9%,51.8%,356
Дом / Канифоль для скрипки,Канифоль для скрипки,"12,208,413",734,2850.0%,85.7%,58.8%,85
Спорт / Колышки для палаток,Колышки для палаток,"12,205,056",957,2750.0%,82.5%,62.4%,268
Зеркала для мототехники,Зеркала для мототехники,"12,173,318","1,048",2650.0%,84.8%,64.5%,219
Спорт / Зеркала велосипедные,Зеркала велосипедные,"12,154,387",804,2750.0%,85.8%,60.9%,262
Спорт / Велошорты,Велошорты,"12,118,591","1,254",3450.0%,51.5%,53.1%,74
Москитные сетки на коляску,Москитные сетки на коляску,"12,111,419",844,2150.0%,85.2%,67.4%,210
Товары для взрослых / Трусы эротик,Трусы эротик,"12,103,047","1,180",2950.0%,79.4%,57.6%,178
Системы рециркуляции отработавших газов,Системы рециркуляции отработавших газов,"12,076,330","4,960",2650.0%,100.0%,71.9%,65
Спорт / Замки цепи,Замки оконные,"12,062,631",720,2850.0%,90.0%,59.2%,271
Электроника / Рым-соединения,Рым-соединения,"12,052,114",540,2850.0%,92.4%,55.5%,107
Бумага для самокруток,Бумага для самокруток,"12,049,302",581,2850.0%,96.8%,57.3%,98
Дом / Полки,Полки сетчатые,"12,039,319","1,163",2650.0%,88.8%,65.8%,77
Тройники вентиляционные,Тройники вентиляционные,"12,020,398",982,2750.0%,86.1%,63.0%,61
Для ремонта / Выколотки,Выколотки,"12,016,772",684,3150.0%,96.9%,56.4%,211
Дом / Прессы для бургеров,Прессы для бургеров,"12,004,200",816,2950.0%,82.1%,58.6%,394
Зоотовары / Гели для животных,Гели для животных,"12,003,524",706,2150.0%,92.0%,66.2%,174
Печати для пломбирования,Печати для пломбирования,"11,990,697",368,2950.0%,91.3%,46.7%,241
Ринговки для собак,Ринговки для собак,"11,985,422",941,2150.0%,85.7%,68.6%,307
Красота / Флоссеры,Флоссеры,"11,982,440",505,2750.0%,95.5%,55.9%,265
Наборы для укладки волос,Наборы для укладки волос,"11,975,528","2,194",2550.0%,96.5%,70.7%,209
Зоотовары / Будки для собак,Будки для собак,"11,916,580","2,048",2150.0%,50.0%,70.7%,220
Спорт / Конусы спортивные,Конусы спортивные,"11,897,620",868,2750.0%,80.6%,61.1%,221
Бытовая техника / Модули отопительные,Модули отопительные,"11,850,354","1,154",2550.0%,100.0%,67.6%,67
Сапожки для разогрева,Сапожки для разогрева,"11,848,759","1,255",3450.0%,56.7%,54.3%,74
Нагреватели индукционные,Нагреватели индукционные,"11,839,035","2,437",3050.0%,89.7%,65.8%,70
Канцтовары / Шпагаты банковские,Шпагаты банковские,"11,786,823","1,116",2950.0%,100.0%,63.3%,58
Акции / Самокат,Деки для самокатов,"11,779,128","2,159",2750.0%,76.2%,67.6%,54
Мебель / Шкафы архивные,Шкафы архивные,"11,778,501","1,010",2650.0%,100.0%,65.6%,35
Наполнители для кресла-мешка,Наполнители для кресла-мешка,"11,766,274","1,329",2150.0%,100.0%,72.5%,75
Спорт / Краги конные,Краги конные,"11,762,441","2,631",2950.0%,40.0%,62.9%,52
Провода для генераторов импульсов,Провода для генераторов импульсов,"11,749,629","2,528",2150.0%,93.1%,75.1%,46
Бытовая техника / Умные весы,Умные весы,"11,743,038","1,757",2750.0%,89.7%,67.4%,257
Спорт / Грелки туристические,Грелки туристические,"11,738,810",890,2750.0%,82.0%,61.5%,219
Дождевики для колясок,Дождевики для колясок,"11,738,421","1,089",2650.0%,86.0%,65.0%,229
Муляжи мобильных телефонов,Муляжи мобильных телефонов,"11,724,817","1,406",2950.0%,62.1%,61.3%,157
Сад и дача / Трубки для плавания,Трубки для плавания,"11,708,630",952,2750.0%,74.1%,61.2%,214
Комплектующие к плинтусам,Комплектующие к плинтусам,"11,701,460",521,2350.0%,83.9%,58.2%,138
Телевизоры автомобильные,Телевизоры автомобильные,"11,689,482","4,703",2650.0%,50.0%,70.1%,77
Дом / Сундучки свадебные,Сундучки свадебные,"11,641,320","1,094",3250.0%,77.7%,58.1%,253
Дом / Стеллажи,Стеллажи торговые,"11,624,425","1,473",2650.0%,100.0%,68.1%,220
Сад и дача / Индикаторы почвы,Индикаторы почвы,"11,620,260","1,071",2950.0%,100.0%,63.0%,231
Дом / Елки,Грелки,"11,598,580","1,626",3150.0%,84.5%,62.7%,401
Дом / Держатели,Держатели для шланга,"11,598,387",851,2950.0%,96.8%,60.8%,209
Бытовая техника / Ножи для мясорубок,Ножи для мясорубок,"11,592,887",697,2450.0%,85.0%,62.0%,324
Наборы музыкальных инструментов,Наборы музыкальных инструментов,"11,589,331","1,642",2850.0%,79.2%,65.3%,305
Обувь / Чехлы для обуви,Чехлы для обуви,"11,560,227",586,3450.0%,69.1%,45.7%,298
Аксессуары для конкурсов,Аксессуары для конкурсов,"11,559,346",782,3150.0%,79.0%,55.5%,326
Товары для взрослых / Сувениры эротик,Сувениры эротик,"11,552,840",517,2950.0%,88.4%,53.0%,298
Канцтовары / Чертежные доски,Чертежные доски,"11,542,251","1,714",2950.0%,66.7%,63.5%,203
Аксессуары / Обложки,Ложки для прикорма,"11,528,231",640,2650.0%,89.4%,59.5%,321
Накладки для дверных ручек,Накладки для дверных ручек,"11,526,261",647,2850.0%,78.1%,55.7%,195
Зоотовары / Платья для животных,Платья для животных,"11,510,850",863,2150.0%,57.7%,62.4%,197
Оборудование для розлива,Оборудование для розлива,"11,503,782","1,922",2500.0%,100.0%,70.8%,120
Дом / Шкафы-кровати,Шкафы-кровати,"11,495,855","3,975",2650.0%,40.0%,71.7%,23
Продукты / Жиры пищевые,Жиры пищевые,"11,494,916",888,2150.0%,95.7%,69.1%,155
Панели для мультипекаря,Панели для мультипекаря,"11,492,307",989,2450.0%,71.8%,64.2%,100
Чехлы для путешествий,Чехлы для путешествий,"11,477,196","1,272",2750.0%,82.5%,64.9%,170
Детям / Термометры детские,Термометры детские,"11,476,897",827,2650.0%,86.5%,62.3%,296
Продукты / Спирулина,Рули для мототехники,"11,474,051","2,137",2650.0%,79.8%,68.8%,158
Модули управления стеклоподъемниками,Модули управления стеклоподъемниками,"11,469,705","1,264",2650.0%,90.5%,66.5%,184
Дымогенераторы для копчения,Дымогенераторы для копчения,"11,462,939","5,256",2450.0%,87.3%,73.8%,66
Репитеры видеосигнала,Репитеры видеосигнала,"11,459,209",594,2850.0%,100.0%,58.0%,50
Дом / Тюнеры для гитары,Тюнеры для гитары,"11,457,048",847,2850.0%,88.0%,60.8%,120
Противовирусные препараты,Противовирусные препараты,"11,454,286",249,300.0%,87.5%,60.3%,2
Спорт / Тенты,Тенты для скутеров,"11,450,893","1,057",2650.0%,87.4%,64.8%,75
Спорт / Петли тренировочные,Петли тренировочные,"11,446,255","1,187",2750.0%,83.8%,64.5%,182
Дом / Ленты флористические,Ленты флористические,"11,436,942",669,2950.0%,92.9%,57.6%,244
Дом / Утятницы,Утятницы,"11,428,440","2,250",2950.0%,71.8%,65.6%,201
Чехлы на сиденья для мототехники,Чехлы на сиденья для мототехники,"11,427,635","1,178",2650.0%,100.0%,66.7%,138
Сад и дача / Формочки игрушечные,Формочки игрушечные,"11,422,684",906,2350.0%,87.5%,66.4%,127
Акции / Гипс скульптурный,Гипс скульптурный,"11,421,412",510,2450.0%,89.1%,57.9%,136
Сад и дача / Селитра,Селитра,"11,420,638",400,2950.0%,98.5%,50.2%,263
Переходники для плиты,Переходники для плиты,"11,388,538",882,2450.0%,85.2%,64.9%,402
Для ремонта / Краги сварщика,Краги сварщика,"11,383,232",974,3300.0%,67.7%,54.9%,195
Держатели для хранения удилищ,Держатели для хранения удилищ,"11,381,037",660,2950.0%,100.0%,58.4%,136
Пессарии,Пессарии,"11,367,831","1,903",3150.0%,76.3%,63.0%,59
Контроллеры электромагнитного клапана,Контроллеры электромагнитного клапана,"11,357,732",532,3200.0%,60.0%,42.9%,64
Продукты / Пиво безалкогольное,Пиво безалкогольное,"11,357,276",977,2150.0%,94.2%,69.8%,45
Бытовая техника / Насадки для миксеров,Насадки для миксеров,"11,352,927","1,357",2450.0%,100.0%,69.6%,136
Знаки аварийной остановки,Знаки аварийной остановки,"11,351,344",904,2150.0%,79.1%,67.3%,461
Игрушки / Мобили,Веломобили,"11,332,545","12,170",2750.0%,100.0%,71.8%,29
Ложементы для инструментов,Ложементы для инструментов,"11,308,951","1,263",3150.0%,93.8%,61.7%,161
Аксессуары / Сетки для волос,Сетки для волос,"11,299,982",397,3450.0%,88.6%,42.8%,421
Автотовары / Оправки,Оправки,"11,283,291","1,191",2650.0%,80.0%,65.1%,220
Бытовая техника / Ионизаторы воды,Ионизаторы воды,"11,282,587","1,647",2550.0%,90.6%,69.1%,107
Спорт / Каны рыболовные,Каны рыболовные,"11,279,187","1,405",2750.0%,79.3%,65.3%,239
Продукты / Крем-десерты,Крем-десерты,"11,243,661",491,2150.0%,94.2%,61.2%,117
Сад и дача / Лопатки для плавания,Лопатки для плавания,"11,238,269",727,2750.0%,73.6%,57.6%,139
Дом / Трещотки музыкальные,Трещотки музыкальные,"11,232,271",794,2850.0%,100.0%,61.4%,201
Пепельницы автомобильные,Пепельницы автомобильные,"11,230,956","1,045",2650.0%,82.6%,64.2%,457
Для ремонта / Рейки декоративные,Рейки декоративные,"11,184,302","1,097",2050.0%,72.7%,69.5%,104
Комплекты в коляску,Комплекты в коляску,"11,159,555","1,566",2650.0%,82.2%,67.3%,90
Фиксаторы для ковриков,Фиксаторы для ковриков,"11,151,878",546,2450.0%,96.0%,60.2%,254
Дом / Уголь активированный,Уголь активированный,"11,151,227",838,2950.0%,96.3%,60.6%,147
Спорт / Полы для палаток,Полы для палаток,"11,140,952","1,834",2950.0%,92.9%,65.8%,160
Продукты / Гренки,Гренки,"11,135,869",606,2150.0%,95.9%,64.7%,69
Мебель / Полки детские,Полки детские,"11,125,485","2,515",2650.0%,81.9%,69.6%,134
Бытовая техника / Попкорницы,Попкорницы,"11,115,915","1,496",2450.0%,84.5%,69.2%,184
Электроника / Презентеры,Презентеры,"11,109,977","1,394",2450.0%,92.6%,69.3%,188
Продукты / Рахат-лукум,Рахат-лукум,"11,098,818",516,2150.0%,94.0%,62.0%,191
Спорт / Акваноски,Акваноски,"11,096,940","1,262",3450.0%,100.0%,59.2%,77
Здоровье / Компрессионные гетры,Компрессионные боди,"11,094,962",645,2550.0%,100.0%,62.1%,41
Стрелы для лука,Стрелы для лука,"11,086,858","2,837",2750.0%,89.9%,69.4%,126
Фартуки парикмахерские,Фартуки парикмахерские,"11,083,210",759,3250.0%,93.9%,56.3%,226
Оргстекла,Оргстекла,"11,082,110","1,082",2150.0%,77.2%,68.9%,71
Аксессуары / Заколки-бананы,Заколки-бананы,"11,081,676",390,3450.0%,90.3%,42.8%,308
Спорт / Магнезия,Магнезия,"11,076,012",833,2750.0%,94.4%,62.3%,211
Дом / Гамаки,Гамаки для ног,"11,075,093",994,2950.0%,79.8%,60.4%,115
Камеры для шин мотоциклов,Камеры для шин мотоциклов,"11,073,347",842,2650.0%,80.9%,61.8%,152
Сад и дача / Скворечники,Скворечники,"11,050,400",950,2950.0%,87.9%,60.9%,341
Толстовки для малышей,Толстовки для малышей,"11,046,448","1,102",3450.0%,57.2%,52.8%,162
Загустители для волос,Загустители для волос,"11,039,853",576,3250.0%,90.5%,52.1%,365
Продукты / Киноа,Киноа,"11,032,042",670,2150.0%,94.2%,65.8%,100
Тестеры давления масла,Тестеры давления масла,"11,031,344",994,2650.0%,100.0%,65.5%,136
Аксессуары для садовой мебели,Аксессуары для садовой мебели,"11,000,301","1,200",2850.0%,100.0%,64.8%,130
Продукты / Грибы сушеные,Грибы сушеные,"10,993,780",830,2150.0%,94.3%,68.3%,254
Средства для очистки воды,Средства для очистки воды,"10,990,016","1,061",2850.0%,94.0%,63.5%,266
Спорт / Скамейки кемпинговые,Скамейки кемпинговые,"10,988,144","1,903",2750.0%,100.0%,68.3%,55
Аксессуары для тренажеров,Аксессуары для тренажеров,"10,988,136","1,735",2750.0%,93.3%,67.6%,144
Комплектующие к гидравлическим дисковым тормозам,Комплектующие к гидравлическим дисковым тормозам,"10,975,909",587,2750.0%,84.8%,56.4%,104
Формодержатели для сумок,Формодержатели для сумок,"10,974,625",924,3450.0%,100.0%,56.8%,50
Дом / Ложки десертные,Ложки десертные,"10,968,341",665,2950.0%,84.4%,56.3%,453
Зоотовары / Бинты для животных,Бинты для животных,"10,965,741",684,2150.0%,93.6%,66.0%,181
Акции / Метроном,Метрономы,"10,940,317","1,449",2750.0%,100.0%,67.0%,175
Товары для взрослых / Платья эротик,Платья эротик,"10,925,429","1,060",2950.0%,63.0%,58.5%,113
Автотовары / Петли бортовые,Бортовые компьютеры,"10,914,883",874,2750.0%,100.0%,63.3%,123
Автотовары / Автоиконы,Автоиконы,"10,914,426",501,2650.0%,86.0%,54.9%,208
Дом / Тамбурины,Тамбурины,"10,888,781","2,085",2850.0%,100.0%,67.7%,174
Спорт / Ролики,Ролики конвейерные,"10,884,660","1,978",2650.0%,100.0%,69.5%,32
Дом / Чаши поющие,Чаши для кальянов,"10,884,646",873,2850.0%,82.7%,60.4%,95
Подогреватели пищи электрические,Подогреватели пищи электрические,"10,882,322","3,292",2550.0%,100.0%,72.1%,163
Бытовая техника / Термошапки для волос,Термошапки для волос,"10,868,071",992,2550.0%,87.8%,65.3%,160
Автотовары / Чехлы,Чехлы для зонтов,"10,864,249","1,498",3450.0%,100.0%,60.2%,168
Плоскогубцы рыболовные,Плоскогубцы рыболовные,"10,863,956",507,2750.0%,88.9%,54.7%,197
Товары для взрослых / Плетки эротик,Плетки эротик,"10,863,594","1,289",2950.0%,84.4%,63.1%,219
Зубные щетки для животных,Зубные щетки для животных,"10,852,151",721,2150.0%,94.2%,66.7%,318
Бытовая техника / Яйцеварки,Яйцеварки,"10,846,363","1,603",2450.0%,83.3%,69.5%,228
Детям / Уголки детские,Уголки детские,"10,841,097",713,2650.0%,84.0%,60.2%,145
Вешалки автомобильные,Вешалки автомобильные,"10,829,302",769,2650.0%,86.0%,61.4%,397
Дом / Манжеты для шитья,Манжеты для шитья,"10,810,109",405,2950.0%,69.4%,42.0%,145
Китайские палочки для волос,Китайские палочки для волос,"10,779,592",545,3450.0%,84.4%,48.1%,324
Автотовары / Полироли фар,Полироли фар,"10,770,660",598,2650.0%,89.1%,58.5%,285
Мебель / Табуреты плетеные,Табуреты плетеные,"10,768,028","2,112",2650.0%,88.3%,69.2%,92
Комплектующие для доильных аппаратов,Комплектующие для доильных аппаратов,"10,766,990","1,152",2150.0%,90.8%,70.9%,122
Тренажеры реабилитационные,Тренажеры реабилитационные,"10,762,125","1,427",3250.0%,77.9%,60.3%,266
Игрушки / Бронетехника,Бронетехника,"10,742,042","1,604",2850.0%,81.8%,65.4%,172
Мебель / Тумбы для прихожей,Тумбы для прихожей,"10,721,215","3,003",2650.0%,85.7%,70.4%,92
Дом / Безмены,Безмены,"10,701,288",619,2950.0%,88.0%,55.8%,571
Стаканы для рисования,Стаканы для рисования,"10,685,886",710,2450.0%,94.3%,63.6%,306
Спорт / Шингарты,Шингарты,"10,680,111",706,2950.0%,66.7%,53.5%,57
Пистолеты топливораздаточные,Пистолеты топливораздаточные,"10,675,789","1,266",2650.0%,100.0%,67.2%,70
Генераторы водородной воды,Генераторы водородной воды,"10,673,016","1,691",2750.0%,89.1%,67.2%,116
Вагинальные тренажеры,Вагинальные тренажеры,"10,662,125","1,397",2950.0%,88.9%,64.1%,130
Шейки оси автомобильные,Шейки оси автомобильные,"10,656,329","1,128",2650.0%,100.0%,66.4%,79
Мебель / Системы,Системы Джокер,"10,641,288",531,2650.0%,88.0%,56.4%,181
Комплектующие для ворот и калиток,Комплектующие для ворот и калиток,"10,638,888","1,132",2850.0%,100.0%,64.4%,77
Продукты / Чай детский,Чай детский,"10,624,106",550,1950.0%,93.8%,65.0%,156
Дом / Носки для подарков,Носки для подарков,"10,600,966",615,3250.0%,92.7%,53.5%,298
Автотовары / Багажные боксы,Багажные отсеки,"10,599,944","1,481",2650.0%,100.0%,68.1%,85
Обувь / Ледоступы,Ледоступы,"10,595,659",507,2750.0%,84.0%,53.7%,514
Аккумуляторы для квадрокоптеров,Аккумуляторы для квадрокоптеров,"10,593,697","2,938",2750.0%,83.1%,69.2%,104
Чехлы для DJ оборудования,Чехлы для DJ оборудования,"10,591,582","1,988",3450.0%,63.2%,59.1%,53
Дом / Игольницы,Игольницы,"10,569,850",511,2450.0%,90.3%,58.2%,428
Дом / Педали для барабанов,Педали для барабанов,"10,567,436",917,2850.0%,100.0%,62.8%,70
Мембраны для гидроаккумулятора,Мембраны для гидроаккумулятора,"10,566,505","1,340",2750.0%,80.2%,65.1%,150
Женщинам / Подкладки для бретелей,Подкладки монтажные,"10,556,256",781,2850.0%,50.0%,51.0%,68
Аттрактанты рыболовные,Аттрактанты рыболовные,"10,546,756",801,2750.0%,91.1%,61.5%,179
Пластыри для похудения,Пластыри для похудения,"10,516,780",471,2550.0%,96.3%,56.9%,623
Сад и дача / Арки,Арки межкомнатные,"10,514,660","5,534",2850.0%,81.0%,69.7%,10
Электроника / Кейсы для камер,Кейсы для камер,"10,509,991","1,239",2850.0%,67.5%,61.9%,194
Дом / Фоторамки магнитные,Фоторамки магнитные,"10,504,607","1,400",2950.0%,80.6%,63.4%,178
Автотовары / Чехлы,Чехлы для колясок,"10,500,979",867,2650.0%,85.5%,62.7%,155
Гипсокартон и листовые материалы,Гипсокартон и листовые материалы,"10,496,222","1,382",2350.0%,100.0%,70.7%,17
Канцтовары / Антистеплеры,Антистеплеры,"10,494,065",621,2450.0%,91.9%,61.5%,227
Дом / Лекало,Лекало,"10,481,025",674,2950.0%,92.2%,57.6%,257
Возбуждающие препараты,Возбуждающие препараты,"10,479,624",746,2950.0%,79.5%,57.0%,184
Электроника / Фонокорректоры,Фонокорректоры,"10,464,071",759,2750.0%,100.0%,62.0%,45
Канцтовары / Гостевые книги,Гостевые книги,"10,462,376",765,2950.0%,81.1%,57.6%,264
Тросы для мототехники,Тросы для мототехники,"10,449,241",751,2650.0%,83.1%,60.7%,224
Спорт / Мази лыжные,Мази лыжные,"10,435,473","1,572",2900.0%,90.0%,65.3%,113
Спорт / Подушки для растяжки,Подушки для растяжки,"10,432,746",889,2750.0%,84.4%,61.8%,138
Чехлы для чистки кондиционера,Чехлы для чистки кондиционера,"10,431,675","1,994",2950.0%,100.0%,66.5%,89
Спорт / Спортивные мази,Спортивные мази,"10,420,639",503,2550.0%,89.6%,56.7%,421
Клей для наращивания волос,Клей для наращивания волос,"10,418,590",583,3250.0%,89.3%,52.1%,110
Дом / Крысоловки,Крысоловки,"10,414,667",659,2950.0%,86.1%,56.4%,239
Крылья для мототехники,Крылья для мототехники,"10,399,524","1,123",2650.0%,75.7%,64.1%,141
Перчатки косметические,Перчатки косметические,"10,393,981",604,2750.0%,90.3%,57.8%,451
Электроника / Поисковые устройства,Поисковые магниты,"10,373,539",703,2750.0%,66.7%,55.4%,133
Уходовые средства эротик,Уходовые средства эротик,"10,356,639",677,2950.0%,100.0%,58.7%,200
Дом / Почтовые марки,Почтовые марки,"10,342,673",497,2950.0%,95.0%,53.6%,73
Здоровье / Виниры накладные,Виниры накладные,"10,325,984",566,2750.0%,92.6%,57.2%,237
Дом / Формы для сыра,Формы для сыра,"10,317,312",980,2950.0%,75.9%,59.7%,316
Канцтовары / Тубусы,Тубусы,"10,310,430",963,2950.0%,58.3%,56.3%,306
Спорт / Баулы хоккейные,Баулы хоккейные,"10,308,998","1,969",2750.0%,81.6%,67.5%,75
Лечение мочеполовой системы у животных,Лечение мочеполовой системы у животных,"10,300,116",692,1750.0%,78.6%,67.8%,76
Спорт / Защитные ленты,Защитные ленты,"10,289,342",575,2750.0%,91.4%,57.3%,322
Держатели для балконных ящиков,Держатели для балконных ящиков,"10,282,427","1,388",2950.0%,87.2%,63.9%,115
Электроника / Дверные звонки,Звонки настольные,"10,272,495",880,2950.0%,64.7%,56.5%,312
Красота / Колпачки для ногтей,Колпачки для ногтей,"10,269,827",719,3250.0%,92.8%,55.5%,126
Дом / Тренажеры гитарные,Тренажеры гитарные,"10,260,887",757,2850.0%,100.0%,60.9%,116
Щетки для робот-пылесосов,Щетки для робот-пылесосов,"10,252,563","1,012",2550.0%,90.6%,65.8%,247
Замковые устройства для автоприцепов,Замковые устройства для автоприцепов,"10,244,075","1,224",2650.0%,100.0%,67.0%,101
Автотовары / Подъемная панель крыши,Крыши автомобильные,"10,232,258",976,2650.0%,68.1%,61.5%,108
Акции / Полоски для век,Индикаторные полоски,"10,201,276",915,2550.0%,92.7%,65.1%,125
Щетки для мытья бутылочек,Щетки для мытья бутылочек,"10,201,098",704,2650.0%,91.6%,61.1%,402
Дом / Зажимы для пакетов,Зажимы для пакетов,"10,200,077",542,2450.0%,95.5%,60.0%,483
Столы для предметной съемки,Столы для предметной съемки,"10,166,379","3,164",2850.0%,83.0%,68.5%,53
Аксессуары / Сумки,Сумки медицинские,"10,138,065","1,184",2550.0%,60.0%,63.2%,294
Органайзеры для подгузников,Органайзеры для подгузников,"10,132,908","1,102",2650.0%,100.0%,66.2%,79
Игрушки / Лабиринты,Лабиринты,"10,109,966","1,142",2850.0%,88.7%,63.6%,407
Для ремонта / Модульная плитка,Модульная плитка,"10,109,256","3,060",2850.0%,95.2%,68.8%,92
Бытовая техника / Расчески лазерные,Расчески лазерные,"10,105,720","1,382",2550.0%,81.9%,67.4%,94
Электроприводы для крышек багажников,Электроприводы для крышек багажников,"10,102,627","2,585",2650.0%,100.0%,70.4%,92
Комплектующие для инвалидных колясок,Комплектующие для инвалидных колясок,"10,099,707","1,544",3250.0%,95.8%,62.1%,129
Автотовары / Лампы сигнальные,Сигнальные приборы,"10,030,234",909,2850.0%,89.3%,61.6%,173
Канцтовары / Магнитный винил,Магнитный винил,"10,012,879",621,2950.0%,92.6%,56.6%,184
Дом / Ветчинницы,Ветчинницы,"10,006,474","1,505",2950.0%,92.0%,64.7%,154
Скрадки маскировочные,Скрадки маскировочные,"10,005,930","1,465",2950.0%,74.5%,63.2%,91
Красота / Масла,Масла вилочные,"9,989,826","1,566",2650.0%,100.0%,68.4%,111
Комплектующие для сайдинга,Комплектующие для сайдинга,"9,983,819","1,604",2850.0%,100.0%,66.5%,68
Светильники для террариумов,Светильники для террариумов,"9,960,545","1,508",2150.0%,80.0%,71.9%,134
Лестницы для бассейнов,Лестницы для бассейнов,"9,947,067","3,958",2850.0%,62.5%,68.3%,109
Женщинам / Плавки,Плавки для малышей,"9,943,251",624,3450.0%,58.5%,43.6%,88
Автотовары / Столбики парковочные,Столбики парковочные,"9,939,887","1,642",2650.0%,63.4%,65.8%,84
Канцтовары / Электроточилки,Электроточилки,"9,923,138","1,793",2750.0%,70.0%,66.1%,168
Реставрационные материалы,Реставрационные материалы,"9,920,753",693,2050.0%,88.6%,66.5%,197
Для ремонта / Бруски строительные,Бруски строительные,"9,907,977",818,2050.0%,100.0%,69.7%,117
Дом / Кисточки кулинарные,Кисточки кулинарные,"9,905,592",537,2450.0%,87.5%,58.5%,642
Дом / Кокотницы,Кокотницы,"9,899,711","1,288",2950.0%,87.5%,63.4%,303
Автотовары / Впускные трубы,Впускные трубы,"9,895,618","1,748",2650.0%,77.0%,67.6%,81
Предсказания сувенирные,Предсказания сувенирные,"9,887,786","1,110",3250.0%,88.1%,59.3%,306
Подушечки для смачивания пальцев,Подушечки для смачивания пальцев,"9,867,455",670,2450.0%,90.2%,62.3%,143
Для ремонта / Пробки для ванной,Пробки для ванной,"9,852,245",528,2250.0%,85.8%,59.8%,396
Подушки противопролежневые,Подушки противопролежневые,"9,847,197","1,413",2550.0%,78.5%,67.3%,179
Продукты / Коктейли злаковые,Коктейли злаковые,"9,842,288","1,277",2150.0%,89.1%,71.5%,165
Комплектующие для жалюзи,Комплектующие для жалюзи,"9,841,568",608,2450.0%,88.0%,60.5%,182
Телескопические указки,Телескопические указки,"9,840,428",593,2750.0%,76.5%,54.9%,366
Автотовары / Фильтры,Фильтры для поилки,"9,829,103",908,2150.0%,94.0%,69.1%,233
Для ремонта / Уголки металлические,Уголки металлические,"9,816,933",867,2850.0%,80.0%,60.0%,166
Для ремонта / Праймеры битумные,Праймеры битумные,"9,794,308","2,296",2050.0%,100.0%,76.0%,53
Ремкомплекты для стекол,Ремкомплекты для стекол,"9,788,390",632,2650.0%,92.4%,59.8%,164
Спорт / Лыжные палки,Лыжные палки,"9,785,576","1,289",2950.0%,69.2%,61.5%,49
Спорт / Якоря,Якоря,"9,783,888","1,854",2750.0%,97.2%,68.1%,112
Акции / Жгут,Жгуты,"9,779,828",908,2750.0%,90.8%,62.8%,62
Сундучки для рукоделия,Сундучки для рукоделия,"9,779,602","1,362",2950.0%,100.0%,64.6%,193
Продукты / Гранола,Гранола,"9,758,917",669,2150.0%,94.1%,65.8%,94
Дом / Порожки для гитар,Порожки для гитар,"9,742,453",663,2850.0%,100.0%,59.4%,82
Препараты для опорно-двигательного аппарата,Препараты для опорно-двигательного аппарата,"9,718,686",407,300.0%,100.0%,77.3%,2
Аксессуары для коньков,Аксессуары для коньков,"9,714,556","1,424",2750.0%,73.1%,64.8%,208
Дом / Мерные ложки,Мерные ложки,"9,709,654",645,2950.0%,90.2%,56.7%,550
Для ремонта / Заглушки для розеток,Заглушки для розеток,"9,707,923",624,2150.0%,91.8%,64.5%,275
Продукты / Коржи,Коржи,"9,706,024",743,2150.0%,94.1%,67.1%,112
Для ремонта / Полок для бани,Полок для бани,"9,696,092","2,335",2850.0%,100.0%,68.1%,103
Спорт / Топоры,Опоры для оружия,"9,695,450","1,137",2950.0%,79.0%,61.6%,126
Спорт / Брусья,Брусья,"9,690,620","4,950",2750.0%,100.0%,70.9%,47
Аксессуары для паровых станций,Аксессуары для паровых станций,"9,688,368","2,006",2550.0%,100.0%,70.5%,129
Фетальные допплеры,Фетальные допплеры,"9,684,648","1,102",3150.0%,80.4%,59.5%,150
Аксессуары / Шапки,Шапки для животных,"9,673,726",581,2150.0%,56.8%,54.3%,341
Успокоительные препараты для животных,Успокоительные препараты для животных,"9,651,723",891,1650.0%,84.7%,72.9%,68
Органайзеры для косметических инструментов,Органайзеры для косметических инструментов,"9,649,020",766,3250.0%,76.5%,53.8%,361
Канцтовары / Тесто для лепки,Тесто для лепки,"9,628,267",682,2950.0%,91.0%,57.6%,332
Спорт / Варежки спортивные,Варежки спортивные,"9,623,240","1,124",2950.0%,51.9%,56.8%,161
Юбки рабочие,Юбки рабочие,"9,622,815","1,669",3450.0%,27.4%,48.0%,28
Пульты для кондиционеров,Пульты для кондиционеров,"9,608,235","1,144",2750.0%,87.1%,64.5%,178
Дом / Полки,Полки для клеток,"9,593,292",892,2150.0%,75.8%,66.7%,86
Красота / Масла,Масла компрессорные,"9,591,954","1,971",3150.0%,100.0%,64.4%,120
Сад и дача / Термометры для воды,Термометры для воды,"9,573,775",901,2650.0%,94.4%,64.1%,321
Товары для взрослых / Кляпы эротик,Кляпы эротик,"9,564,117","1,063",2950.0%,85.0%,61.6%,153
Продукты / Разрыхлители,Разрыхлители,"9,553,623",501,2150.0%,94.7%,61.6%,230
Дом / Фонари новогодние,Фонари новогодние,"9,552,297","1,516",3250.0%,68.7%,59.8%,334
Трещотки велосипедные,Трещотки велосипедные,"9,548,397",988,2750.0%,92.1%,63.7%,160
Игрушки / Фиджет спиннер,Фиджет спиннеры,"9,544,643",896,2350.0%,90.2%,66.6%,229
Тренажеры для сенсорной интеграции,Тренажеры для сенсорной интеграции,"9,540,856","1,419",3250.0%,90.9%,61.3%,83
Карандаши строительные,Карандаши строительные,"9,530,980",547,3150.0%,94.8%,53.1%,421
Продукты / Соя,Соя,"9,529,362",552,2150.0%,94.3%,63.1%,154
Дом / Небесные фонарики,Небесные фонарики,"9,526,382",754,3250.0%,87.0%,55.3%,209
Автотовары / Датчики уровня воды,Датчики уровня воды,"9,523,521","1,358",2650.0%,95.4%,67.3%,116
Диспенсеры для покрытий на унитаз,Диспенсеры для покрытий на унитаз,"9,521,341","1,046",2950.0%,100.0%,62.9%,91
Мужчинам / Вкладыши пуш-ап,Вкладыши пуш-ап,"9,513,027",302,3450.0%,81.4%,33.0%,182
Сад и дача / Пугала садовые,Пугала садовые,"9,495,046",584,2950.0%,100.0%,56.8%,164
Салфетки для мытья посуды,Салфетки для мытья посуды,"9,486,604",905,2450.0%,94.1%,66.1%,518
Комплектующие натяжного потолка,Комплектующие натяжного потолка,"9,484,555",420,2850.0%,88.8%,50.0%,148
Охладители для бутылок,Охладители для бутылок,"9,454,767",871,2750.0%,100.0%,63.3%,87
Клипсы и расширители для пояса,Клипсы и расширители для пояса,"9,451,650",685,3450.0%,83.3%,51.5%,114
Майки бельевые для малышей,Майки бельевые для малышей,"9,449,130",396,3450.0%,76.6%,39.1%,143
Автотовары / Муфты на руль,Муфты на руль,"9,442,545",847,2650.0%,86.7%,62.6%,159
Мужчинам / Маски многоразовые,Маски многоразовые,"9,437,041",405,2350.0%,89.8%,54.5%,322
Красота / Палитры для лаков,Палитры для лаков,"9,434,047",357,2750.0%,87.0%,46.7%,376
Отбеливатели древесины,Отбеливатели древесины,"9,430,585","1,544",2850.0%,93.3%,65.9%,87
Для ремонта / Полкодержатели,Полкодержатели,"9,426,153",516,2150.0%,87.0%,60.7%,330
Спорт / Защита груди женская,Защита груди женская,"9,402,079",996,3450.0%,35.2%,42.7%,74
Аксессуары для заправки и замены масла,Аксессуары для заправки и замены масла,"9,400,548",986,2850.0%,96.6%,63.1%,69
Полотна противопожарные,Полотна противопожарные,"9,374,409","1,287",2850.0%,89.7%,64.6%,191
Ванночки для животных,Ванночки для животных,"9,360,178","1,272",2150.0%,85.9%,71.2%,323
Зоотовары / Боксы для рулеток,Боксы для рулеток,"9,358,288","1,018",2150.0%,100.0%,70.6%,179
Спорт / Подушки для кувырков,Подушки для кувырков,"9,354,728",549,2750.0%,100.0%,57.9%,52
Продукты / Каши детские,Каши для собак,"9,348,501",862,2150.0%,100.0%,69.2%,92
Спорт / Вертлюги рыболовные,Вертлюги рыболовные,"9,322,200",295,2750.0%,92.6%,43.2%,281
Подставки для мотоциклов,Подставки для мотоциклов,"9,311,889","1,141",2600.0%,66.7%,63.5%,148
Здоровье / Пульсоксиметр,Пульсоксиметры,"9,305,388",886,2550.0%,85.9%,64.0%,62
Комбинезоны медицинские,Комбинезоны медицинские,"9,297,381","2,252",3350.0%,60.9%,60.7%,36
Продукты / Мел и глина пищевые,Мел и глина пищевые,"9,289,778",276,2150.0%,93.4%,47.5%,111
Продукты / Сушки,Сушки,"9,271,908",582,2150.0%,94.7%,64.0%,157
Чехлы для стиральных машин,Чехлы для стиральных машин,"9,263,038",980,3450.0%,85.9%,56.0%,126
Дом / Вилки десертные,Вилки десертные,"9,248,365",758,2950.0%,82.6%,57.7%,282
Автотовары / Мочевина,Мочевина,"9,238,501","2,062",2650.0%,96.4%,69.5%,71
Бытовая техника / Ножевые блоки,Ножевые блоки,"9,228,679","2,114",2550.0%,71.4%,69.2%,106
Подкатные тележки для снегохода,Подкатные тележки для снегохода,"9,227,299","5,874",2650.0%,100.0%,72.1%,19
Дом / Кофейники,Кофейники,"9,222,774","2,078",2950.0%,86.7%,66.1%,361
Сад и дача / Подковы сувенирные,Подковы сувенирные,"9,209,748",751,2950.0%,82.7%,57.6%,309
Продукты / Рыба сушеная,Рыба сушеная,"9,204,599",868,2150.0%,93.9%,68.7%,116
Дом / Рукава для запекания,Рукава для запекания,"9,192,459",710,2450.0%,96.6%,63.8%,312
Шпатели косметические,Шпатели косметические,"9,188,411",440,2750.0%,93.4%,53.0%,300
Дом / Балалайки,Балалайки,"9,184,778","8,699",2850.0%,100.0%,70.6%,35
Продукты / Овес,Овес,"9,178,650",415,1650.0%,95.9%,63.4%,128
Термопрессы для сублимации,Термопрессы для сублимации,"9,169,300","7,524",2550.0%,82.5%,73.2%,49
Силиконовая защита для пяток,Силиконовая защита для пяток,"9,154,574",372,3450.0%,93.0%,42.4%,324
Овощечистки электрические,Овощечистки электрические,"9,148,138",927,2450.0%,64.3%,62.1%,185
Товары для взрослых / Пролонгаторы,Пролонгаторы,"9,147,419",935,2950.0%,92.5%,61.3%,253
Запчасти для варочных панелей,Запчасти для варочных панелей,"9,130,036","1,955",2850.0%,73.5%,65.9%,121
Красители для эпоксидной смолы,Красители для эпоксидной смолы,"9,119,409",311,2950.0%,91.9%,42.5%,138
Патроны для игрушечного оружия,Патроны для игрушечного оружия,"9,112,632",727,2850.0%,91.7%,59.5%,225
Для ремонта / Профнастилы,Профнастилы,"9,108,553","5,901",2850.0%,81.6%,69.8%,29
Дом / Полки,Полки для икон,"9,106,662","1,640",3450.0%,90.2%,60.1%,83
Продукты / Сухпайки,Сухпайки,"9,098,797","1,025",2150.0%,87.0%,69.5%,56
Сад и дача / Ленты для растений,Ленты для растений,"9,091,796",582,2450.0%,93.0%,60.7%,274
Для ремонта / Мел,Мел,"9,087,665",420,2850.0%,95.4%,51.5%,147
Ванночки для лежачих больных,Ванночки для лежачих больных,"9,086,475","1,658",2500.0%,81.7%,69.1%,92
Простыни электрические,Простыни электрические,"9,082,747","2,712",2550.0%,78.1%,70.7%,95
Жидкости для снятия этикеток,Жидкости для снятия этикеток,"9,079,148",896,2950.0%,94.7%,61.1%,276
Мужчинам / Забродники,Забродники,"9,045,868","1,728",3450.0%,75.0%,59.3%,77
Акции / Фонарик бытовой,Фонари игрушечные,"9,041,640",961,2850.0%,93.4%,62.6%,195
Для ремонта / Люки канализационные,Люки канализационные,"9,022,801","1,631",2050.0%,100.0%,74.6%,62
Дом / Гамаки,Гамаки для йоги,"9,019,893","1,758",2750.0%,100.0%,67.9%,140
Дом / Фиксаторы для одеяла,Фиксаторы для одеяла,"9,007,662",577,2950.0%,94.5%,55.8%,161
Подголовники для бани,Подголовники для бани,"8,985,600","1,818",2850.0%,76.2%,65.7%,255
Электроника / AV-ресиверы,AV-ресиверы,"8,984,763","1,673",2800.0%,58.3%,63.8%,50
Красота / Воск для бровей,Воск для бровей,"8,977,083",582,3250.0%,91.6%,52.5%,266
Сад и дача / Щетки уличные,Щетки уличные,"8,970,702","1,128",2950.0%,89.2%,62.5%,183
Для ремонта / Правила строительные,Правила строительные,"8,947,301",631,3150.0%,77.1%,52.1%,102
Ювелирные изделия / Ювелирные комплекты,Ювелирные комплекты,"8,943,496",713,3300.0%,88.9%,54.4%,103
Здоровье / Носилки,Носилки,"8,925,869","4,922",3250.0%,81.1%,65.5%,84
Для ремонта / Формы для бетона,Формы для бетона,"8,924,553","1,284",2850.0%,85.7%,64.2%,77
Дом / Маркеры для ткани,Маркеры для ткани,"8,924,141",779,2450.0%,94.7%,64.7%,287
Мужчинам / Юбки медицинские,Клеенки медицинские,"8,903,149",637,2550.0%,86.7%,60.0%,126
Автотовары / Жидкое стекло,Жидкое стекло,"8,897,802",765,2650.0%,83.3%,61.0%,178
Дом / Совки для продуктов,Совки для продуктов,"8,891,568",995,2450.0%,81.1%,65.6%,255
Присоски для снятия дисплея,Присоски для снятия дисплея,"8,883,959",699,2950.0%,83.3%,56.8%,66
Передатчики видеосигнала,Передатчики видеосигнала,"8,874,756","1,915",2850.0%,100.0%,67.3%,87
Спорт / Крепления для лыж,Крепления для лыж,"8,872,693",940,2900.0%,76.9%,59.9%,216
Шпульки для швейных машин,Шпульки для швейных машин,"8,870,499",485,2450.0%,94.7%,58.1%,365
Для ремонта / Дозиметры,Дозиметры,"8,854,302","2,979",2750.0%,100.0%,69.8%,121
Вкладыши в спальные мешки,Вкладыши в спальные мешки,"8,852,483","1,448",2750.0%,68.0%,64.4%,77
Недоуздки,Недоуздки,"8,845,344","1,367",2950.0%,61.5%,61.0%,133
Минеральные камни для животных,Минеральные камни для животных,"8,842,151",504,1650.0%,93.2%,66.5%,278
Красота / Микробраши,Микробраши,"8,828,724",404,2750.0%,89.9%,50.5%,267
Дом / Джембе,Джембе,"8,814,557","2,034",2850.0%,100.0%,67.6%,116
Дом / Корзинки для фритюра,Корзинки для фритюра,"8,797,881","1,418",2950.0%,78.2%,63.3%,284
Наборы для чистки аквариумов,Наборы для чистки аквариумов,"8,785,445",805,2150.0%,100.0%,68.6%,367
Преобразователи давления,Преобразователи давления,"8,775,039","2,589",2650.0%,50.0%,67.3%,47
Газовые обогреватели туристические,Газовые обогреватели туристические,"8,771,803","1,550",2750.0%,83.0%,66.3%,155
Аксессуары / Шапки для сна,Шапки для сна,"8,771,299",395,3450.0%,82.5%,41.0%,125
Спорт / Системы велосипедные,Системы велосипедные,"8,754,897","1,359",2750.0%,92.3%,66.1%,125
Электроника / Доводчики мебельные,Доводчики мебельные,"8,743,497",502,2850.0%,88.5%,53.5%,224
Для ремонта / Ванночки малярные,Ванночки малярные,"8,743,032",808,3150.0%,80.0%,56.1%,198
Для ремонта / Окна под заказ,Окна под заказ,"8,742,398","15,195",2850.0%,86.5%,70.9%,37
Женщинам / Вкладыши,Вкладыши для сапог,"8,741,705",654,3450.0%,51.1%,41.6%,128
Дом / Насадки на кран,Насадки для бензопил,"8,733,451","1,121",3150.0%,91.0%,60.7%,131
Товары для взрослых / Уретральные зонды,Зонды логопедические,"8,728,478",840,3050.0%,75.0%,56.8%,102
Молокоотсосы механические,Молокоотсосы механические,"8,707,497",971,2650.0%,80.6%,63.3%,245
Корректоры угла наклона фар,Корректоры угла наклона фар,"8,692,705",879,2650.0%,100.0%,64.4%,139
Для ремонта / Шканты мебельные,Шканты мебельные,"8,690,325",815,2650.0%,89.3%,62.5%,231
Дом / Вкладыши для посуды,Вкладыши для посуды,"8,681,293",835,2950.0%,95.1%,60.4%,133
Муляжи камер видеонаблюдения,Муляжи камер видеонаблюдения,"8,673,709",990,2450.0%,78.0%,65.1%,393
Автотовары / Тормозные ленты,Тормозные ленты,"8,669,446",428,2650.0%,100.0%,54.8%,80
Подставки для варки на пару,Подставки для варки на пару,"8,664,938",905,2950.0%,100.0%,61.7%,188
Автотовары / Чехлы,Чехлы для ручек,"8,664,253",530,3450.0%,86.4%,48.0%,130
Диффузоры для животных,Диффузоры для животных,"8,658,073",950,2150.0%,78.8%,67.8%,65
Палочки для гимнастических лент,Палочки для гимнастических лент,"8,656,532",673,2750.0%,77.8%,57.2%,131
Таблички для ванны и туалета,Таблички для ванны и туалета,"8,636,671",863,2950.0%,66.7%,56.6%,273
Канцтовары / Пасты художественные,Пасты художественные,"8,636,242",703,2950.0%,87.7%,57.5%,124
Автотовары / Рефрактометры,Рефрактометры,"8,626,246","1,936",2650.0%,94.5%,69.1%,107
Автотовары / Чехлы,Чехлы для сноубордов,"8,621,442","2,221",2950.0%,55.7%,64.0%,69
Конвертеры видеосигнала,Конвертеры видеосигнала,"8,621,245",934,2250.0%,85.2%,67.4%,186
Продукты / Крахмал,Крахмал,"8,612,130",523,1650.0%,95.2%,67.4%,186
Спорт / Питьевые системы,Питьевые системы,"8,610,881","1,357",2750.0%,84.2%,65.5%,217
Аксессуары для мультиварок,Аксессуары для мультиварок,"8,602,009","1,652",2450.0%,80.1%,69.5%,168
Специнструменты для мототехники,Специнструменты для мототехники,"8,601,766",735,1850.0%,92.0%,69.7%,274
Здоровье / Пастилки для горла,Пастилки для горла,"8,595,188",891,2550.0%,92.5%,64.8%,186
Дом / Фитили для свечей,Фитили для свечей,"8,592,736",524,2950.0%,89.0%,53.3%,314
Дом / Коврики барные,Коврики барные,"8,582,383","1,040",2450.0%,89.9%,66.9%,304
Акции / Хьюмидоры,Хьюмидоры,"8,580,825","2,355",2850.0%,50.0%,64.7%,86
Точилки косметические,Точилки косметические,"8,579,550",460,2750.0%,93.0%,53.8%,286
Наклейки для мототехники,Наклейки для мототехники,"8,559,453","1,332",2650.0%,74.7%,65.5%,199
Ящики навесные для прицепов,Ящики навесные для прицепов,"8,549,593","2,302",2650.0%,81.1%,69.2%,40
Спорт / Коктейли протеиновые,Коктейли протеиновые,"8,510,885","1,871",2550.0%,93.3%,69.9%,35
Искусственная кожа для практики,Искусственная кожа для практики,"8,510,854",477,3150.0%,83.2%,48.4%,317
Мужчинам / Бретели,Бретели,"8,498,818",396,3450.0%,90.3%,43.1%,240
Ювелирные изделия / Ювелирные иконы,Ювелирные иконы,"8,494,904",903,3300.0%,100.0%,58.1%,49
Макивары,Макивары,"8,485,609","1,005",2750.0%,82.6%,62.9%,105
Аксессуары / Темляки,Темляки,"8,482,984",613,3450.0%,86.7%,50.4%,182
Дом / Орехоколы,Орехоколы,"8,480,838",848,2950.0%,91.8%,60.2%,394
Спорт / Визоры,Визоры,"8,478,730","1,010",2750.0%,83.3%,63.0%,112
Термолонгсливы спортивные,Термолонгсливы спортивные,"8,473,081","1,818",3450.0%,28.1%,49.9%,72
Пистолеты для пирсинга,Пистолеты для пирсинга,"8,468,656",498,2750.0%,89.8%,54.6%,86
Электроника / Ретрансляторы,Ретрансляторы,"8,466,437","1,621",2450.0%,100.0%,70.6%,67
Антиэмболические чулки,Антиэмболические чулки,"8,464,393",647,2500.0%,65.7%,56.2%,63
Средства для чистки грилей,Средства для чистки грилей,"8,450,172","1,118",2850.0%,100.0%,64.3%,105
Товары для взрослых / Портупеи эротик,Портупеи эротик,"8,445,785",836,2950.0%,77.1%,58.1%,133
Мебель / Ящики,Ящики гардеробные,"8,440,389","3,188",2650.0%,93.3%,70.8%,67
Спорт / Воланы,Воланы,"8,439,911","1,234",2750.0%,91.5%,65.4%,367
Украшения для бутылок,Украшения для бутылок,"8,430,416",526,3250.0%,80.4%,48.6%,356
Дом / Казу,Казу,"8,429,088",430,2850.0%,100.0%,52.9%,316
Дом / Педали для клавишных,Педали для клавишных,"8,424,630","1,756",2850.0%,72.7%,65.2%,212
Кессоны и оголовки для скважин,Кессоны и оголовки для скважин,"8,383,484","2,315",2950.0%,100.0%,67.0%,84
Товары для взрослых / Маски эротик,Маски эротик,"8,380,726",870,2950.0%,74.8%,58.2%,226
Автотовары / Багажные сетки,Багажные сетки,"8,370,422",747,2650.0%,91.4%,61.8%,496
Коврики для пайки,Коврики для пайки,"8,369,760","1,061",3150.0%,89.4%,60.1%,122
Лосьоны для кожи салона,Лосьоны для кожи салона,"8,367,080",452,2650.0%,90.0%,53.8%,202
Для ремонта / Подоконник,Подоконники,"8,366,490","9,111",2850.0%,85.7%,70.5%,82
Мужчинам / Джаммеры,Джаммеры,"8,362,845","3,888",3450.0%,52.8%,61.6%,31
Наборы для каллиграфии,Наборы для каллиграфии,"8,360,563","1,371",2950.0%,88.2%,63.9%,217
Зоотовары / Спринцовки для животных,Спринцовки,"8,338,990",528,3150.0%,88.6%,51.4%,144
Смазки для откручивания,Смазки для откручивания,"8,338,600",784,3150.0%,100.0%,58.3%,83
Тележки гидравлические,Тележки гидравлические,"8,338,401","1,484",3050.0%,94.8%,63.8%,39
Красота / Очищающие полоски,Очищающие полоски,"8,333,497",495,3250.0%,93.8%,50.3%,367
Сад и дача / Кормушки садовые,Кормушки бункерные,"8,323,052","1,058",2150.0%,88.9%,70.0%,111
Подставки под системные блоки,Подставки под системные блоки,"8,303,269","1,540",2650.0%,100.0%,68.3%,96
Спорт / Кассеты велосипедные,Кассеты велосипедные,"8,296,024","1,493",2750.0%,86.4%,66.3%,147
Концевики велосипедные,Концевики велосипедные,"8,292,857",366,2750.0%,100.0%,50.6%,56
Бытовая техника / Термощупы,Щупы магнитные,"8,283,113",679,2650.0%,93.8%,60.9%,371
Сад и дача / Травосборники,Травосборники,"8,277,754","1,356",2850.0%,100.0%,65.6%,46
Обувь / Колодки обувные,Колодки обувные,"8,269,866",903,3450.0%,84.3%,55.0%,106
Красота / DD-кремы,DD-кремы,"8,253,954",836,3250.0%,81.0%,55.7%,160
Товары для взрослых / Трусы для страпона,Трусы для страпона,"8,242,587","2,260",2950.0%,100.0%,67.0%,48
Аксессуары / Шали,Шали,"8,240,311",993,3450.0%,64.2%,53.0%,200
Красота / Клей для ногтей,Клей для ногтей,"8,239,701",446,2750.0%,86.7%,51.8%,243
Подножки для мототехники,Подножки для мототехники,"8,235,948","1,306",2650.0%,83.3%,66.1%,180
Электроника / Радиосинхронизатор,Радиосинхронизаторы,"8,181,355","2,129",2750.0%,75.0%,67.5%,60
Смеси для вторых блюд,Смеси для вторых блюд,"8,178,108",458,1650.0%,92.3%,64.6%,121
Нити для подтяжки лица,Нити для подтяжки лица,"8,174,153","2,374",2550.0%,100.0%,71.1%,32
Противоударные шапки-шлемы,Противоударные шапки-шлемы,"8,170,154",920,2650.0%,62.4%,59.6%,181
Инструменты для заточки,Инструменты для заточки,"8,167,394","1,131",2750.0%,79.5%,63.6%,113
Тумбы для запрыгиваний,Тумбы для запрыгиваний,"8,165,028","1,633",2750.0%,100.0%,67.6%,48
Сад и дача / Накладки для декора,Накладки для декора,"8,161,854",608,2850.0%,44.9%,42.2%,189
Микросхемы,Микросхемы,"8,156,111",468,2850.0%,100.0%,54.4%,120
Переходы вентиляционные,Переходы вентиляционные,"8,150,553",749,2750.0%,86.0%,60.1%,84
Компрессионные рукава,Компрессионные рукава,"8,140,684",406,3150.0%,67.4%,39.3%,73
Ремни для фотоаппаратов,Ремни для фотоаппаратов,"8,136,666","1,010",3450.0%,81.6%,55.8%,104
Подушки для медитаций,Подушки для медитаций,"8,133,818","1,929",2750.0%,78.4%,67.2%,71
Наборы для разведения огня,Наборы для разведения огня,"8,132,437",823,2750.0%,100.0%,62.8%,193
Сад и дача / Хлоргенераторы,Хлоргенераторы,"8,127,200","1,511",2850.0%,50.0%,60.9%,58
Обезжириватели для ресниц и бровей,Обезжириватели для ресниц и бровей,"8,126,891",424,3250.0%,89.5%,46.4%,148
Листы для коллекционирования,Листы для коллекционирования,"8,122,851",663,2950.0%,93.5%,57.6%,152
Ручки для переноски бутылей,Ручки для переноски бутылей,"8,113,342",497,2450.0%,96.9%,58.9%,266
Спальные мешки для малышей,Спальные мешки для малышей,"8,105,642","1,420",3450.0%,70.1%,57.5%,122
Дом / Мел портновский,Мел портновский,"8,104,054",520,2950.0%,94.0%,54.1%,258
Поворотники для мототехники,Поворотники для мототехники,"8,098,144",867,2650.0%,84.1%,62.5%,187
Продукты / Рулеты,Рулеты,"8,092,620",854,2150.0%,79.2%,66.7%,87
Водоросли косметические,Водоросли косметические,"8,091,820","1,338",3250.0%,90.9%,60.9%,58
Изоляторы для генераторов импульсов,Изоляторы для генераторов импульсов,"8,072,853","1,844",2150.0%,93.0%,73.8%,68
Спорт / Сетки для мячей,Сетки для мячей,"8,072,420","1,168",2750.0%,100.0%,65.6%,218
Подставки для подогрева,Подставки для подогрева,"8,070,297",813,2950.0%,91.2%,59.7%,446
Костюмы для животных,Костюмы для животных,"8,059,450",906,2150.0%,50.6%,61.1%,279
Торсионные демпферы,Торсионные демпферы,"8,043,014","1,190",2650.0%,100.0%,66.8%,68
Контейнеры для пустышек,Контейнеры для пустышек,"8,033,427",402,2150.0%,92.1%,56.9%,261
Мешки для приготовления,Мешки для приготовления,"8,020,008",674,2950.0%,93.8%,57.8%,177
Словари,Словари,"8,013,587",462,2950.0%,90.1%,51.3%,191
Клипсы для стирки и хранения,Клипсы для стирки и хранения,"7,993,037","1,124",2950.0%,80.0%,61.6%,99
Средства для пароконвектоматов,Средства для пароконвектоматов,"7,981,676","3,574",2950.0%,100.0%,68.3%,47
Пакеты для медицинских отходов,Пакеты для медицинских отходов,"7,978,490","1,030",3150.0%,91.1%,60.0%,85
Сумки для обследования животных,Сумки для обследования животных,"7,971,719","2,504",2150.0%,77.4%,74.4%,128
Дом / Песок для творчества,Песок для творчества,"7,970,335",725,2950.0%,86.5%,57.7%,342
Дом / Насадки на кран,Насадки на трости,"7,960,466",944,3250.0%,87.0%,57.8%,182
Букинистические комплекты,Букинистические комплекты,"7,959,723",902,2950.0%,91.6%,60.8%,94
Детям / Подзоры для кроватей,Изголовья кроватей,"7,950,452","2,428",2650.0%,50.0%,66.9%,59
Пульверизаторы парикмахерские,Пульверизаторы парикмахерские,"7,936,825",816,3250.0%,89.0%,56.5%,268
Дом / Украшения для посуды,Украшения для посуды,"7,936,693",865,3250.0%,95.6%,57.8%,153
Маслоохладители автомобильные,Маслоохладители автомобильные,"7,928,019","3,321",2650.0%,87.5%,70.7%,85
Дом / Трафареты для тортов,Трафареты для тортов,"7,926,788",792,2950.0%,87.7%,59.0%,271
Системы подогрева двигателя,Системы подогрева двигателя,"7,923,947","1,098",2600.0%,75.0%,64.3%,55
Сад и дача / Контейнеры садовые,Контейнеры садовые,"7,913,397","1,039",2950.0%,100.0%,62.8%,69
Для ремонта / Заготовки для ножей,Заготовки для ножей,"7,910,034","1,228",3150.0%,100.0%,62.0%,71
Детям / Весы детские,Весы детские,"7,907,463","2,304",2650.0%,79.4%,69.1%,152
Красота / Помазки для бритья,Помазки для бритья,"7,879,674",584,3250.0%,88.9%,52.1%,339
Спорт / Заглушки для руля,Заглушки для руля,"7,858,702",966,2750.0%,88.5%,63.1%,52
Спорт / Нашивки спортивные,Нашивки спортивные,"7,858,622",417,2750.0%,80.0%,48.5%,263
Игрушки / Бумеранги,Бумеранги,"7,851,864",486,2850.0%,88.7%,52.9%,398
Аксессуары для конюшни,Аксессуары для конюшни,"7,846,781","1,691",2150.0%,100.0%,73.8%,90
Для ремонта / Кирпичи,Кирпичи,"7,840,342",608,2350.0%,88.3%,61.6%,97
Спорт / Тренажеры для шеи,Тренажеры для шеи,"7,837,698","1,211",2750.0%,80.7%,64.3%,141
Комплекты белья для малышей,Комплекты белья для малышей,"7,825,588","1,204",3450.0%,80.3%,57.2%,156
Здоровье / Капли назальные,Капли назальные,"7,822,351",478,2550.0%,92.6%,56.4%,287
Аксессуары для духовок,Аксессуары для духовок,"7,818,550",832,2450.0%,84.1%,64.1%,226
Книги / Карты Оракул,Карты Оракул,"7,816,854",975,2950.0%,79.4%,60.2%,155
Обувь / Подошва для обуви,Подошва для обуви,"7,814,072",556,3450.0%,94.4%,50.3%,133
Насадки для верстаков,Насадки для верстаков,"7,805,598","2,137",3150.0%,89.2%,64.3%,96
Акции / Самокат,Шкурки для самокатов,"7,804,625",609,2750.0%,83.9%,56.8%,89
Спорт / Манжеты для ног,Манжеты для ног,"7,792,433",927,2950.0%,85.2%,60.4%,130
Красота / Вакуумные банки,Вакуумные поилки,"7,789,048","1,651",2150.0%,95.5%,73.4%,94
Подушки внутренние декоративные,Подушки внутренние декоративные,"7,776,282","1,565",2950.0%,88.4%,64.7%,153
Для ремонта / Ручки для ящиков,Ручки для ящиков,"7,770,809",878,2850.0%,87.3%,61.1%,203
Спорт / Сани-волокуши,Сани-волокуши,"7,735,890","3,572",2750.0%,82.2%,69.8%,145
Пакеты для стерилизатора,Пакеты для стерилизатора,"7,731,927","1,279",2650.0%,93.3%,66.8%,89
Зоотовары / Фоны для аквариума,Фоны для аквариума,"7,730,370",908,2150.0%,75.0%,66.8%,224
Автотовары / Боди-лифт,Боди-лифт,"7,730,027","2,748",2650.0%,100.0%,70.6%,73
Красота / Палочки для маникюра,Палочки для маникюра,"7,675,675",457,2750.0%,40.9%,29.7%,335
Мебель / Тележки и корзины,Корзины встраиваемые,"7,675,168","2,948",2650.0%,89.6%,70.5%,92
Сад и дача / Обливные устройства,Спусковые устройства,"7,667,152",902,2750.0%,71.7%,60.1%,121
Соединители вентканалов,Соединители вентканалов,"7,666,722",691,2750.0%,85.3%,58.9%,96
Детям / Переносные души-биде,Переносные души-биде,"7,661,573","1,299",2750.0%,92.5%,65.8%,134
Фильтры для респираторов,Фильтры для респираторов,"7,652,555","1,059",2850.0%,92.9%,63.4%,182
Автотовары / Автокружки,Автокружки,"7,621,181","1,118",2650.0%,78.1%,64.3%,210
Бинты для обертывания,Бинты для обертывания,"7,605,691",514,3250.0%,100.0%,51.9%,90
Дом / Термопакеты,Термопакеты,"7,604,936",730,2950.0%,81.8%,57.1%,262
Защитные колпачки для пальцев,Защитные колпачки для пальцев,"7,584,968",491,2750.0%,94.5%,55.3%,261
Дом / Ложки для мороженого,Ложки для мороженого,"7,582,462",637,2450.0%,84.6%,60.7%,434
Товары для взрослых / Маски эротик,Маски медицинские,"7,576,768",446,2550.0%,93.9%,55.4%,77
Спорт / Капри спортивные,Капри спортивные,"7,573,462",754,3450.0%,100.0%,54.9%,57
Зоотовары / Совки для туалета,Совки для туалета,"7,572,280",761,1650.0%,89.0%,71.7%,437
Спорт / Тренировочные ремни,Тренировочные ремни,"7,571,257",697,2750.0%,92.1%,60.0%,173
Аксессуары для подводной охоты,Аксессуары для подводной охоты,"7,567,285","1,543",2750.0%,97.5%,67.2%,94
Ветеринарные паспорта,Ветеринарные паспорта,"7,564,089",344,1650.0%,91.0%,57.9%,208
Противогололедные реагенты,Противогололедные реагенты,"7,556,538","1,262",2950.0%,68.4%,61.2%,326
Этюдники,Этюдники,"7,551,219","1,107",2950.0%,84.6%,62.0%,83
Травяные смеси для кошек,Травяные смеси для кошек,"7,551,063",736,1650.0%,94.7%,72.0%,241
Женщинам / Худи,Худи для малышей,"7,542,059","1,613",3450.0%,59.3%,57.1%,128
Спорт / Колонки рулевые,Колонки рулевые,"7,541,200",788,2750.0%,91.8%,61.4%,214
Держатели для фотографий,Держатели для фотографий,"7,495,487",565,2950.0%,100.0%,56.3%,225
Эластики для брекетов,Эластики для брекетов,"7,476,818",375,2550.0%,80.3%,47.9%,49
Автотовары / Транспондеры,Транспондеры,"7,463,142","1,010",2650.0%,92.3%,64.9%,68
Сад и дача / Катки для газона,Катки для газона,"7,457,142","2,337",2850.0%,85.2%,67.5%,46
Комплектующие руля для мототехники,Комплектующие руля для мототехники,"7,454,484","1,092",2650.0%,76.8%,64.0%,205
Продукты / Чечевица,Чечевица,"7,452,252",556,1650.0%,95.8%,68.5%,170
Продукты / Козинаки,Козинаки,"7,441,559",615,2150.0%,92.4%,64.4%,147
Для ремонта / Шумомер,Шумомеры,"7,440,896","1,515",3150.0%,100.0%,63.2%,74
Маяки строительные,Маяки строительные,"7,433,696","1,001",3150.0%,64.0%,56.0%,58
Для ремонта / Плитка фасадная,Плитка фасадная,"7,430,714","1,398",2850.0%,100.0%,65.8%,45
Перчатки сноубордические,Перчатки сноубордические,"7,428,105","1,166",2950.0%,41.4%,53.9%,90
Сушилки для бутылочек,Сушилки для бутылочек,"7,420,305","1,301",2150.0%,87.7%,71.5%,268
Зоотовары / Грунтоочистители,Грунтоочистители,"7,415,941","1,012",2150.0%,89.3%,69.6%,177
Красота / Клипперы маникюрные,Клипперы маникюрные,"7,400,298",806,3250.0%,90.0%,56.5%,341
Дом / Спиртометры,Спиртометры,"7,399,593",380,2950.0%,90.6%,47.3%,272
Смесители и комплектующие для парикмахерских моек,Смесители и комплектующие для парикмахерских моек,"7,396,326","1,960",3250.0%,81.8%,62.5%,92
Шины для сельхозтехники,Шины для сельхозтехники,"7,380,973","2,612",1900.0%,100.0%,77.9%,34
Для ремонта / Гайколомы,Гайколомы,"7,378,597","1,208",3150.0%,81.2%,60.3%,188
Активаторы клея для ресниц,Активаторы клея для ресниц,"7,370,071",642,3250.0%,87.9%,53.3%,138
Аппараты для надевания бахил,Аппараты для надевания бахил,"7,365,350","1,666",2550.0%,100.0%,69.7%,57
Акции / Нашлемник,Нашлемники,"7,359,706","1,170",2750.0%,91.1%,65.0%,99
Распылители для аквариума,Распылители для аквариума,"7,350,035",615,2150.0%,90.0%,64.0%,176
Ограничители для книг,Ограничители для книг,"7,348,686","1,446",2950.0%,89.0%,64.3%,201
Средства для компостов,Средства для компостов,"7,347,545",473,2950.0%,95.6%,52.8%,305
Дом / Стеклянные клоши,Стеклянные клоши,"7,339,410","1,192",2950.0%,63.7%,60.0%,170
Пакеты для детского питания,Пакеты для детского питания,"7,338,647",688,2650.0%,90.6%,60.7%,249
Акции / СИПАП-аппарат,СИПАП-аппараты,"7,338,402","3,082",2550.0%,80.2%,71.3%,21
Спорт / Пеги велосипедные,Пеги велосипедные,"7,331,075",682,2750.0%,100.0%,60.8%,81
Кронштейны для планшетов,Кронштейны для планшетов,"7,324,841","1,537",2750.0%,100.0%,67.3%,152
Электроника / Соединители цепей,Соединители цепей,"7,323,675",656,2850.0%,100.0%,59.3%,113
Декорации настенные для кухни,Декорации настенные для кухни,"7,321,328",799,2950.0%,79.3%,57.9%,174
Зоотовары / Ошейники,Ошейники эротик,"7,315,778","1,464",2950.0%,84.0%,64.0%,120
Устройства коррекции сна,Устройства коррекции сна,"7,309,520","1,130",2550.0%,100.0%,67.4%,134
Зажимы для альпинизма,Зажимы для альпинизма,"7,282,774","1,309",2750.0%,85.7%,65.4%,107
Автотовары / Приводы дверей,Приводы дверей,"7,280,767","1,116",2650.0%,100.0%,66.3%,122
Дом / Ксилофоны,Ксилофоны,"7,280,501","1,755",2850.0%,88.7%,66.4%,242
Продукты / Конфитюр,Конфитюр,"7,276,540",894,2150.0%,88.6%,68.4%,95
Антипригарные средства для сварки,Антипригарные средства для сварки,"7,268,380",760,3150.0%,97.6%,57.7%,90
Дом / Варганы,Варганы,"7,256,752","1,702",2850.0%,75.8%,65.3%,60
Термометры для холодильников,Термометры для холодильников,"7,246,066",919,2950.0%,91.4%,61.0%,146
Карнавальные перчатки,Карнавальные перчатки,"7,239,558",860,3250.0%,61.1%,52.3%,158
Мужчинам / Кофты,Кофты для малышей,"7,236,665",613,3450.0%,61.3%,44.2%,149
Спорт / Газовые лампы,Газовые лампы,"7,231,996",709,2750.0%,100.0%,61.2%,70
Зоотовары / Фильтр для поилки,Ниппельные поилки,"7,231,628",767,2150.0%,91.4%,67.1%,106
Катушки для лент гимнастических,Катушки для лент гимнастических,"7,210,438","1,793",2750.0%,85.5%,67.3%,80
Стекла ветровые для мототехники,Стекла ветровые для мототехники,"7,209,904",994,2650.0%,70.6%,62.1%,228
Адаптеры для щеток стеклоочистителя,Адаптеры для щеток стеклоочистителя,"7,204,985",653,2150.0%,68.7%,60.7%,212
Подстилки противоскользящие,Подстилки противоскользящие,"7,204,068",762,2950.0%,88.9%,58.7%,206
Сад и дача / Массажеры для бани,Массажеры для бани,"7,196,971",857,2850.0%,76.7%,59.3%,282
Спорт / Жерлицы,Жерлицы,"7,195,202",810,2750.0%,87.4%,61.2%,245
Красота / Густое мыло,Густое мыло,"7,190,933",505,3250.0%,91.3%,50.1%,233
Спорт / Пуанты,Пуанты,"7,187,260","1,173",3450.0%,48.0%,51.3%,86
Пневматические зачистные машины,Пневматические зачистные машины,"7,184,032","2,345",3050.0%,95.0%,65.9%,63
Спорт / Крепления для лыж,Крепления радиатора,"7,167,098",952,2650.0%,100.0%,65.1%,182
Канцтовары / Доски для лепки,Доски для лепки,"7,160,927",517,2450.0%,75.0%,54.9%,227
Дом / Пьезозажигалки,Пьезозажигалки,"7,137,056",458,2950.0%,96.6%,52.4%,288
Рукоятки для тренажеров,Рукоятки для тренажеров,"7,137,043","1,391",2950.0%,100.0%,64.7%,95
Автотовары / Утеплители радиатора,Утеплители радиатора,"7,133,103","1,654",2650.0%,75.0%,67.1%,127
Заглушки для ванны и раковины,Заглушки для ванны и раковины,"7,124,967",576,2250.0%,89.0%,61.9%,309
Наглядные пособия,Наглядные пособия,"7,123,952",674,2950.0%,90.6%,57.4%,271
Дом / Полотенца-пончо,Полотенца-пончо,"7,109,214",880,2950.0%,82.5%,59.5%,124
Красота / Масла,Масла смазочные,"7,107,994",384,2950.0%,88.8%,47.0%,218
Дом / Сувенирные ложки,Сувенирные ложки,"7,100,560",496,2950.0%,87.2%,52.0%,243
Женщинам / Джемперы,Джемперы для малышей,"7,090,196","1,000",3450.0%,61.4%,52.5%,142
Сад и дача / Коврики для лотков,Коврики для лотков,"7,086,910","1,003",2150.0%,87.7%,69.4%,183
Ремкомплекты для мототехники,Ремкомплекты для мототехники,"7,077,123","1,997",2650.0%,80.4%,68.5%,186
Для ремонта / Очки лазерные,Очки лазерные,"7,069,865","2,732",3150.0%,100.0%,65.6%,58
Координационные лестницы,Координационные лестницы,"7,061,134","1,189",2750.0%,100.0%,65.8%,162
Дом / Кресла-трансформеры,Кресла-трансформеры,"7,053,236","1,943",2150.0%,85.6%,73.7%,51
Спорт / Перчатки снарядные,Перчатки снарядные,"7,051,652","1,080",2950.0%,66.2%,59.3%,109
Дом / Колки для гитары,Колки для гитары,"7,027,738",601,2850.0%,70.6%,52.6%,131
Продукты / Ягоды в глазури,Ягоды в глазури,"7,021,375",732,2150.0%,90.7%,66.5%,113
Мелассоуловители для кальяна,Мелассоуловители для кальяна,"7,021,189",913,2850.0%,80.0%,60.5%,50
Прокладки маслоохладителя,Прокладки маслоохладителя,"7,010,328",778,2650.0%,90.0%,62.1%,90
Электроника / Чехлы для флешек,Чехлы для флешек,"7,004,064",806,3450.0%,100.0%,55.6%,120
Продукты / Молоко детское,Молоко детское,"7,002,858","1,213",2150.0%,79.2%,70.2%,43
Зоотовары / Кремы для животных,Кремы для животных,"7,002,426",490,2150.0%,93.0%,61.0%,260
Красота / Сборы для ванн,Сборы для ванн,"6,995,491",739,3250.0%,91.5%,55.7%,182
Сад и дача / Табуреты садовые,Табуреты садовые,"6,994,052","2,330",2650.0%,75.0%,68.9%,159
Тренажеры для подъема стопы,Тренажеры для подъема стопы,"6,980,550","1,177",2750.0%,100.0%,65.7%,125
Для ремонта / Саморезы для ГВЛ,Саморезы для ГВЛ,"6,980,431",869,2850.0%,95.8%,61.9%,98
Средства для очистки сажи,Средства для очистки сажи,"6,962,038",755,2950.0%,97.5%,59.6%,179
Замки для электрошкафов,Замки для электрошкафов,"6,961,403",790,2850.0%,85.2%,59.6%,127
Тестеры воды для аквариума,Тестеры воды для аквариума,"6,960,619",833,2150.0%,92.8%,68.2%,148
Средства для ухода за инструментом,Средства для ухода за инструментом,"6,949,181",575,2950.0%,92.8%,55.5%,137
Спорт / Каретки велосипедные,Каретки велосипедные,"6,946,239",869,2750.0%,91.0%,62.4%,201
Сад и дача / Насосы и помпы,Насосы инфузионные,"6,946,049","32,304",2550.0%,100.0%,74.3%,12
Здоровье / Перчатки медицинские,Перчатки медицинские,"6,941,619",734,2750.0%,60.0%,54.3%,23
Продукты / Вина безалкогольные,Вина безалкогольные,"6,939,503","1,196",2150.0%,90.4%,71.1%,35
Дом / Крючки вязальные,Вязальные машины,"6,935,687","1,228",2550.0%,96.6%,67.8%,56
Камеры для игровых консолей,Камеры для игровых консолей,"6,932,071","1,519",2150.0%,100.0%,73.2%,45
Крепления для смартфона на штатив,Крепления для смартфона на штатив,"6,928,074",929,2950.0%,100.0%,61.9%,250
Слитные купальники для малышей,Слитные купальники для малышей,"6,925,776","1,802",3450.0%,47.5%,56.1%,123
Насадки автомобильные,Насадки автомобильные,"6,914,406",884,2650.0%,100.0%,64.5%,147
Дом / Яйцерезки,Яйцерезки,"6,903,402",569,2950.0%,93.2%,55.4%,436
Манжеты сантехнические,Манжеты сантехнические,"6,899,680",473,2250.0%,86.9%,58.0%,176
Ювелирные изделия / Уход за украшениями,Уход за украшениями,"6,899,071",434,2950.0%,95.7%,51.2%,158
Для ремонта / Диверторы,Диверторы,"6,891,174","1,071",2750.0%,93.4%,64.5%,306
Спорт / Бодибары,Бодибары,"6,878,806",786,2750.0%,80.4%,59.8%,123
Бытовая техника / Электрощетки,Щетки для гриля,"6,878,038",982,2950.0%,93.5%,61.8%,389
Спорт / Рукава спортивные,Рукава спортивные,"6,875,924",829,2950.0%,85.7%,59.2%,142
Штативы для капельниц,Штативы для капельниц,"6,869,037","2,091",2500.0%,81.6%,70.3%,43
Зоотовары / Лапомойки,Лапомойки,"6,860,014",847,2150.0%,88.9%,67.9%,319
Подставки для головных уборов,Подставки для головных уборов,"6,850,016",800,2650.0%,100.0%,63.5%,105
Акции / Пароварка-блендер,Пароварка-блендеры,"6,841,220","2,816",2650.0%,94.3%,70.5%,81
Удобрения для аквариумных растений,Удобрения для аквариумных растений,"6,832,433",674,2150.0%,93.0%,65.7%,145
Повязки косметические,Повязки косметические,"6,821,105",534,3250.0%,85.9%,50.1%,309
Спорт / Ролики переключателя,Ролики переключателя,"6,817,479",914,2750.0%,93.8%,63.2%,71
Красота / Мелки для волос,Мелки для волос,"6,798,128",677,3250.0%,91.9%,54.6%,318
Дом / Икорницы,Икорницы,"6,781,052","1,154",2950.0%,100.0%,63.6%,213
Вакуумные трубопроводы автомобильные,Вакуумные трубопроводы автомобильные,"6,776,935",804,2650.0%,100.0%,63.6%,61
Брусчатка светодиодная,Брусчатка светодиодная,"6,770,693","1,408",2450.0%,100.0%,69.8%,81
Мужчинам / Фитнес-корсеты,Фитнес-корсеты,"6,769,044",924,3450.0%,54.2%,49.5%,164
Приемники видеосигнала,Приемники видеосигнала,"6,757,294","1,976",2450.0%,100.0%,71.5%,117
Дом / Кахоны,Хоны для расточки,"6,755,044",846,3150.0%,86.2%,57.5%,83
Гидроаккумуляторы автомобильные,Гидроаккумуляторы автомобильные,"6,744,748","9,367",2650.0%,100.0%,72.6%,52
Блоки питания для тату машинки,Блоки питания для тату машинки,"6,743,824","2,700",3250.0%,79.4%,63.8%,90
Мужчинам / Гольфы,Гольфы для малышей,"6,730,196",338,3450.0%,81.6%,36.5%,137
Палочки для мороженого,Палочки для мороженого,"6,723,639",466,2450.0%,91.0%,56.6%,221
Продукты / Крупа манная,Крупа манная,"6,720,968",621,1650.0%,97.0%,70.2%,113
Аксессуары / Сумки,Сумки для лакомств,"6,716,067",842,2150.0%,82.3%,67.0%,178
Аксессуары / Ювелирные запонки,Ювелирные запонки,"6,713,233",823,3300.0%,69.6%,53.0%,65
Переключатели для мототехники,Переключатели для мототехники,"6,705,043",734,2650.0%,90.0%,61.4%,219
Масла для инструментов,Масла для инструментов,"6,701,980",670,3000.0%,80.0%,55.1%,127
Сад и дача / Ковши детские,Ковши детские,"6,701,654",577,2650.0%,85.4%,57.3%,303
Для ремонта / Печи,Печи,"6,698,044","3,730",2750.0%,61.5%,69.0%,66
Аксессуары / Твистеры,Твистеры,"6,697,345",324,3450.0%,90.2%,38.1%,202
Наполнители для террариумов,Наполнители для террариумов,"6,687,290","1,020",2150.0%,87.5%,69.5%,230
Продукты / Кукурузные палочки,Кукурузные палочки,"6,687,198",574,2150.0%,91.7%,63.3%,93
Дом / Одеяла,Одеяла для йоги,"6,681,064","2,375",2900.0%,75.0%,66.5%,111
Препараты для опорно-двигательной системы животных,Препараты для опорно-двигательной системы животных,"6,661,901","1,273",2150.0%,89.5%,71.5%,54
Футляры для зарядного кабеля,Футляры для зарядного кабеля,"6,661,248",574,3450.0%,100.0%,51.6%,74
Питание для кормящих и беременных,Питание для кормящих и беременных,"6,655,546",794,2050.0%,77.7%,66.5%,139
Канцтовары / Линзы для луп,Линзы для луп,"6,652,657",560,2950.0%,100.0%,56.2%,47
Дом / Букеты свадебные,Букеты свадебные,"6,645,443","1,230",3250.0%,85.0%,59.8%,153
Продукты / Прополис,Прополис,"6,644,635",608,2150.0%,93.4%,64.4%,162
Трансферные материалы для тату,Трансферные материалы для тату,"6,642,027",512,3150.0%,86.1%,50.3%,111
Продукты / Фруктовые пастилки,Фруктовые пастилки,"6,628,410",524,2150.0%,87.5%,61.1%,80
Пояса для аквааэробики,Пояса для аквааэробики,"6,626,672",874,2950.0%,80.0%,59.1%,96
Шапочки косметические,Шапочки косметические,"6,619,476",600,3250.0%,90.7%,52.8%,228
Бейсболки для малышей,Бейсболки для малышей,"6,599,418",652,3450.0%,53.6%,42.6%,118
Продукты / Икра рыбы,Икра рыбы,"6,573,404",732,2150.0%,100.0%,67.6%,65
Канцтовары / Подставки для луп,Подставки для луп,"6,572,842",446,2950.0%,50.0%,34.6%,42
Продукты / Марципан,Марципан,"6,572,118",798,2150.0%,91.0%,67.5%,100
Инструменты для заточки цепей,Инструменты для заточки цепей,"6,570,005","1,088",2850.0%,95.1%,63.8%,230
Полукомбинезоны для малышей,Полукомбинезоны для малышей,"6,567,625",963,3450.0%,39.7%,44.6%,100
Цоколи мебельные,Цоколи мебельные,"6,559,813",675,2650.0%,82.3%,59.1%,78
Хирургические тренажеры,Хирургические тренажеры,"6,559,103","1,910",3150.0%,75.0%,62.9%,59
Пульты дистанционной съемки,Пульты дистанционной съемки,"6,555,896",830,2950.0%,83.7%,59.0%,148
Манекены для косметологии,Манекены для косметологии,"6,546,084",518,3250.0%,82.6%,48.8%,139
Тесты воды и напитков,Тесты воды и напитков,"6,537,389","1,406",2450.0%,93.5%,69.4%,260
Тройники и распределители садовые,Тройники и распределители садовые,"6,526,722",792,2950.0%,92.7%,59.6%,302
Красота / Магниты для маникюра,Магниты для маникюра,"6,524,268",511,2750.0%,90.0%,55.1%,218
Детям / Столы пеленальные,Столы пеленальные,"6,513,476","8,723",2650.0%,36.4%,71.0%,41
Инструменты для депиляции,Инструменты для депиляции,"6,502,170",553,2750.0%,90.0%,56.4%,418
Запчасти для газовой колонки,Запчасти для газовой колонки,"6,498,244",739,2750.0%,90.6%,60.6%,106
Дом / Бутылки,Бутылки сувенирные,"6,491,829","1,108",2850.0%,73.8%,61.7%,256
Футляры стоматологические,Футляры стоматологические,"6,488,847",802,2750.0%,82.8%,60.4%,161
Дом / Воронки для выпечки,Воронки для выпечки,"6,469,344",722,2950.0%,100.0%,59.4%,124
Инструменты для ювелирных работ,Инструменты для ювелирных работ,"6,462,960",780,3300.0%,94.7%,56.2%,200
Автотовары / Фильтры,Фильтры назальные,"6,461,991",740,2550.0%,84.4%,61.7%,88
Мужчинам / Платья медицинские,Платья медицинские,"6,459,750","1,101",3450.0%,20.1%,29.4%,69
Спорт / Расширители хвата,Расширители хвата,"6,458,402",690,2950.0%,94.1%,58.2%,72
Накидки на автосидения для животных,Накидки на автосидения для животных,"6,444,568","2,686",2650.0%,100.0%,70.5%,154
Автотовары / Полироли дисков,Полироли дисков,"6,429,897",580,2650.0%,83.9%,57.1%,159
Спорт / Уздечки,Уздечки,"6,427,793","1,890",2950.0%,100.0%,66.3%,65
Наковальни,Наковальни,"6,426,281","1,361",3150.0%,100.0%,62.6%,58
Средства для удаления затирки,Средства для удаления затирки,"6,425,427",880,2850.0%,86.5%,61.0%,126
Зоотовары / Подставки для мисок,Подставки для мисок,"6,424,133","1,314",2150.0%,81.0%,71.0%,176
Джиг-головки рыболовные,Джиг-головки рыболовные,"6,410,136",432,2750.0%,90.3%,52.0%,151
Зоотовары / Фильтр для поилки,Поплавковые поилки,"6,410,108","1,079",2150.0%,100.0%,71.1%,137
Дом / Рейнстики,Рейнстики,"6,401,283","1,493",2850.0%,100.0%,66.1%,122
Дом / Бумага пищевая,Бумага пищевая,"6,398,466",898,2950.0%,90.5%,60.7%,199
Сад и дача / Кормушки садовые,Кормушки садовые,"6,395,971","1,038",2950.0%,80.0%,60.9%,293
Термобумага для фотоаппаратов,Термобумага для фотоаппаратов,"6,390,719","1,600",2850.0%,91.0%,66.0%,86
Электроника / Контроллеры ИБП,Контроллеры ИБП,"6,380,985","1,234",2450.0%,75.9%,67.0%,73
Товары для взрослых / Комбинезоны эротик,Комбинезоны эротик,"6,373,519",904,2950.0%,80.6%,59.5%,110
Фартуки художественные,Фартуки художественные,"6,372,660",578,2950.0%,86.2%,54.4%,276
Автотовары / Чехлы,Чехлы для лыж,"6,370,010","1,267",2850.0%,79.9%,63.6%,154
Зоотовары / Ходунки для животных,Ходунки для животных,"6,359,672","2,590",2150.0%,55.8%,73.0%,132
Вертлюги для животных,Вертлюги для животных,"6,338,929",687,2150.0%,88.7%,65.4%,220
Мебель / Карты RFID,Карты RFID,"6,336,328",820,2650.0%,88.9%,62.5%,104
Детям / Антицарапки,Антицарапки,"6,333,446",283,3450.0%,85.4%,32.4%,147
Продукты / Сухофрукты в глазури,Сухофрукты в глазури,"6,332,658",747,2150.0%,100.0%,67.8%,113
Красота / Менструальные чаши,Менструальные чаши,"6,311,217",846,3150.0%,88.5%,57.8%,146
Дом / Слайдеры для гитары,Слайдеры для гитары,"6,306,567",755,2850.0%,100.0%,60.9%,53
Канцтовары / Биркодержатели,Биркодержатели,"6,299,590",821,2650.0%,84.4%,62.0%,222
Спорт / Хлысты,Хлысты,"6,282,629","1,012",2950.0%,76.4%,60.2%,151
"Книги / Законы, кодексы и нормативно-правовые акты",Правовые акты,"6,275,869",275,2450.0%,89.6%,43.0%,103
Скреперы снегоуборочные,Скреперы снегоуборочные,"6,269,572","1,518",2950.0%,43.1%,58.3%,95
Мужчинам / Термоджемперы,Термоджемперы,"6,268,201","2,135",3450.0%,100.0%,61.8%,23
Дом / Салфетки,Салфетки для обуви,"6,256,786",486,3450.0%,92.7%,47.7%,244
Здоровье / Йод,Йод,"6,247,912",461,2750.0%,95.2%,54.3%,83
Товары для взрослых / Пояса верности,Пояса верности,"6,246,900","1,863",2950.0%,92.6%,65.9%,141
Аккумуляторы для велосипедных фонарей,Аккумуляторы для велосипедных фонарей,"6,242,757",772,2950.0%,100.0%,60.1%,70
Крепления для смесителей,Крепления для смесителей,"6,241,966",647,2750.0%,84.7%,57.9%,310
Увлажнители для гитары,Увлажнители для гитары,"6,233,202",490,2850.0%,81.5%,51.5%,129
Подставки медицинские,Подставки медицинские,"6,225,444","1,616",3150.0%,66.7%,61.1%,47
Баллончики для пневматики,Баллончики для пневматики,"6,220,442",972,2750.0%,61.7%,59.2%,101
Продукты / Повидло,Повидло,"6,217,591",516,2150.0%,96.0%,62.3%,64
Бытовая техника / Бензопилы,Пилы для мяса,"6,192,321","1,723",2950.0%,88.9%,65.3%,51
Накладки гимнастические,Накладки гимнастические,"6,188,563",699,2750.0%,50.0%,49.6%,99
Дом / Кремеры,Кремеры,"6,181,146",812,2950.0%,83.6%,58.7%,115
Нейтрализаторы запаха спортивные,Нейтрализаторы запаха спортивные,"6,180,109",530,2750.0%,93.1%,56.3%,136
Чехлы для гриля и мангала,Чехлы для гриля и мангала,"6,175,225","1,077",2850.0%,82.0%,62.4%,206
Спиннеры для фигурного катания,Спиннеры для фигурного катания,"6,172,707","1,122",2750.0%,100.0%,65.4%,53
Для ремонта / Ручки для смесителей,Ручки для смесителей,"6,162,466",936,2750.0%,82.9%,62.2%,242
Женщинам / Свитеры,Свитеры для малышей,"6,156,290","1,196",3450.0%,59.6%,54.3%,140
Красота / Грязь косметическая,Грязь косметическая,"6,152,455",654,3250.0%,92.0%,54.2%,156
Сад и дача / Картриджи для насоса,Картриджи для насоса,"6,151,727","1,332",2850.0%,83.3%,64.3%,182
Дом / Бумажные шары,Снежные шары,"6,151,126","1,571",3250.0%,46.4%,56.5%,136
Зоотовары / Колтунорезки,Колтунорезки,"6,150,801",818,2150.0%,85.3%,67.0%,302
Дом / Наборы сомелье,Наборы сомелье,"6,150,152","1,685",2950.0%,66.7%,63.4%,253
Для ремонта / Анемостаты,Анемостаты,"6,142,895","1,085",2750.0%,89.5%,64.3%,71
Дальномеры спортивные,Дальномеры спортивные,"6,141,726","4,869",2750.0%,100.0%,70.9%,43
Спорт / Звезды велосипедные,Звезды велосипедные,"6,138,535",883,2750.0%,80.4%,61.2%,186
Товары для взрослых / Свечи эротик,Свечи эротик,"6,133,816",944,2950.0%,76.9%,59.5%,147
Дом / Дрова,Дрова,"6,123,155","1,088",2850.0%,89.9%,63.3%,144
Полотенца для животных,Полотенца для животных,"6,122,219",817,2150.0%,88.3%,67.4%,169
Сад и дача / Таблички ритуальные,Таблички ритуальные,"6,116,045",980,2950.0%,100.0%,62.3%,81
Акции / Пружинки игровые,Пружинки игровые,"6,097,032",469,2350.0%,87.7%,57.1%,171
Дом / Шилья для рукоделия,Шилья для рукоделия,"6,093,396",586,2450.0%,94.3%,61.0%,172
Электроника / Трекеры сна,Трекеры световые,"6,077,409",694,2750.0%,100.0%,61.0%,64
Дом / Лимонницы,Лимонницы,"6,073,219",951,2950.0%,89.2%,61.1%,293
Наматрасники для малышей,Наматрасники для малышей,"6,061,657","1,340",2650.0%,84.0%,66.4%,93
Лебедки для квадроциклов,Лебедки для квадроциклов,"6,056,294","4,334",2650.0%,75.0%,71.0%,31
Кулачки механизма ручного стартера,Кулачки механизма ручного стартера,"6,045,407","1,792",2600.0%,100.0%,69.5%,32
Дом / Ключи сувенирные,Ключи сувенирные,"6,030,428",933,2950.0%,71.4%,58.5%,198
Бытовая техника / Насадки для машинок,Насадки для машинок,"6,017,127","2,490",2550.0%,72.9%,70.1%,142
Дом / Бумажные шары,Бумажные шары,"6,010,746",572,3250.0%,81.7%,50.4%,118
Халаты банные для малышей,Халаты банные для малышей,"6,010,564","1,137",3450.0%,65.9%,54.8%,83
Сменные ножки для игровой мыши,Сменные ножки для игровой мыши,"6,005,801",901,3450.0%,20.0%,21.1%,68
Акции / Топ эротик,Гидропомпы эротик,"6,004,926","7,748",2950.0%,100.0%,69.5%,17
Комплекты спутникового ТВ,Комплекты спутникового ТВ,"6,003,308","2,964",2800.0%,88.6%,69.0%,53
Дом / Грелки для посуды,Грелки для посуды,"5,989,068","2,176",2950.0%,100.0%,66.8%,151
Катушки зажигания для мототехники,Катушки зажигания для мототехники,"5,981,503","1,211",2650.0%,100.0%,66.9%,157
Термосумки для бутылочек,Термосумки для бутылочек,"5,967,421","1,046",2650.0%,63.8%,61.5%,254
Сад и дача / Ножи садовые,Ножи пистолетные,"5,960,692","1,042",3150.0%,91.3%,60.1%,192
Электроника / Цифровые ручки,Цифровые ручки,"5,950,612",765,1950.0%,75.0%,66.6%,58
Спорт / Седла велосипедные,Седла для лошади,"5,950,277","1,284",2950.0%,77.5%,62.5%,59
Обувь / Накладки для обуви,Накладки для обуви,"5,942,978",399,3450.0%,79.2%,40.2%,398
Сваи,Сваи,"5,933,336","1,474",2550.0%,40.0%,60.9%,38
Дом / Подставки для елок,Подставки для елок,"5,915,971","1,161",3250.0%,88.2%,59.7%,243
Товары для взрослых / Анальные бусы,Анальные бусы,"5,910,568","1,154",2950.0%,88.2%,62.6%,119
Продукты / Пшено,Пшено,"5,909,611",651,1650.0%,96.0%,70.7%,99
Дом / Термопакеты,Пакеты гигиенические,"5,909,129",845,3150.0%,100.0%,59.0%,117
Мужчинам / Фоторамки,Рамки для ульев,"5,904,686","1,139",2150.0%,90.0%,70.7%,79
Шестерни для мясорубок,Шестерни для мясорубок,"5,900,274",449,2450.0%,84.0%,54.3%,176
Консервы мясорастительные,Консервы мясорастительные,"5,900,055",864,2150.0%,100.0%,69.2%,62
УФ-стерилизаторы для аквариума,УФ-стерилизаторы для аквариума,"5,895,484","1,560",2150.0%,80.9%,72.2%,80
Детям / Вожжи,Вожжи,"5,889,529",826,2650.0%,78.8%,61.2%,137
Машинки для самокруток,Машинки для самокруток,"5,869,223","1,156",2850.0%,90.8%,63.9%,147
Спорт / Велоаптечки,Велоаптечки,"5,866,149","1,240",2750.0%,88.9%,65.2%,132
Мебель / Системы,Инфузионные системы,"5,850,131",970,2550.0%,86.8%,65.0%,77
Машинки для плетения шнуров,Машинки для плетения шнуров,"5,848,814","1,066",2950.0%,66.7%,59.2%,116
Спорт / Хоббихорс,Хоббихорсы,"5,845,653","2,124",2750.0%,100.0%,68.7%,55
Подстаканники электрические,Подстаканники электрические,"5,841,620",887,2650.0%,82.0%,62.5%,184
Сад и дача / Вагонки деревянные,Вагонки деревянные,"5,837,181","1,361",2050.0%,100.0%,73.6%,72
Дом / Пипетки кулинарные,Пипетки,"5,829,491",410,2750.0%,94.2%,51.8%,201
Майки для животных,Майки для животных,"5,820,204",516,2150.0%,64.6%,54.5%,115
Бутылочки для животных,Бутылочки для животных,"5,813,373",822,1650.0%,77.7%,71.0%,231
Центрифуги лабораторные,Центрифуги лабораторные,"5,811,682","7,450",2550.0%,66.7%,72.9%,30
Автотовары / Ракели,Ракели,"5,804,737",761,2650.0%,86.3%,61.3%,171
Дом / Стреплоки,Стреплоки,"5,800,805",495,2850.0%,93.1%,54.1%,64
Ремуверы для удаления татуажа,Ремуверы для удаления татуажа,"5,799,817",791,3150.0%,100.0%,58.4%,106
Спорт / Маски для лошадей,Маски для лошадей,"5,792,525","1,076",2950.0%,100.0%,63.1%,82
Обувь / Гелевые полустельки,Гелевые полустельки,"5,791,801",401,3450.0%,87.7%,42.8%,334
Препараты для дыхательной системы,Препараты для дыхательной системы,"5,791,248",174,300.0%,100.0%,51.0%,2
Дом / Наперстки,Наперстки,"5,780,128",725,2450.0%,100.0%,64.5%,220
Для ремонта / Розетки,Розетки для фаркопов,"5,764,842",493,2650.0%,86.0%,54.6%,151
Пододеяльники для малышей,Пододеяльники для малышей,"5,763,531","1,296",2650.0%,87.5%,66.4%,45
Продукты / Перга,Перга,"5,757,563",752,2150.0%,89.8%,66.7%,65
Наклейки интерактивные,Наклейки интерактивные,"5,750,352",399,3250.0%,75.5%,41.0%,356
Продукты / Бумага рисовая,Бумага рисовая,"5,743,619",559,2150.0%,93.7%,63.2%,115
Комплекты для монтажа радиаторов,Комплекты для монтажа радиаторов,"5,740,490",814,2750.0%,100.0%,62.7%,162
Электроника / Крышки для камер,Крышки для камер,"5,740,034","1,127",2850.0%,82.8%,62.9%,131
Приборы для удаления косточек,Приборы для удаления косточек,"5,737,253",389,2450.0%,92.9%,53.4%,479
Спорт / Намотки для ракеток,Намотки для ракеток,"5,733,780",767,2750.0%,87.5%,60.6%,89
Продукты / Тарталетки,Тарталетки,"5,733,486",663,2150.0%,65.2%,60.0%,106
Спорт / Обмотки для обруча,Обмотки для обруча,"5,733,256",397,2750.0%,80.6%,47.5%,56
Прокладки двигателя для мототехники,Прокладки двигателя для мототехники,"5,717,253",744,2650.0%,85.6%,60.9%,173
Лечение ЖКТ и печени у животных,Лечение ЖКТ и печени у животных,"5,716,144",656,1750.0%,87.5%,68.6%,68
Электроприводы для окон,Электроприводы для окон,"5,715,529","1,638",2450.0%,100.0%,70.6%,71
Дом / Насадки на кран,Насадки для утюгов,"5,709,950",678,2050.0%,93.0%,66.8%,210
Насадки для ирригатора,Насадки для ирригатора,"5,704,843","1,194",2550.0%,87.1%,66.8%,161
Проволоки пломбировочные,Проволоки пломбировочные,"5,704,661",368,2950.0%,100.0%,48.8%,102
Спорт / Обмотки руля,Обмотки руля,"5,703,709","1,062",2750.0%,86.0%,63.7%,83
Спорт / Крепления для лыж,Крепления для забора,"5,694,811","1,236",2850.0%,88.8%,64.2%,119
Браслеты безопасности,Браслеты безопасности,"5,688,818",554,2750.0%,62.5%,49.4%,89
Товары для взрослых / Зажимы для сосков,Зажимы для сосков,"5,687,055",805,2950.0%,90.0%,59.5%,216
Для ремонта / Люксметры,Люксметры,"5,677,861","2,510",3150.0%,66.7%,63.7%,41
Дом / Фольга для тиснения,Фольга для тиснения,"5,670,723",358,2450.0%,89.6%,50.5%,107
"Препараты от простуды, гриппа и ОРВИ","Препараты от простуды, гриппа и ОРВИ","5,665,982",220,300.0%,100.0%,60.7%,2
Красота / Сушки для лака,Сушки для лака,"5,664,962",973,3250.0%,95.4%,58.9%,164
Обувь / Зажимы для шнурков,Зажимы для шнурков,"5,662,100",479,3450.0%,90.9%,47.1%,166
Дом / Пэды тренировочные,Пэды тренировочные,"5,660,011","2,115",2850.0%,86.1%,67.1%,92
Дом / Снег декоративный,Снег декоративный,"5,657,859",535,3250.0%,93.3%,51.5%,338
Сад и дача / Косы,Косы,"5,653,757",818,2950.0%,82.8%,58.7%,193
Багорики,Багорики,"5,649,937",693,2750.0%,88.8%,59.5%,145
Спорт / Доски тактические,Доски тактические,"5,649,108","1,585",2750.0%,78.8%,66.1%,154
Бальзамы для животных,Бальзамы для животных,"5,646,228",898,2150.0%,92.1%,68.8%,167
Обувь / Формодержатели,Формодержатели,"5,632,393",442,3450.0%,89.2%,45.2%,123
Продукты / Пасты кунжутные,Пасты кунжутные,"5,632,012",622,2150.0%,95.6%,65.1%,72
Ящики навесные для грузовиков,Ящики навесные для грузовиков,"5,631,366","1,064",2650.0%,86.6%,64.8%,59
Дом / Кружки,Кружки Эсмарха,"5,629,334","1,098",3150.0%,89.8%,60.4%,122
Фланцы вентиляционные,Фланцы вентиляционные,"5,627,512",708,2750.0%,83.3%,58.9%,68
Подушечки для обручальных колец,Подушечки для обручальных колец,"5,626,508",728,3250.0%,79.1%,53.6%,168
Средства для жироуловителей,Средства для жироуловителей,"5,606,772",781,2950.0%,83.3%,58.2%,190
Продукты / Сода пищевая,Сода пищевая,"5,602,724",435,2150.0%,94.0%,58.9%,157
Аксессуары для тяжелой атлетики,Аксессуары для тяжелой атлетики,"5,599,389","1,882",2750.0%,87.5%,67.6%,179
Средства для разбавления лака,Средства для разбавления лака,"5,598,753","1,756",2750.0%,97.5%,67.8%,74
Продукты / Молоко,Молоко,"5,597,667",683,2150.0%,93.7%,66.0%,40
Продукты / Вафельные стаканчики,Вафельные стаканчики,"5,597,049",825,2150.0%,83.3%,66.9%,52
Мундштуки для сигарет,Мундштуки для сигарет,"5,593,373","2,868",2850.0%,89.7%,68.4%,82
Заглушки для гаджетов,Заглушки для гаджетов,"5,590,247",556,3450.0%,94.7%,50.3%,137
Тенты для электромобилей,Тенты для электромобилей,"5,579,627","1,189",2400.0%,86.7%,68.2%,50
Дом / Доски иконные,Доски иконные,"5,571,870",509,2450.0%,100.0%,59.8%,34
Ювелирные изделия / Ювелирные ручки,Ювелирные ручки,"5,566,764","1,063",3300.0%,100.0%,59.5%,19
Мебель / Магниты мебельные,Магниты мебельные,"5,561,042",613,2650.0%,93.6%,59.6%,172
Посттренировочные комплексы,Посттренировочные комплексы,"5,560,425","2,059",2550.0%,87.1%,70.0%,63
Растяжки поперечного рычага,Растяжки поперечного рычага,"5,550,802","2,418",2650.0%,91.7%,69.9%,64
Сад и дача / Чехлы для клеток,Чехлы для клеток,"5,550,141",599,1650.0%,83.3%,67.5%,259
Салфетки для кормления,Салфетки для кормления,"5,538,230",724,2650.0%,92.2%,61.5%,103
Книги для записи рецептов,Книги для записи рецептов,"5,538,010",525,2950.0%,86.1%,52.8%,200
Панели приборные для мототехники,Панели приборные для мототехники,"5,534,444","1,124",2650.0%,100.0%,66.4%,147
Коврики для садовых работ,Коврики для садовых работ,"5,521,836",883,2950.0%,90.1%,60.4%,185
Канцтовары / Уголь художественный,Уголь художественный,"5,516,741",660,2450.0%,83.3%,61.0%,140
Дом / Гусли,Гусли,"5,516,569","5,128",2850.0%,88.9%,69.7%,62
Педали для швейных машин,Педали для швейных машин,"5,512,526","1,738",2550.0%,80.7%,68.8%,86
Сад и дача / Решетки газонные,Решетки газонные,"5,506,092","1,690",2950.0%,92.3%,65.4%,86
Спорт / Экспедиционные ящики,Экспедиционные ящики,"5,504,421","3,332",2750.0%,75.9%,69.3%,48
Заслонки дополнительной подачи воздуха,Заслонки дополнительной подачи воздуха,"5,503,353","2,189",2650.0%,100.0%,69.8%,68
Мужчинам / Пальто,Пальто для малышей,"5,498,049","1,991",3450.0%,34.5%,53.9%,71
Для ремонта / Цемент,Цемент,"5,488,383",688,2050.0%,72.2%,63.4%,79
Изоляторы декоративные,Изоляторы декоративные,"5,487,452",899,2850.0%,100.0%,62.6%,83
Настольные защитные экраны,Настольные защитные экраны,"5,485,107","1,458",2450.0%,85.7%,69.1%,113
Держатели медицинские,Держатели медицинские,"5,483,376",979,2550.0%,93.7%,65.8%,148
Автотовары / Зубила слесарные,Шаберы слесарные,"5,483,259",996,3150.0%,100.0%,60.5%,60
Канцтовары / Туши для рисования,Туши для рисования,"5,472,074",972,2950.0%,72.7%,59.2%,157
Товары для взрослых / Вибропули,Вибропули,"5,448,757","1,567",2950.0%,87.5%,64.7%,131
Зоотовары / Рефлекторы для птиц,Рефлекторы для птиц,"5,442,296",540,2150.0%,100.0%,63.7%,52
Колокольчики музыкальные,Колокольчики музыкальные,"5,436,238","1,055",2850.0%,70.6%,60.8%,181
Наконечники для палок,Наконечники для палок,"5,435,331",765,2750.0%,93.5%,61.3%,114
Системы смазки распредвала,Системы смазки распредвала,"5,431,745",754,2650.0%,50.0%,52.3%,54
Межпальцевые перегородки,Межпальцевые перегородки,"5,429,692",471,2750.0%,84.0%,52.3%,293
Ведра для теннисных мячей,Ведра для теннисных мячей,"5,423,479","1,734",2950.0%,100.0%,65.9%,38
Автотовары / Кольца поршневые,Поршневые пальцы,"5,418,835","1,112",2650.0%,100.0%,66.3%,83
Кисти-сметки парикмахерские,Кисти-сметки парикмахерские,"5,413,358",756,3250.0%,86.5%,55.3%,281
Тачскрины для смартфонов,Тачскрины для смартфонов,"5,406,206",874,2950.0%,100.0%,61.3%,65
Акции / Пневмогравер,Пневмограверы,"5,403,248","1,366",3100.0%,100.0%,63.1%,67
Спорт / Табло судейские,Табло судейские,"5,402,654",703,2950.0%,88.9%,57.7%,130
Дом / Рамы багетные,Рамы автомобильные,"5,400,670","1,243",2650.0%,100.0%,67.1%,85
Контроллеры для насосов,Контроллеры для насосов,"5,390,581","2,909",2950.0%,100.0%,67.7%,76
Переходные кольца,Переходные кольца,"5,388,392","1,068",2800.0%,80.0%,62.6%,62
Электроника / Магнитолы,Магнитолы,"5,376,077","1,717",2450.0%,100.0%,70.8%,104
Формы для облицовочного камня,Формы для облицовочного камня,"5,375,303","1,003",2850.0%,83.3%,61.9%,68
Продукты / Сет,Компакт-кассеты,"5,372,761","1,141",2750.0%,100.0%,65.5%,83
Суппорты тормозные для мототехники,Суппорты тормозные для мототехники,"5,371,203","1,463",2650.0%,33.3%,57.1%,93
Стулья парикмахерские,Стулья парикмахерские,"5,369,295","11,421",2650.0%,86.0%,72.7%,36
Контроллеры видеосигнала,Контроллеры видеосигнала,"5,366,738",767,2350.0%,100.0%,66.1%,43
Канцтовары / Ручки,Шприцы-ручки,"5,362,317",840,2550.0%,91.0%,64.0%,48
Установки развала и схождения колёс,Установки развала и схождения колёс,"5,360,623","1,878",2650.0%,100.0%,69.2%,30
Зоотовары / Духи для животных,Духи для животных,"5,353,897",986,2150.0%,75.0%,67.7%,90
Для ремонта / Кровля наплавляемая,Кровля наплавляемая,"5,348,150",911,2050.0%,93.0%,70.1%,50
Зоотовары / Носки для животных,Носки для животных,"5,343,762",443,2150.0%,57.0%,46.8%,115
Автотовары / Петли бортовые,Петли бортовые,"5,337,993","1,026",2650.0%,85.3%,64.4%,73
Для ремонта / Откос,Откосы,"5,331,820","2,139",2850.0%,66.7%,65.9%,38
Кронштейны для уличных светильников,Кронштейны для уличных светильников,"5,326,711","1,069",2950.0%,100.0%,63.0%,77
Сад и дача / Доски строительные,Доски строительные,"5,324,550","2,507",2650.0%,42.9%,66.1%,58
Аксессуары / Пленка багажная,Пленка багажная,"5,322,003","1,787",3450.0%,91.0%,60.6%,116
Сад и дача / Дровоколы,Дровоколы,"5,312,910","2,596",2950.0%,82.9%,66.8%,117
Мужчинам / Бомберы,Бомберы для малышей,"5,294,586","1,594",3450.0%,56.8%,56.7%,60
Спорт / Получешки,Получешки,"5,285,494","1,244",2600.0%,69.6%,64.8%,57
Дом / Прессы для сока,Прессы для сока,"5,280,438","1,921",2950.0%,90.9%,65.9%,151
Мундштуки для кальяна,Мундштуки для кальяна,"5,271,167",647,2850.0%,74.6%,54.9%,118
Дом / Шейкеры барные,Шейкеры барные,"5,267,727","1,649",2950.0%,73.3%,63.9%,231
Продукты / Пахлава,Пахлава,"5,261,604",619,2150.0%,92.5%,64.5%,90
Игрушки / Геоборды,Геоборды,"5,247,869","1,023",2850.0%,100.0%,63.7%,195
Запчасти для утюгов,Запчасти для утюгов,"5,244,244","1,091",2550.0%,87.5%,66.1%,151
Дом / Вилки поварские,Вилки поварские,"5,244,082",879,2950.0%,85.7%,59.9%,257
Футляры для защитных масок,Футляры для защитных масок,"5,241,721",780,3450.0%,100.0%,55.3%,50
Датчики угла поворота,Датчики угла поворота,"5,233,316","2,014",2650.0%,100.0%,69.5%,72
Суповарки электрические,Суповарки электрические,"5,231,311","3,749",2450.0%,70.7%,72.5%,110
Коврики греющие для рептилий,Коврики греющие для рептилий,"5,230,324","1,742",2150.0%,84.3%,73.1%,161
Обувь / Губки и щётки,Губки малярные,"5,228,149",417,3150.0%,75.8%,43.2%,70
Комплекты одноразовых материалов,Комплекты одноразовых материалов,"5,220,600",869,2850.0%,92.5%,61.5%,103
Дом / Соковарки для плиты,Соковарки для плиты,"5,213,305",674,2950.0%,94.1%,57.9%,85
Акции / Калейдоскоп,Калейдоскопы,"5,211,661",524,2850.0%,85.6%,53.7%,201
Баки для систем фильтрации воды,Баки для систем фильтрации воды,"5,206,872","1,106",2750.0%,84.0%,63.9%,71
Оболочки для колбас искусственные,Оболочки для колбас искусственные,"5,204,435","1,087",2950.0%,66.7%,59.5%,52
Ультразвуковые мойки для медицинских инструментов,Ультразвуковые мойки для медицинских инструментов,"5,202,938","2,983",2550.0%,66.7%,70.5%,77
Подставки для шампуров,Подставки для шампуров,"5,195,715","1,790",2850.0%,86.8%,66.4%,152
Шприц-пистолеты Калашникова,Шприц-пистолеты Калашникова,"5,186,880","1,915",2550.0%,85.0%,69.6%,20
Регуляторы нагнетаемого воздуха,Регуляторы нагнетаемого воздуха,"5,183,428","2,115",2650.0%,100.0%,69.7%,26
Продукты / Кускус,Кускус,"5,177,430",808,2150.0%,91.2%,67.6%,63
Кронштейны запасного колеса для прицепа,Кронштейны запасного колеса для прицепа,"5,176,057","1,082",2650.0%,100.0%,66.1%,72
Для ремонта / Вилки силовые,Вилки для самокатов,"5,174,209","1,992",2750.0%,89.5%,68.0%,74
Вкладыши для слуховых аппаратов,Вкладыши для слуховых аппаратов,"5,160,769",852,2550.0%,93.6%,64.5%,94
Здоровье / Писсуар,Писсуары,"5,149,287",855,3150.0%,100.0%,59.1%,124
Мебель / Столики винные,Столики винные,"5,140,982","1,749",2650.0%,61.9%,66.1%,161
Дыхательные контуры,Дыхательные контуры,"5,139,585",692,2550.0%,82.8%,60.5%,80
Торсионы автомобильные,Торсионы автомобильные,"5,123,685","2,971",2650.0%,100.0%,70.8%,50
Зоотовары / Аптечки ветеринарные,Аптечки ветеринарные,"5,113,003",842,2150.0%,100.0%,69.0%,75
Активаторы для слаймов,Активаторы для слаймов,"5,108,278",517,3250.0%,75.0%,46.9%,42
Игрушки / Клей для слаймов,Клей для слаймов,"5,107,027",561,2950.0%,89.0%,54.5%,84
Колпачки для пигментов,Колпачки для пигментов,"5,099,520",654,2750.0%,92.2%,59.3%,127
Сад и дача / Серпы,Серпы,"5,092,424",804,2950.0%,79.2%,57.9%,222
Спорт / Чехлы на руку,Чехлы на руку,"5,090,243",535,2950.0%,83.7%,52.6%,118
Юбки для малышей,Юбки для малышей,"5,086,857",807,3450.0%,56.2%,47.9%,137
Контроллеры для микроэлектроники,Контроллеры для микроэлектроники,"5,070,018",943,2850.0%,78.6%,60.7%,95
Насосы для надувных бассейнов,Насосы для надувных бассейнов,"5,065,019","1,616",2850.0%,66.7%,64.1%,154
Для ремонта / Лепнина,Лепнина,"5,064,874","1,131",2850.0%,100.0%,64.4%,54
Тормоза механические дисковые,Тормоза механические дисковые,"5,062,760",926,2750.0%,92.5%,63.2%,106
Красота / Полоски для век,Полоски для век,"5,061,913",604,2750.0%,89.9%,57.8%,202
Аксессуары для газовых грилей,Аксессуары для газовых грилей,"5,057,527","1,194",2850.0%,68.8%,61.8%,86
Аксессуары / Ремни,Ремни для чемоданов,"5,054,621","1,179",3450.0%,89.6%,57.9%,171
Наборы для наращивания ресниц,Наборы для наращивания ресниц,"5,053,525",640,3250.0%,96.6%,54.6%,209
Сад и дача / Кирпичи гибкие,Кирпичи гибкие,"5,050,350","1,749",2850.0%,42.9%,60.8%,39
Дом / Ложки музыкальные,Ложки музыкальные,"5,049,478",654,2850.0%,78.1%,55.8%,93
Дом / Стабилизаторы тканей,Стабилизаторы тканей,"5,039,766",546,2950.0%,95.4%,55.1%,54
Чехлы для швейных машин,Чехлы для швейных машин,"5,036,869",547,2950.0%,84.0%,53.1%,84
Защитные сидушки детские,Защитные сидушки детские,"5,033,295","1,560",2650.0%,77.8%,66.9%,149
Промывочные насосы для систем отопления,Промывочные насосы для систем отопления,"5,023,757",779,2700.0%,50.0%,52.5%,37
Счетчики механические,Счетчики механические,"5,023,525",343,2450.0%,100.0%,52.2%,132
Для ремонта / Заготовки для ножей,Заготовки ключей,"5,022,235",828,2850.0%,100.0%,61.8%,66
Спорт / Защита велосипеда,Защита велосипеда,"5,021,655",766,2250.0%,90.8%,66.0%,175
Для ремонта / Подвесы для качелей,Подвесы для качелей,"5,019,252","1,280",2850.0%,66.7%,62.1%,127
Дом / Баллоны для сифонов,Баллоны с гелием,"5,014,192","3,219",3250.0%,60.7%,63.4%,25
Красота / Спреи,Спреи для горла,"5,008,556",479,2550.0%,94.4%,56.8%,353
Спорт / Гидрошорты,Гидрошорты,"5,005,119","1,492",3450.0%,61.9%,56.8%,33
Системы приучения кошек к унитазу,Системы приучения кошек к унитазу,"4,995,584","1,063",2150.0%,83.3%,69.5%,142
Препараты для лечения глаз и ушей у животных,Препараты для лечения глаз и ушей у животных,"4,988,649",660,2150.0%,100.0%,66.4%,78
Дом / Подарочные сумки,Подарочные сумки,"4,983,300",576,3250.0%,84.2%,51.0%,201
Дом / Упаковки для яиц,Упаковки для яиц,"4,981,807","1,613",2950.0%,92.4%,65.1%,128
Дом / Грибки для штопки,Грибки для штопки,"4,975,989",776,2450.0%,92.6%,64.4%,58
Аксессуары / Сумки-тележки,Тележки для ранцев,"4,973,511","1,319",3450.0%,100.0%,59.4%,39
Спорт / Тормоза ободные,Тормоза ободные,"4,973,389",544,2750.0%,83.9%,54.9%,149
Конверты для сервировки,Конверты для сервировки,"4,968,014",728,2950.0%,77.6%,56.3%,344
Кубики для охлаждения,Кубики для охлаждения,"4,967,452",815,2150.0%,87.4%,67.3%,276
Боди послеоперационные,Боди послеоперационные,"4,960,210",882,2550.0%,71.5%,61.8%,35
Молочные коктейли детские,Молочные коктейли детские,"4,956,231","1,057",2450.0%,100.0%,67.9%,20
Товары для взрослых / Чулки эротик,Чулки эротик,"4,952,262",706,2950.0%,61.7%,52.1%,101
Сумки для выращивания рассады,Сумки для выращивания рассады,"4,951,837",946,2950.0%,85.4%,60.6%,98
Спорт / Подушки апперкотные,Подушки апперкотные,"4,944,035","3,302",2750.0%,50.0%,67.7%,57
Кронштейны для лебедок,Кронштейны для лебедок,"4,942,098","1,199",2600.0%,50.0%,60.7%,42
Аксессуары для детской мебели,Аксессуары для детской мебели,"4,938,943",821,2650.0%,82.6%,61.7%,172
Игрушки / Фрисби,Фрисби,"4,935,203",736,2850.0%,93.0%,59.8%,294
Наволочки для малышей,Наволочки для малышей,"4,931,379",874,2650.0%,90.9%,63.4%,72
Для ремонта / Клипсатор,Клипсаторы,"4,918,136","1,210",3150.0%,77.8%,60.0%,79
Комплектующие регуляторов давления,Комплектующие регуляторов давления,"4,911,258","1,311",2650.0%,100.0%,67.4%,51
Трубки трахеостомические,Трубки трахеостомические,"4,910,113","1,448",3250.0%,90.4%,61.4%,47
Дом / Пледы,Пледы для животных,"4,904,841",860,2150.0%,83.0%,67.3%,139
Продукты / Сыры сухие,Сыры сухие,"4,898,963",719,2150.0%,91.3%,66.3%,40
Электроника / Видеоглазки,Глазки дверные,"4,897,829",537,2850.0%,80.6%,53.0%,124
Для ремонта / Болты,Болты для самокатов,"4,895,302",989,2750.0%,100.0%,64.4%,38
Продукты / Готовые десерты,Готовые десерты,"4,894,711",936,2150.0%,66.7%,65.7%,108
Автотовары / Чехлы для багажников,Чехлы для багажников,"4,893,964","2,384",2650.0%,75.0%,69.0%,75
Дом / Гусятницы,Гусятницы,"4,893,775","2,190",2950.0%,60.0%,64.4%,51
Автотовары / Реле для мототехники,Реле для мототехники,"4,891,754",696,2650.0%,74.3%,58.0%,141
Дом / Мишура,Мишура,"4,890,028",624,3250.0%,88.9%,53.1%,312
Спорт / Планки спортивные,Ответные планки,"4,889,526",936,2850.0%,100.0%,63.0%,62
Спорт / Набор для рыбалки,Балки поперечные,"4,888,185","3,454",2650.0%,100.0%,71.2%,40
Дом / Лески для спиц,Лески для спиц,"4,884,992",746,2950.0%,83.7%,57.7%,83
Спорт / Тормозные ручки,Тормозные ручки,"4,879,583",909,2750.0%,88.9%,62.6%,215
Дом / Стулья для музыканта,Стулья для музыканта,"4,878,104","7,019",2650.0%,100.0%,72.4%,30
Для ремонта / Текстурные,Урны для праха,"4,874,695","1,093",2950.0%,40.0%,52.2%,92
Спорт / Ножи для ледобуров,Ножи для ледобуров,"4,871,597",661,2750.0%,84.7%,58.2%,205
Корректоры осанки электронные,Корректоры осанки электронные,"4,869,028",623,2750.0%,50.0%,46.8%,85
Канцтовары / Маркировочные ленты,Маркировочные ленты,"4,866,699","1,052",2950.0%,100.0%,62.9%,135
Черпаки-шумовки рыбацкие,Черпаки-шумовки рыбацкие,"4,864,964",457,2750.0%,86.8%,52.3%,125
Спорт / Ножницы рыболовные,Ножницы рыболовные,"4,862,537",492,2450.0%,93.4%,58.1%,146
Здоровье / Протезы и аксессуары,Протезы и аксессуары,"4,854,304","2,245",3250.0%,87.5%,63.4%,47
Устройства запирания автомобильные,Устройства запирания автомобильные,"4,853,729","1,213",2650.0%,100.0%,66.9%,104
Дом / Каподастры,Каподастры,"4,852,922",724,2850.0%,87.8%,58.9%,125
Для ремонта / Энергосберегатели,Энергосберегатели,"4,846,653",377,2850.0%,100.0%,50.3%,39
Дом / Сливники для чая,Сливники для чая,"4,845,740","1,566",2950.0%,100.0%,65.4%,77
Спорт / Пульсометры,Пульсометры,"4,843,862","1,821",2950.0%,83.3%,65.2%,78
Аксессуары / Бутоньерки,Бутоньерки,"4,840,051",596,2850.0%,100.0%,58.1%,163
Дом / Подставки для саджа,Подставки для саджа,"4,837,622","2,314",2950.0%,100.0%,67.0%,53
Чехлы для электронных сигарет,Чехлы для электронных сигарет,"4,833,849",685,2850.0%,66.7%,54.0%,46
Автотовары / Реостаты отопителя,Реостаты отопителя,"4,830,361","2,545",2650.0%,100.0%,70.4%,63
Сад и дача / Крючки для коляски,Крючки для коляски,"4,828,205",626,2650.0%,95.2%,60.1%,226
Для ремонта / Бордюры для ванны,Бордюры для обоев,"4,826,939",311,2850.0%,84.2%,40.9%,63
Мужчинам / Жилеты медицинские,Жилеты медицинские,"4,822,779","2,474",3450.0%,50.0%,59.0%,29
Обувь / Шнурки,Шнурки для очков,"4,819,091",504,3450.0%,90.0%,47.9%,249
Повязки послеоперационные,Повязки послеоперационные,"4,818,120",989,2550.0%,100.0%,66.4%,28
Автотовары / Ареометры,Ареометры,"4,807,501",733,2650.0%,85.4%,60.7%,180
Другие ортодонтические инструменты,Другие ортодонтические инструменты,"4,806,285",832,2750.0%,86.6%,61.4%,76
Дом / Дозаторы для ванной,Дозаторы шприцевые,"4,806,244","1,504",2550.0%,95.1%,68.9%,69
Сервисные книжки автомобиля,Сервисные книжки автомобиля,"4,791,307",720,2650.0%,100.0%,62.4%,55
Дом / Наклейки для пианино,Наклейки для пианино,"4,781,070",624,2850.0%,89.0%,57.1%,81
Подставки для парикмахерских инструментов,Подставки для парикмахерских инструментов,"4,771,728",856,3250.0%,86.4%,56.7%,166
Валики художественные,Валики художественные,"4,766,307",678,2950.0%,100.0%,58.7%,113
Крестильные рубашки для малышей,Крестильные рубашки для малышей,"4,747,454","1,359",3450.0%,50.7%,53.9%,45
Пульты для MP3-плееров,Пульты для MP3-плееров,"4,747,226",969,2850.0%,100.0%,63.2%,43
Горелки спиртовые туристические,Горелки спиртовые туристические,"4,733,408",711,2750.0%,90.9%,60.1%,105
Здоровье / Капли ушные,Капли ушные,"4,726,111",641,2650.0%,94.3%,60.3%,191
Спорт / Груз для погружения,Груз для погружения,"4,718,820","1,543",2950.0%,100.0%,65.3%,41
Педально-рычажные детали,Педально-рычажные детали,"4,718,082",923,2650.0%,85.7%,63.4%,118
Красота / Квасцовые камни,Квасцовые камни,"4,703,788",417,3250.0%,95.0%,47.3%,110
Светофильтры сварочные,Светофильтры сварочные,"4,701,780",608,2850.0%,90.1%,56.9%,81
Бачки тормозной жидкости,Бачки тормозной жидкости,"4,701,064","1,128",2650.0%,100.0%,66.4%,115
Электроника / Дисплеи для камер,Дисплеи для камер,"4,694,867",927,2700.0%,100.0%,64.4%,101
Книги / Интеллект-карты,Интеллект-карты,"4,694,363",953,2950.0%,81.6%,60.2%,75
Клипсы для бюстгальтера,Клипсы для бюстгальтера,"4,693,476",794,3450.0%,92.8%,54.6%,108
Спорт / Дартс детский,Дартс детский,"4,692,403",848,2750.0%,85.1%,61.4%,218
Сад и дача / Тапочки для бани,Тапочки для бани,"4,691,657",837,2850.0%,61.4%,55.9%,115
Детям / Перчатки для малышей,Перчатки для малышей,"4,683,477",378,3450.0%,65.9%,33.4%,119
Автотовары / Багажные боксы,Багажные бирки,"4,680,682",620,3450.0%,87.7%,50.8%,107
Мужчинам / Термободи,Термободи,"4,680,451","2,349",3450.0%,30.1%,54.2%,24
Автотовары / Валы карданные,Валы спидометра,"4,671,013","1,010",2650.0%,75.0%,62.9%,97
Дом / Фототюль,Фототюль,"4,666,949","1,905",2950.0%,70.0%,64.5%,69
Коврики для тренажеров,Коврики для тренажеров,"4,665,621","2,424",2750.0%,76.5%,68.2%,84
Впитывающие вкладыши для подгузников,Впитывающие вкладыши для подгузников,"4,646,100","1,055",2650.0%,86.5%,64.7%,147
Обувь / Ластики для обуви,Ластики для обуви,"4,640,466","1,405",3450.0%,89.6%,59.1%,102
Комплекты для купания новорожденных,Комплекты для купания новорожденных,"4,636,493",974,2650.0%,66.7%,61.2%,91
Уход за парикмахерскими инструментами,Уход за парикмахерскими инструментами,"4,635,238","1,097",3250.0%,92.8%,59.6%,146
Стеллажи туристические,Стеллажи туристические,"4,632,185","1,054",2750.0%,100.0%,64.9%,52
Блоки подготовки воздуха тонкой очистки,Блоки подготовки воздуха тонкой очистки,"4,624,345","1,858",2600.0%,100.0%,69.7%,37
Электроника / Скрепки для сим-карт,Скрепки для сим-карт,"4,624,213",887,2750.0%,100.0%,63.5%,64
Зоотовары / Напитки для животных,Напитки для животных,"4,621,974","1,220",2150.0%,87.1%,71.0%,44
Теплоизоляционный материал для авто,Теплоизоляционный материал для авто,"4,618,952","2,126",2650.0%,88.9%,69.3%,105
Клинки для ларингоскопа,Клинки для ларингоскопа,"4,609,405","8,920",2550.0%,82.3%,73.4%,4
Подставки для рук компьютерные,Подставки для рук компьютерные,"4,608,875","1,744",2650.0%,100.0%,68.9%,127
Комплекты транспортировочные для генераторов,Комплекты транспортировочные для генераторов,"4,606,614","3,066",3050.0%,100.0%,66.9%,32
Для ремонта / Плитка ковровая,Плитка ковровая,"4,603,334","1,573",2850.0%,69.2%,64.2%,21
Детям / Док-станции,Станции штукатурные,"4,601,503","1,358",3100.0%,100.0%,63.1%,43
Приспособления для надевания белья,Приспособления для надевания белья,"4,589,983","1,027",2500.0%,76.5%,64.8%,145
Дом / Соль таблетированная,Соль таблетированная,"4,584,103",821,2950.0%,40.0%,46.1%,101
Электроника / Чехлы для трекеров,Чехлы для трекеров,"4,576,633",624,3450.0%,79.0%,49.3%,114
Продукты / Тапиока,Тапиока,"4,572,599",917,2150.0%,87.8%,68.6%,85
Аэрографы косметические,Аэрографы косметические,"4,571,739","1,391",2550.0%,100.0%,68.7%,58
Для ремонта / Поддоны для душа,Поддоны для гриля,"4,565,978","2,072",2950.0%,100.0%,66.6%,107
Брелоки для самозащиты,Брелоки для самозащиты,"4,564,363",683,2750.0%,80.9%,58.0%,131
Видеорегистраторы для мотоциклов,Видеорегистраторы для мотоциклов,"4,563,291","2,744",2650.0%,100.0%,70.6%,56
Ювелирные изделия / Драгоценные камни,Драгоценные камни,"4,553,387",473,3300.0%,100.0%,50.1%,44
Спорт / Антифог,Антифог,"4,551,565",481,2750.0%,92.8%,54.6%,99
Дом / Наклейки для гитар,Наклейки для гитар,"4,544,703",374,2850.0%,80.7%,45.0%,120
Дом / Киперы для бутылок,Киперы для бутылок,"4,544,298",879,2950.0%,100.0%,61.4%,98
Бытовая техника / Ионизаторы воздуха,Ионизаторы воздуха,"4,543,655","1,565",2550.0%,93.3%,69.0%,79
Вешалки для одежды животным,Вешалки для одежды животным,"4,538,162",946,2150.0%,100.0%,70.0%,127
Канцтовары / Кистемойки,Кистемойки,"4,535,437",878,2950.0%,76.9%,58.7%,130
Спорт / Тренчики для шпор,Тренчики для шпор,"4,532,735",766,2750.0%,100.0%,62.1%,150
Комплектующие усиленной подвески,Комплектующие усиленной подвески,"4,528,724","2,471",2650.0%,100.0%,70.3%,64
Держатели заднего переключателя,Держатели заднего переключателя,"4,516,147",362,2250.0%,100.0%,55.4%,65
Ботинки гравитационные,Ботинки гравитационные,"4,511,991","2,000",2750.0%,90.9%,68.1%,38
Крепления для гамаков,Крепления для гамаков,"4,501,122","1,678",2950.0%,100.0%,65.7%,57
Игрушки / Дуги игровые,Дуги игровые,"4,499,371","1,306",2850.0%,94.7%,65.0%,136
Трубки газоотводные для новорожденных,Трубки газоотводные для новорожденных,"4,493,436",464,2650.0%,88.1%,53.9%,63
Автотовары / Съемники,Съемники крючков,"4,493,152",537,2750.0%,100.0%,57.6%,77
Для ремонта / Жироуловители,Жироуловители,"4,486,283",798,2050.0%,86.5%,67.9%,42
Дом / Баллоны для сифонов,Баллоны для сифонов,"4,483,427","1,691",2950.0%,93.9%,65.5%,59
Держатели для клубка пряжи,Держатели для клубка пряжи,"4,476,854",882,2950.0%,91.7%,60.6%,124
Дом / Простыни для малышей,Простыни для малышей,"4,468,794",828,2650.0%,100.0%,63.8%,80
Автотовары / Фиксаторы пружины,Фиксаторы эротик,"4,467,155","1,392",2950.0%,81.4%,63.4%,86
Спорт / Застежки рыболовные,Застежки рыболовные,"4,453,340",333,2250.0%,93.0%,51.7%,199
Для ремонта / Винты-конфирматы,Винты-конфирматы,"4,452,117",680,2850.0%,88.8%,58.3%,188
Стекла для сварочных масок,Стекла для сварочных масок,"4,451,784",537,2850.0%,92.9%,55.5%,138
Мужчинам / Зажимы для галстука,Зажимы для галстука,"4,445,855",597,2850.0%,50.0%,44.7%,202
Электрические консервные ножи,Электрические консервные ножи,"4,429,234",902,2450.0%,75.0%,63.7%,70
Продукты / Карамель жидкая,Карамель жидкая,"4,428,212",495,2150.0%,93.9%,61.3%,154
Сад и дача / Ловушки для ос,Ловушки для ос,"4,424,754",526,2350.0%,100.0%,61.3%,123
Трубочки для бутылочек,Трубочки для бутылочек,"4,423,642","1,019",2150.0%,93.9%,70.1%,161
Дом / Вода для утюгов,Вода для утюгов,"4,422,130",294,2950.0%,91.8%,40.9%,89
Чехлы для фиджет спиннеров,Чехлы для фиджет спиннеров,"4,421,131",450,2850.0%,95.8%,52.9%,38
Сад и дача / Лейки,Лейки детские,"4,418,036","1,537",2350.0%,87.5%,70.6%,131
Электроника / Стекла защитные,Лобовые стекла,"4,412,715","2,031",2650.0%,100.0%,69.6%,69
Аксессуары для газовых ламп,Аксессуары для газовых ламп,"4,408,551","1,035",2750.0%,75.0%,62.2%,94
Акции / Калауд,Калауды,"4,405,546",618,2850.0%,88.0%,56.8%,126
Для ремонта / Кладочный раствор,Кладочный раствор,"4,405,432","1,230",2800.0%,83.2%,64.2%,67
Стетоскопы механические,Стетоскопы механические,"4,401,642",900,2650.0%,97.0%,64.3%,98
Продукты / Нектары,Нектары,"4,395,040",605,2150.0%,100.0%,65.3%,61
Спорт / Веревки альпинистские,Альпинистские каски,"4,394,628","2,703",2750.0%,66.7%,68.1%,76
Электроды медицинские,Электроды медицинские,"4,393,228",952,2750.0%,90.2%,63.2%,107
Для ремонта / Ножки для ванн,Ножки для ванн,"4,379,871","1,817",2750.0%,71.4%,66.3%,64
Продукты / Морсы,Морсы,"4,370,359",565,2150.0%,88.9%,62.6%,41
Оперения для дротиков,Оперения для дротиков,"4,368,314",408,2750.0%,81.8%,48.5%,49
Зоотовары / Воск для лап,Воск для лап,"4,365,793",608,2150.0%,94.3%,64.6%,175
Аксессуары для биотуалетов,Аксессуары для биотуалетов,"4,365,190","1,274",2850.0%,100.0%,65.2%,84
Спорт / Лапа,Клапаны оконные,"4,361,811","1,324",2850.0%,89.0%,64.7%,86
Мужчинам / Термошорты,Термошорты,"4,359,770",952,3450.0%,63.2%,52.2%,69
Накладки для проема стеклоочистителей,Накладки для проема стеклоочистителей,"4,358,111",399,2650.0%,100.0%,53.4%,88
Утеплители для одежды,Утеплители для одежды,"4,355,962",988,2950.0%,85.7%,61.0%,60
Мебель / Кресла плетеные,Кресла плетеные,"4,354,006","7,353",2650.0%,92.1%,72.3%,31
Спорт / Подножки велосипедные,Подножки для колясок,"4,351,745","1,428",2650.0%,80.3%,66.5%,64
Блоки управления для конвекторов,Блоки управления для конвекторов,"4,350,236",382,2550.0%,75.0%,46.6%,45
Дом / Крахмал для белья,Крахмал для белья,"4,350,069","1,800",2950.0%,91.0%,65.6%,146
Красота / Пуфы бескаркасные,Пуфы бескаркасные,"4,348,066","3,934",2150.0%,50.0%,74.4%,45
Светоотражатели детские,Светоотражатели детские,"4,334,444",487,2150.0%,88.1%,59.9%,216
Кормушки-поилки для рептилий,Кормушки-поилки для рептилий,"4,329,246","1,176",2150.0%,78.0%,69.8%,154
Ювелирные изделия / Ювелирные зажимы,Ювелирные зажимы,"4,317,979",898,3300.0%,48.6%,48.7%,48
Электроника / Пульты для камер,Пульты для камер,"4,303,800","1,166",2800.0%,95.6%,64.8%,85
Здоровье / Отоскоп,Отоскопы,"4,279,502","1,115",3150.0%,92.3%,60.7%,94
Лестницы реабилитационные,Лестницы реабилитационные,"4,278,566","1,490",2550.0%,78.3%,67.6%,86
Солемеры,Солемеры,"4,277,839",493,2750.0%,100.0%,56.3%,93
Продукты / Кальмар сушеный,Кальмар сушеный,"4,277,604",695,2150.0%,92.0%,66.0%,55
Медиа на USB-накопителе,Медиа на USB-накопителе,"4,275,154","1,483",2950.0%,94.6%,64.8%,78
Красота / Основы под лаки,Основы под лаки,"4,270,250",648,3250.0%,91.6%,54.0%,185
Электрическая плита для углей,Электрическая плита для углей,"4,266,814","1,202",2850.0%,80.2%,63.2%,77
Скальпели медицинские,Скальпели медицинские,"4,264,888",626,2550.0%,94.3%,60.9%,55
Автотовары / Чехлы,Чехлы для переносок,"4,253,007","1,626",2150.0%,100.0%,73.6%,62
Прессы для зубной пасты,Прессы для зубной пасты,"4,248,469",522,2450.0%,94.0%,59.2%,337
Автотовары / Фиксаторы пружины,Фиксаторы для очков,"4,246,476",452,3450.0%,87.3%,45.2%,111
Продукты / Фасоль,Фасоль,"4,246,242",603,2150.0%,94.3%,64.4%,157
Аксессуары для детских горшков,Аксессуары для детских горшков,"4,245,677","1,232",2150.0%,94.7%,71.6%,124
Здоровье / Бурсопротектор,Бурсопротекторы,"4,244,906",484,2550.0%,85.8%,55.2%,197
Вставки в монтажную головку,Вставки в монтажную головку,"4,241,178",834,2650.0%,100.0%,63.9%,29
Размораживатели замков и стекол,Размораживатели замков и стекол,"4,240,043",480,2650.0%,86.5%,54.2%,235
Товары для взрослых / Пеньюары эротик,Пеньюары эротик,"4,231,116","1,509",2950.0%,58.5%,61.4%,65
Электрокардиографы портативные,Электрокардиографы портативные,"4,230,163","1,003",2550.0%,95.0%,66.1%,13
Бытовая техника / Гладильные прессы,Гладильные прессы,"4,227,542","2,981",2550.0%,100.0%,71.8%,67
Чехлы для мини-кинотеатров,Чехлы для мини-кинотеатров,"4,216,406","1,855",3450.0%,100.0%,61.2%,34
Отсасыватели хирургические,Отсасыватели хирургические,"4,215,115","12,385",2550.0%,87.5%,73.8%,11
Мебель / Наматрасники детские,Наматрасники детские,"4,213,499","2,774",2650.0%,75.0%,69.7%,62
Мужчинам / Термокомбинезоны,Термокомбинезоны,"4,211,588","2,161",3450.0%,56.7%,59.0%,36
Дом / Кабины душевые,Кабины примерочные,"4,210,314",823,2650.0%,78.8%,61.2%,32
Красота / Праймеры для тела,Праймеры для тела,"4,201,981",880,3250.0%,85.0%,56.8%,279
Для ремонта / Серпянка,Серпянка,"4,201,244",530,2350.0%,92.2%,60.1%,135
Скотч для наращивания ресниц,Скотч для наращивания ресниц,"4,198,945",456,2750.0%,100.0%,55.0%,181
Электроника / Телесуфлер,Телесуфлеры,"4,193,801",335,2700.0%,100.0%,49.1%,59
Автотовары / Чехлы,Чехлы для бритв,"4,193,636",605,3450.0%,90.7%,50.9%,172
Спорт / Рога на руль,Рога на руль,"4,188,475",647,2750.0%,100.0%,60.1%,161
Спорт / Клапаны для лодок,Клапаны для лодок,"4,176,369",756,2750.0%,83.3%,59.8%,121
Спорт / Шары для бильярда,Шары для бильярда,"4,172,103","1,050",2750.0%,87.1%,63.8%,55
Спорт / Веревки альпинистские,Альпинистские кошки,"4,169,188",688,2750.0%,80.0%,58.0%,69
Средства для ухода за баней и сауной,Средства для ухода за баней и сауной,"4,169,057",766,2800.0%,94.7%,61.0%,94
Зоотовары / Муравьиные фермы,Муравьиные фермы,"4,166,900","1,532",2150.0%,100.0%,73.3%,55
Канцтовары / Смывки для клея,Смывки для клея,"4,164,344","1,130",2950.0%,100.0%,63.4%,87
Дом / Наколенники детские,Наколенники детские,"4,159,410",516,2650.0%,85.1%,55.3%,174
Электроника / Шторки для веб-камер,Шторки для веб-камер,"4,151,087",341,1950.0%,87.7%,53.8%,70
Напальчники одноразовые,Напальчники одноразовые,"4,146,985",390,3250.0%,94.1%,45.7%,155
Дом / Вешалки встраиваемые,Вешалки встраиваемые,"4,134,189",982,2650.0%,66.7%,61.3%,146
Шапки-шлемы для малышей,Шапки-шлемы для малышей,"4,132,321",652,3450.0%,44.9%,38.2%,84
Красота / Закрепители для лака,Закрепители для лака,"4,131,267",526,3250.0%,91.0%,50.8%,238
Автотовары / Чехлы,Чехлы для рукоделия,"4,127,229",895,2950.0%,94.7%,61.1%,86
Спорт / Герметики спортивные,Герметики спортивные,"4,115,628",476,2950.0%,100.0%,53.7%,49
Бытовая техника / Втулки для мясорубок,Втулки для мясорубок,"4,108,471",387,1950.0%,94.4%,58.6%,186
Аксессуары / Снуды,Снуды для малышей,"4,099,708",539,3450.0%,61.0%,41.2%,52
Спорт / Жидкие латки,Жидкие латки,"4,094,695",522,2250.0%,93.8%,61.2%,135
Дом / Эмбоссеры ручные,Эмбоссеры ручные,"4,093,393",963,2950.0%,100.0%,62.2%,42
Термопеналы для инсулина,Термопеналы для инсулина,"4,092,134","1,270",3150.0%,77.0%,60.3%,60
Дом / Крючки для сумок,Крючки для сумок,"4,087,648",577,2150.0%,89.3%,63.0%,153
Прокладки компрессора,Прокладки компрессора,"4,079,310","1,021",2650.0%,100.0%,65.7%,52
Ниппели для бескамерной установки,Ниппели для бескамерной установки,"4,078,426",535,2250.0%,94.2%,61.6%,97
Аксессуары / Накладные плечи,Накладные плечи,"4,074,354",504,3450.0%,87.2%,47.3%,64
Аксессуары для игрушек эротик,Аксессуары для игрушек эротик,"4,072,973","1,046",2950.0%,84.4%,61.4%,119
Гидроуровни,Гидроуровни,"4,069,643",854,3150.0%,91.8%,58.3%,94
Накидки маскировочные,Накидки маскировочные,"4,067,887","1,486",2950.0%,94.2%,64.8%,89
Усилители телевизионные,Усилители телевизионные,"4,067,111",930,2900.0%,92.9%,61.7%,115
Дом / Молоковарки,Молоковарки,"4,062,957","2,559",2950.0%,90.7%,67.1%,131
Продукты / Орехи в меду,Орехи в меду,"4,062,281",737,2150.0%,85.3%,65.8%,79
Продукты / Квас,Квас,"4,060,773",810,2150.0%,97.5%,68.4%,86
Электроника / Накладки на стики,Накладки на стики,"4,044,163",389,2950.0%,89.8%,47.6%,117
Противорвотные препараты для животных,Противорвотные препараты для животных,"4,025,787","1,674",2150.0%,79.8%,72.5%,32
Сальники водяного насоса,Сальники водяного насоса,"4,025,540","1,964",2650.0%,100.0%,69.4%,59
Детям / Утилизаторы,Утилизаторы,"4,023,965",987,2650.0%,100.0%,65.4%,42
Дом / Горны музыкальные,Горны музыкальные,"4,020,442","2,501",2850.0%,100.0%,68.3%,34
Шагомеры,Шагомеры,"4,017,039",525,2750.0%,50.0%,42.0%,86
Средства для чистки оптики,Средства для чистки оптики,"4,011,845","1,128",2850.0%,92.1%,63.8%,132
Спорт / Подседельные хомуты,Подседельные хомуты,"4,010,623",495,2250.0%,94.6%,60.4%,136
Трафареты для макияжа,Трафареты для макияжа,"4,006,881",668,3250.0%,90.1%,54.2%,216
Автотовары / Система смазки,Смазки спортивные,"4,004,922",955,2950.0%,92.1%,61.4%,140
Сад и дача / Гроубоксы,Гроубоксы,"3,999,838","5,576",2900.0%,73.8%,69.1%,35
Дом / Постеры в рамах,Постеры в рамах,"3,995,276","2,769",2950.0%,31.2%,61.3%,66
Спорт / Пэды спортивные,Пэды спортивные,"3,990,974","1,010",2750.0%,100.0%,64.6%,44
Зоотовары / Сачки для аквариума,Сачки для аквариума,"3,986,979",512,1650.0%,85.9%,65.3%,230
Электроника / Рефлекторы,Рефлекторы,"3,979,724",729,2750.0%,44.8%,48.0%,57
Зацепы для скалодрома,Зацепы для скалодрома,"3,966,503","1,497",2750.0%,100.0%,67.2%,59
Подогреватели дизельного топлива,Подогреватели дизельного топлива,"3,965,369","2,408",2650.0%,100.0%,70.2%,52
Продукты / Смузи,Смузи,"3,962,244",704,2150.0%,98.1%,66.9%,59
Дом / Краски фестивальные,Краски фестивальные,"3,961,692",651,3250.0%,77.8%,51.7%,118
Дом / Захваты для банок,Захваты рыболовные,"3,960,895",541,2750.0%,86.4%,55.4%,139
Ремкомплекты для резиновых лодок,Ремкомплекты для резиновых лодок,"3,960,523",683,2750.0%,92.0%,59.8%,129
Красота / Иглы для пирсинга,Иглы для пирсинга,"3,952,005",670,2750.0%,81.3%,57.8%,83
Сад и дача / Двери технические,Двери технические,"3,944,747",966,2850.0%,100.0%,63.2%,26
Для ремонта / Грозозащита,Грозозащита,"3,921,926","1,006",2850.0%,100.0%,63.6%,83
Дом / Клепки,Клепки,"3,919,648",558,2450.0%,60.9%,51.9%,184
Квадраты металлические,Квадраты металлические,"3,917,268",921,2850.0%,75.0%,59.9%,55
Спорт / Сиропы спортивные,Сиропы спортивные,"3,913,530",866,2550.0%,100.0%,65.3%,43
Для ремонта / Кнопки смыва,Кнопки бижутерные,"3,912,238",677,2850.0%,100.0%,59.7%,150
Детям / Ростомеры,Ростомеры,"3,907,476",898,2650.0%,88.3%,63.4%,271
Аксессуары для пазлов,Аксессуары для пазлов,"3,905,471","1,558",2850.0%,66.7%,63.8%,113
Заглушки вентиляционные,Заглушки вентиляционные,"3,904,260",694,2750.0%,87.5%,59.3%,73
Суспензии для животных,Суспензии для животных,"3,898,903","3,173",2150.0%,73.3%,75.1%,88
Фильтры охлаждающей жидкости,Фильтры охлаждающей жидкости,"3,895,821","1,122",2650.0%,25.0%,45.0%,86
Автотовары / Ролики килевые,Ролики килевые,"3,895,111","1,079",2650.0%,100.0%,66.1%,57
Комплектующие для гипсокартона,Комплектующие для гипсокартона,"3,891,828",832,2850.0%,73.9%,58.5%,80
Водолазки для малышей,Водолазки для малышей,"3,891,193",480,3450.0%,74.6%,43.2%,87
Мужчинам / Накладки для ног,Накладки для ног,"3,888,835",512,3450.0%,50.0%,34.2%,188
Игрушки / Лопатки игрушечные,Лопатки игрушечные,"3,888,604",485,2850.0%,84.7%,52.0%,183
Электроника / Электроквадроцикл,Электроквадроциклы,"3,887,364","1,443",3000.0%,100.0%,64.5%,34
Расширители для бюстгальтера,Расширители для бюстгальтера,"3,885,691",435,3450.0%,88.6%,44.7%,104
Полотна для воздушной гимнастики,Полотна для воздушной гимнастики,"3,885,662","1,481",2750.0%,100.0%,67.1%,57
Стеклохолсты малярные,Стеклохолсты малярные,"3,876,924",668,2850.0%,86.9%,57.7%,85
Приспособления для плетения кос,Приспособления для плетения кос,"3,874,993",571,3450.0%,88.7%,49.7%,122
Адаптеры для тормозной системы,Адаптеры для тормозной системы,"3,867,976","1,004",2250.0%,100.0%,69.5%,74
Дом / Колодки портновские,Колодки портновские,"3,866,248",932,2950.0%,100.0%,61.9%,67
Устройства для намотки пряжи,Устройства для намотки пряжи,"3,861,193","1,522",2950.0%,92.4%,64.8%,78
Профили для поликарбоната,Профили для поликарбоната,"3,854,392","1,007",2850.0%,91.0%,62.8%,37
Дом / Держатели,Держатели для масок,"3,853,311",908,3450.0%,89.0%,55.6%,57
Спорт / Сумки для шайб,Сумки для шайб,"3,843,210","1,275",2750.0%,93.8%,65.8%,49
Спорт / Пояса спасательные,Пояса спасательные,"3,838,979","1,012",2750.0%,81.8%,62.8%,84
Мужчинам / Кальсоны спортивные,Кальсоны спортивные,"3,829,036",600,3450.0%,45.2%,36.0%,63
Красота / Грилзы,Грилзы,"3,828,932",664,3250.0%,53.3%,44.9%,103
Товары для взрослых / Оковы эротик,Оковы эротик,"3,824,370","1,126",2950.0%,100.0%,63.4%,54
Проводка для мототехники,Проводка для мототехники,"3,816,806",977,2650.0%,87.5%,64.1%,82
Виброгасители автомобильные,Виброгасители автомобильные,"3,795,615","1,942",2650.0%,100.0%,69.4%,52
Мебель / Барные стойки,Барные стойки,"3,790,600","5,194",2650.0%,100.0%,72.0%,52
Крестильные платья для малышей,Крестильные платья для малышей,"3,788,322",946,3450.0%,52.7%,49.4%,23
Красота / Стикини,Стикини,"3,787,118",837,3250.0%,93.9%,57.3%,150
Спорт / Струны для ракеток,Струны для ракеток,"3,782,876","1,021",2750.0%,100.0%,64.7%,59
Мужчинам / Термоводолазки,Термоводолазки,"3,781,563","2,203",3450.0%,23.8%,50.2%,38
Дом / Подставки,Подставки для утюгов,"3,781,332",593,2950.0%,100.0%,57.0%,110
Крепления и каркасы для садовых качелей,Крепления и каркасы для садовых качелей,"3,780,071","1,533",2850.0%,80.0%,65.0%,93
Сад и дача / Адресные таблички,Адресные таблички,"3,776,538",852,2950.0%,73.7%,57.8%,105
Сад и дача / Наколенники садовые,Наколенники садовые,"3,768,069",847,2950.0%,84.2%,59.3%,166
Ультразвуковые детекторы,Ультразвуковые детекторы,"3,766,177",620,3150.0%,90.6%,54.3%,53
Скребки для аквариума,Скребки для аквариума,"3,765,409",948,2150.0%,91.5%,69.3%,182
Системы регулирования скорости,Системы регулирования скорости,"3,749,817","1,714",2600.0%,66.7%,67.0%,50
Стерилизаторы для смартфонов,Стерилизаторы для смартфонов,"3,741,785",674,2950.0%,100.0%,58.6%,29
Электроника / Фланцы мебельные,Фланцы мебельные,"3,737,490",605,2850.0%,86.7%,56.2%,73
Электроника / Электроскейтборд,Электроскейтборды,"3,735,641","1,531",3000.0%,100.0%,64.8%,35
Спорт / Лезвия для коньков,Лезвия для коньков,"3,731,192",935,2750.0%,59.3%,58.1%,53
Бытовая техника / Шоколадные фонтаны,Шоколадные фонтаны,"3,724,857","2,215",2450.0%,83.3%,71.2%,102
Сумки для сбора урожая,Сумки для сбора урожая,"3,720,814","1,205",2950.0%,100.0%,63.9%,111
Дом / Карандаши,Карандаши для оптики,"3,720,398",683,2850.0%,90.4%,58.5%,48
Чехлы-накладки для телефонов,Чехлы-накладки для телефонов,"3,705,620",300,2950.0%,77.0%,39.2%,268
Губки для ухода за лежачими больными,Губки для ухода за лежачими больными,"3,691,779","1,221",2500.0%,94.8%,68.1%,62
Держатели для тату машинки,Держатели для тату машинки,"3,683,885",612,3150.0%,79.4%,52.0%,72
Термозащита автомобильная,Термозащита автомобильная,"3,677,457","2,654",2650.0%,90.5%,70.2%,91
Датчик температуры головки цилиндров,Датчик температуры головки цилиндров,"3,674,628",627,2650.0%,88.9%,59.1%,64
Скотч для наращивания волос,Скотч для наращивания волос,"3,671,128",734,3250.0%,82.3%,54.3%,72
Детям / Карманы на кровать,Карманы на кровать,"3,666,298","1,202",2950.0%,86.0%,62.8%,98
Канцтовары / Масла художественные,Масла художественные,"3,664,306",906,2950.0%,75.0%,58.7%,93
Присоски для аквариумов,Присоски для аквариумов,"3,653,790",351,1650.0%,90.6%,58.3%,164
Для ремонта / Коуш,Коуши,"3,648,276",367,2850.0%,89.9%,47.3%,145
Водосгоны автомобильные,Водосгоны автомобильные,"3,643,043",679,2650.0%,91.1%,60.6%,142
Спорт / Петли Береша,Петли Береша,"3,637,178",736,2750.0%,100.0%,61.6%,51
Подсветки для унитаза,Подсветки для унитаза,"3,636,643",837,2950.0%,71.4%,57.1%,147
Зоотовары / Бандажи для животных,Бандажи для животных,"3,626,386","1,016",2150.0%,100.0%,70.6%,78
Автотовары / Бесключевые системы,Бесключевые системы,"3,618,076",840,2650.0%,100.0%,64.0%,69
Подшлемники спортивные,Подшлемники спортивные,"3,615,171",719,2750.0%,83.4%,59.2%,155
Дом / Плододержатели,Плододержатели,"3,609,385","2,253",2450.0%,93.8%,71.7%,199
Дом / Венчальные наборы,Венчальные наборы,"3,606,255",986,2950.0%,100.0%,62.4%,133
Модуляторы видеосигнала,Модуляторы видеосигнала,"3,603,809","1,494",2950.0%,100.0%,65.1%,49
Лезвия для раскройных ножей,Лезвия для раскройных ножей,"3,590,438","1,055",2950.0%,90.0%,62.1%,101
Формы для садовых дорожек,Формы для садовых дорожек,"3,580,828",983,2950.0%,76.3%,59.8%,107
Таблетки для животных,Таблетки для животных,"3,576,129",541,2150.0%,80.0%,60.0%,53
Дом / Чаймсы,Чаймсы,"3,574,795",488,2850.0%,100.0%,55.1%,69
Врезки вентиляционные,Врезки вентиляционные,"3,574,018",763,2750.0%,100.0%,62.0%,30
Сад и дача / Топливные брикеты,Топливные брикеты,"3,569,870",457,2850.0%,90.2%,52.1%,175
Дом / Бубенцы,Бубенцы,"3,558,426","1,172",2850.0%,100.0%,64.7%,116
Кольца для птиц,Кольца для птиц,"3,547,571",792,2150.0%,100.0%,68.4%,145
Сад и дача / Сиденья для плавания,Сиденья для плавания,"3,545,118",879,2750.0%,100.0%,63.4%,69
Товары для взрослых / Увеличители члена,Увеличители члена,"3,542,322","1,331",2950.0%,87.0%,63.6%,116
Насосы для вакуумных пакетов,Насосы для вакуумных пакетов,"3,540,193",916,2650.0%,85.5%,63.3%,165
Продукты / Нут,Нут,"3,539,896",535,1650.0%,94.5%,67.7%,142
Чашки для бюстгальтера,Чашки для бюстгальтера,"3,536,496",430,3450.0%,79.9%,42.2%,73
Дом / Сырорезки,Сырорезки,"3,533,097",522,2950.0%,84.6%,52.4%,269
Для ремонта / Листовые пластики,Листовые пластики,"3,530,410","1,518",2350.0%,78.0%,69.7%,56
Кольца для микрофонов,Кольца для микрофонов,"3,529,928",916,2850.0%,50.0%,54.0%,48
Держатели рыболовных крючков,Держатели рыболовных крючков,"3,526,968",629,2450.0%,86.7%,60.8%,53
Подставки для париков,Подставки для париков,"3,524,050",830,2150.0%,100.0%,68.9%,74
Мужчинам / Бандалетки,Бандалетки,"3,520,478",674,3450.0%,69.7%,48.5%,78
Здоровье / Компрессионные шорты,Компрессионные шорты,"3,516,425",949,2550.0%,65.5%,61.6%,37
Женщинам / Подвязки,Подвязки,"3,516,240",469,3450.0%,77.6%,43.5%,122
Резинки для варежек и перчаток,Резинки для варежек и перчаток,"3,515,462",543,3450.0%,80.0%,47.1%,78
Для ремонта / Носки одноразовые,Носки одноразовые,"3,507,000",429,2850.0%,95.0%,51.9%,115
Очки для ювелирных работ,Очки для ювелирных работ,"3,491,428",626,3450.0%,100.0%,52.7%,86
Автотовары / Тросы подсоса,Тросы подсоса,"3,475,376","1,492",2650.0%,90.2%,67.6%,41
Бытовая техника / Коверлоки,Коверлоки,"3,474,671",852,2550.0%,100.0%,65.1%,22
Автотовары / Чехлы,Чехлы для кия,"3,471,834","1,261",2950.0%,56.7%,59.3%,49
Спорт / Компрессионные мешки,Компрессионные мешки,"3,469,308","1,031",2950.0%,79.0%,60.7%,85
Спорт / Меховушки,Меховушки,"3,462,145","1,054",2950.0%,100.0%,62.9%,37
Комплектующие к ободным тормозам,Комплектующие к ободным тормозам,"3,460,619",842,2750.0%,100.0%,63.0%,175
Зоотовары / Овоскоп,Овоскопы,"3,460,516","2,037",1650.0%,80.0%,78.6%,75
Здоровье / Иглы Губера,Иглы Губера,"3,459,789","1,494",2500.0%,100.0%,69.6%,23
Дом / Шпатели кондитерские,Шпатели медицинские,"3,459,405",616,2550.0%,88.9%,59.9%,112
Дом / Руны,Руны,"3,453,851","1,002",2950.0%,70.4%,59.2%,172
Спорт / Стремена,Стремена,"3,450,096",480,2950.0%,100.0%,53.9%,75
Саморезы для сэндвич панелей,Саморезы для сэндвич панелей,"3,441,739","1,340",2850.0%,87.7%,64.7%,44
Дом / Аэраторы для вин,Аэраторы для вин,"3,439,836",957,2950.0%,66.7%,58.0%,215
Оксиметры,Оксиметры,"3,428,616",632,2750.0%,100.0%,59.8%,47
Акции / Пневмонож,Пневмоножи,"3,427,867","1,513",2650.0%,100.0%,68.2%,19
Для ремонта / Бумага маскировочная,Бумага маскировочная,"3,422,754","1,396",2850.0%,100.0%,65.8%,38
Спорт / Санки,Санки,"3,422,164","2,964",2750.0%,52.4%,67.3%,75
Аксессуары / Венки для волос,Венки для волос,"3,418,285",573,3450.0%,28.6%,16.6%,177
Соединители для коллекторов,Соединители для коллекторов,"3,418,274","1,052",2650.0%,100.0%,65.9%,65
Дом / Палочки для леденцов,Палочки для леденцов,"3,411,681",476,2450.0%,92.4%,57.3%,247
Приборы для настройки спутниковых антенн,Приборы для настройки спутниковых антенн,"3,410,739","1,461",2850.0%,93.4%,65.6%,59
Канцтовары / Расписание настенное,Расписание настенное,"3,409,366",552,2950.0%,90.3%,54.4%,212
Для ремонта / Олифы,Олифы,"3,402,747","1,160",2850.0%,83.3%,63.2%,50
Для ремонта / Пескоуловители,Пескоуловители,"3,402,518","9,822",2750.0%,100.0%,71.7%,15
Зоотовары / Резинки для животных,Резинки для животных,"3,379,226",379,1650.0%,89.0%,59.8%,99
Подсветки для пюпитров,Подсветки для пюпитров,"3,378,819","1,040",2850.0%,100.0%,63.8%,51
Мужчинам / Жакеты,Жакеты для малышей,"3,378,791","1,584",3450.0%,50.0%,55.4%,31
Спорт / Держатели мячей,Держатели мячей,"3,368,721","1,328",2750.0%,66.7%,63.5%,67
Продукты / Хлопья кукурузные,Хлопья кукурузные,"3,368,049",545,1650.0%,95.9%,68.2%,97
Здоровье / Компрессионные гетры,Компрессионные гетры,"3,365,799",833,3150.0%,75.4%,55.8%,71
Дом / Тендерайзеры,Тендерайзеры,"3,365,637",714,2950.0%,93.3%,58.5%,231
Здоровье / Очки против мигрени,Очки против мигрени,"3,362,799",741,3250.0%,100.0%,56.7%,29
Электроника / NFC брелоки,NFC брелоки,"3,362,389",521,2750.0%,87.2%,54.9%,80
Ионизаторы серебряные,Ионизаторы серебряные,"3,357,975","1,426",3300.0%,71.4%,59.1%,41
Электроника / Чехлы-бамперы для телефонов,Бамперы для колясок,"3,351,459","1,510",2650.0%,67.0%,65.6%,64
Автотовары / Очистители фар,Очистители фар,"3,351,409","1,045",2650.0%,100.0%,65.8%,76
Станки для холодной ковки,Станки для холодной ковки,"3,344,090","5,163",2950.0%,100.0%,69.0%,21
Детям / Игрушечные гаражи,Игрушечные мишени,"3,333,269","1,026",2850.0%,94.9%,63.3%,95
Комплектующие сигнальных ламп,Комплектующие сигнальных ламп,"3,327,562",831,2650.0%,100.0%,63.9%,58
Продукты / Кисели детские,Кисели детские,"3,322,787",690,2450.0%,70.0%,58.9%,42
Тестеры искры зажигания,Тестеры искры зажигания,"3,319,086",874,2650.0%,100.0%,64.3%,118
Чехлы для медицинских приборов,Чехлы для медицинских приборов,"3,314,410",698,2950.0%,75.0%,55.2%,106
Фигурки и обереги для бани,Фигурки и обереги для бани,"3,310,553","1,173",2850.0%,83.3%,63.3%,25
Чехлы для детских автокресел,Чехлы для детских автокресел,"3,310,383","1,144",2650.0%,100.0%,66.5%,93
Продукты / Пасты соевые,Пасты соевые,"3,307,026",549,2150.0%,93.5%,62.9%,55
Круги противопролежневые,Круги противопролежневые,"3,301,534",915,2550.0%,80.8%,63.7%,108
Спорт / Велопарковки,Велопарковки,"3,295,678","2,074",2750.0%,83.3%,67.9%,68
Дом / Пинцеты кулинарные,Пинцеты кулинарные,"3,295,076",446,2450.0%,87.5%,55.0%,243
Товары для взрослых / Подушки эротик,Подушки эротик,"3,290,411","2,372",2950.0%,82.3%,66.4%,81
Спорт / Обода велосипедные,Обода велосипедные,"3,290,106","1,389",2750.0%,94.1%,66.4%,72
Капсулы многоразовые для кофемашин,Капсулы многоразовые для кофемашин,"3,285,960",650,1950.0%,75.0%,64.1%,64
Смачиватели для пальцев,Смачиватели для пальцев,"3,283,334",666,2450.0%,100.0%,63.5%,47
Спорт / Повязки капитанские,Повязки капитанские,"3,264,474",339,2950.0%,82.3%,41.8%,81
Бытовая техника / Сыроварни,Сыроварни,"3,262,669",995,2550.0%,79.0%,64.3%,36
Коврики для переобувания,Коврики для переобувания,"3,261,749","1,561",2750.0%,85.4%,66.5%,73
Краны шаровые для газа,Краны шаровые для газа,"3,252,605","1,022",2750.0%,85.7%,63.4%,103
Соединительные элементы масляного радиатора,Соединительные элементы масляного радиатора,"3,251,957","1,884",2600.0%,50.0%,65.5%,19
Продукты / Пишмание,Пишмание,"3,244,316",466,2150.0%,93.3%,60.1%,60
Напальчники спортивные,Напальчники спортивные,"3,243,862",451,2950.0%,88.0%,50.3%,141
Сад и дача / Скиммер,Скиммеры,"3,242,977","2,104",2850.0%,90.2%,67.3%,87
Бытовая техника / Пуговичные машины,Пуговичные машины,"3,242,831",624,2050.0%,100.0%,66.7%,29
Крышки для люков декоративные,Крышки для люков декоративные,"3,242,702","1,073",2950.0%,100.0%,63.0%,97
Сад и дача / Ульи,Ульи,"3,242,459","2,071",2850.0%,83.4%,66.9%,44
Красота / Растворы солевые,Растворы солевые,"3,239,303",655,3250.0%,100.0%,55.3%,76
Специнструменты для главной передачи,Специнструменты для главной передачи,"3,235,856","1,294",2600.0%,100.0%,67.8%,40
Красота / Лэшбоксы,Лэшбоксы,"3,234,521","1,555",3250.0%,84.0%,61.4%,69
Насадки на мастурбатор,Насадки на мастурбатор,"3,233,444","1,425",2950.0%,100.0%,64.9%,54
Акции / Спейсер,Спейсеры,"3,229,004","1,164",2500.0%,74.6%,65.8%,33
Красота / Принтеры для ногтей,Принтеры для ногтей,"3,228,254",672,2550.0%,66.7%,56.6%,42
Компрессионные перчатки,Компрессионные перчатки,"3,223,178",487,3250.0%,61.5%,40.8%,59
Комплектующие для плитки фасадной,Комплектующие для плитки фасадной,"3,222,968","1,404",2850.0%,100.0%,65.8%,87
Товары для взрослых / Анальные шарики,Анальные шарики,"3,221,574","1,163",2950.0%,100.0%,63.6%,102
Детям / Стопомеры,Стопомеры,"3,215,365",609,2650.0%,94.8%,59.6%,83
Спорт / Ногавки для лошадей,Ногавки для лошадей,"3,214,850","1,420",2950.0%,100.0%,64.9%,57
Игрушки / Чехлы для песочниц,Чехлы для песочниц,"3,211,526","1,893",2850.0%,86.0%,66.6%,54
Салазки для накопителей,Салазки для накопителей,"3,205,303","1,819",2450.0%,100.0%,71.1%,91
Спорт / Трапеции спортивные,Трапеции спортивные,"3,203,597",899,2750.0%,100.0%,63.6%,39
Канцтовары / Классные журналы,Классные журналы,"3,202,832",699,2950.0%,89.4%,57.7%,137
Продукты / Молочные коктейли,Молочные коктейли,"3,198,218",841,2150.0%,93.8%,68.4%,45
Фрукты сублимированные,Фрукты сублимированные,"3,197,059",549,2150.0%,75.0%,59.1%,106
Сальники штока сцепления,Сальники штока сцепления,"3,193,502","1,421",2650.0%,100.0%,67.9%,32
Замки зажигания для мототехники,Замки зажигания для мототехники,"3,191,827",893,2650.0%,75.0%,61.6%,137
Детские накидки на стул,Детские накидки на стул,"3,188,614","1,024",2650.0%,75.2%,63.1%,97
Дом / Мостики для скрипки,Мостики для скрипки,"3,187,473",590,2850.0%,77.8%,54.1%,97
Продукты / Крупа пшеничная,Крупа пшеничная,"3,182,773",490,1650.0%,92.3%,65.8%,161
Дом / Металлофоны,Металлофоны,"3,180,661","2,072",2850.0%,50.0%,63.8%,99
Автотовары / Накидки,Накидки на ножки,"3,170,136",769,2650.0%,68.1%,58.2%,55
Сауны и увлажнители для лица,Сауны и увлажнители для лица,"3,167,184","1,414",2550.0%,87.4%,68.0%,126
Электроника / Камеры для коптеров,Камеры для коптеров,"3,164,496",853,2750.0%,100.0%,63.1%,41
Антипаразитарные и противомикробные препараты,Антипаразитарные и противомикробные препараты,"3,158,019",298,300.0%,100.0%,70.2%,2
Спорт / Колеса для йоги,Колеса для йоги,"3,151,904","2,607",2750.0%,100.0%,69.4%,77
Товары для взрослых / Шлепалки эротик,Шлепалки эротик,"3,145,730","1,309",2950.0%,66.7%,61.3%,127
Зоотовары / Ухватки для собак,Ухватки для собак,"3,144,434",923,2150.0%,100.0%,69.8%,97
Женщинам / Сарафаны,Сарафаны для малышей,"3,138,555","1,030",3450.0%,62.0%,53.0%,119
Аппараты для отбеливания зубов,Аппараты для отбеливания зубов,"3,137,054",789,2550.0%,76.2%,61.2%,68
Для ремонта / Сетки базальтовые,Сетки базальтовые,"3,129,157",698,2850.0%,89.3%,58.7%,55
Маски для противогазов,Маски для противогазов,"3,123,038","1,002",2850.0%,92.9%,62.9%,59
Пистолеты аэрозольные,Пистолеты аэрозольные,"3,121,989","1,975",2250.0%,85.7%,72.8%,69
Спорт / Шипы велосипедные,Шипы велосипедные,"3,120,674","1,132",2750.0%,100.0%,65.4%,56
Красота / Праймеры для ресниц,Праймеры для ресниц,"3,118,515",458,3250.0%,87.8%,47.6%,150
Ножницы хирургические,Ножницы хирургические,"3,117,426","1,039",2550.0%,91.4%,66.1%,35
Спорт / Замки цепи,Замки цепи,"3,111,108",701,2450.0%,90.9%,63.0%,135
Аксессуары для хранения дров,Аксессуары для хранения дров,"3,101,476","1,834",2850.0%,91.0%,66.7%,121
Продукты / Хлопья рисовые,Хлопья рисовые,"3,099,926",755,1650.0%,95.0%,72.4%,55
Проекторы на лобовое стекло,Проекторы на лобовое стекло,"3,090,055","1,956",2650.0%,55.6%,66.1%,77
Дом / Тажины,Тажины,"3,087,820","3,390",2950.0%,100.0%,68.1%,50
Глазные и ушные препараты,Глазные и ушные препараты,"3,087,223",304,300.0%,100.0%,70.7%,2
Дом / Пылевыбивалки,Пылевыбивалки,"3,083,836",810,2450.0%,100.0%,65.6%,186
Продукты / Хлопья гречневые,Хлопья гречневые,"3,083,770",567,1650.0%,97.0%,68.9%,84
Держатели для лизунца,Держатели для лизунца,"3,081,543",735,2150.0%,100.0%,67.6%,61
Детям / Детские аптечки,Детские аптечки,"3,079,850",596,2650.0%,88.9%,58.4%,218
Стрелы арбалетные,Стрелы арбалетные,"3,073,847","1,038",2750.0%,89.2%,63.9%,67
Спорт / Мел бильярдный,Мел бильярдный,"3,068,600",673,2750.0%,92.9%,59.7%,114
Душевые лейки для животных,Душевые лейки для животных,"3,060,384",734,2150.0%,85.7%,65.8%,57
Акции / Самокат,Оси для самокатов,"3,059,465",880,2250.0%,88.6%,67.2%,112
Дом / Кабины душевые,Кабины автомобильные,"3,050,357","1,330",2600.0%,96.3%,67.8%,46
Консервы из морепродуктов,Консервы из морепродуктов,"3,044,565",883,2150.0%,92.3%,68.7%,54
Обувь / Накаблучники,Накаблучники,"3,036,532",683,3450.0%,76.2%,50.1%,70
Продукты / Хлебные палочки,Хлебные палочки,"3,036,505",604,2150.0%,91.2%,64.0%,102
Спорт / Наклейки спортивные,Наклейки спортивные,"3,034,233",771,2750.0%,87.8%,60.7%,114
Здоровье / Озокерит,Озокерит,"3,027,640",776,3150.0%,92.1%,57.3%,52
Соединители для аквариумных шлангов,Соединители для аквариумных шлангов,"3,026,891",689,1650.0%,82.0%,69.3%,141
Шланги топливные для мототехники,Шланги топливные для мототехники,"3,023,658",435,2650.0%,85.1%,51.9%,108
Сад и дача / Завязыватели крючков,Завязыватели крючков,"3,023,597",920,2750.0%,92.3%,63.1%,84
Дом / Ведерки для льда,Ведерки детские,"3,013,446","1,186",2850.0%,33.3%,51.3%,136
Автотовары / Фильтры,Фильтры для краски,"3,013,110",819,3150.0%,93.6%,58.1%,110
Шланги тормозные для мототехники,Шланги тормозные для мототехники,"3,011,293",771,2650.0%,76.6%,60.0%,55
Комплектующие для подвесного потолка,Комплектующие для подвесного потолка,"3,006,048",914,2850.0%,76.2%,60.0%,62
Портативная паровая баня,Портативная паровая баня,"3,001,920","10,495",2850.0%,33.3%,69.2%,53
Запчасти для зажигалок,Запчасти для зажигалок,"2,998,435","1,748",2850.0%,80.1%,65.8%,86
Делители видеосигнала,Делители видеосигнала,"2,993,719",764,2850.0%,80.7%,58.5%,87
Дом / Шейкеры музыкальные,Шейкеры музыкальные,"2,992,522","1,458",2850.0%,100.0%,66.0%,121
Здоровье / Носки ортопедические,Носки ортопедические,"2,989,550",854,2550.0%,100.0%,65.1%,98
Футболки-поло для малышей,Футболки-поло для малышей,"2,986,089",856,3450.0%,66.7%,51.5%,65
Диспенсеры для монтажных лент,Диспенсеры для монтажных лент,"2,984,030","1,302",3150.0%,100.0%,62.4%,94
Коврики под компьютерное кресло,Коврики под компьютерное кресло,"2,976,545","1,952",2950.0%,76.2%,65.1%,58
Аксессуары / Кепи,Кепи для малышей,"2,973,554",478,3450.0%,72.7%,42.5%,85
Сад и дача / Рукавицы для бани,Рукавицы для бани,"2,973,119",572,2850.0%,86.2%,55.3%,149
Дом / Сепараторы для яиц,Сепараторы для яиц,"2,971,354",424,2450.0%,93.3%,55.3%,170
Продукты / Ростки пшеницы,Ростки пшеницы,"2,970,145",444,2150.0%,91.9%,58.9%,61
Ювелирные изделия прочие,Ювелирные изделия прочие,"2,968,371",457,3300.0%,100.0%,49.5%,59
Мебель / Столы,Столы бильярдные,"2,967,555","3,216",2750.0%,100.0%,70.0%,34
Подлокотники для мебели,Подлокотники для мебели,"2,957,242","1,402",2650.0%,100.0%,67.8%,73
Канцтовары / Наклейки,Наклейки на кий,"2,949,902","1,525",2750.0%,89.6%,66.6%,39
Дом / Газетницы,Газетницы,"2,944,333","1,090",2650.0%,100.0%,66.2%,84
Растения для террариумов,Растения для террариумов,"2,942,294","1,097",2150.0%,76.7%,69.0%,63
Сад и дача / Ручки для лопат,Ручки для лопат,"2,939,765",542,2950.0%,94.7%,54.9%,115
Термокомбинезоны для малышей,Термокомбинезоны для малышей,"2,939,020","1,172",3450.0%,57.1%,53.6%,53
Наушники противошумные детские,Наушники противошумные детские,"2,938,897","1,593",2650.0%,61.5%,65.3%,79
Системы обогрева грунта,Системы обогрева грунта,"2,935,517","1,072",2950.0%,100.0%,63.0%,45
Игрушки / Снежколепы,Снежколепы,"2,933,193",491,2350.0%,79.7%,56.0%,334
Спорт / Шары для пейнтбола,Шары для пейнтбола,"2,928,679","1,316",2750.0%,84.8%,65.3%,78
Шторки для колясок и кресел,Шторки для колясок и кресел,"2,925,056","1,095",2650.0%,50.0%,58.9%,56
Дом / Радионяни,Радионяни,"2,912,938","2,550",2650.0%,76.9%,69.4%,48
Ремкомплекты для надувной мебели,Ремкомплекты для надувной мебели,"2,909,692",619,2350.0%,93.6%,62.7%,95
Дом / Ручки для пакетов,Ручки для пакетов,"2,908,786",523,2450.0%,93.9%,59.2%,166
Спорт / Запчасти для втулок,Запчасти для втулок,"2,903,128",650,2750.0%,89.5%,58.8%,101
Цветовые каталоги и палитры,Цветовые каталоги и палитры,"2,902,327",899,2950.0%,100.0%,61.6%,114
Мебель / Тележки и корзины,Корзины для мячей,"2,900,087","1,680",2750.0%,50.0%,63.0%,76
Гигиенические поддоны под мойку,Гигиенические поддоны под мойку,"2,896,445",573,2750.0%,100.0%,58.5%,51
Продукты / Фрукты свежие,Фрукты свежие,"2,893,920",883,1650.0%,100.0%,74.4%,5
Ветеринарные защитные перчатки,Ветеринарные защитные перчатки,"2,890,669",432,2150.0%,100.0%,60.0%,72
Продукты / Нектары детские,Нектары детские,"2,887,342","1,104",2450.0%,78.6%,66.3%,27
Средства для мытья продуктов,Средства для мытья продуктов,"2,886,690",589,2950.0%,94.7%,56.2%,120
Продукты / Вода детская,Вода детская,"2,885,864","1,108",1950.0%,100.0%,73.3%,29
Валики для приседаний,Валики для приседаний,"2,883,824",658,2950.0%,100.0%,58.3%,31
Сад и дача / Огниво туристическое,Огниво туристическое,"2,878,212",624,2750.0%,88.5%,58.0%,183
Дом / Счетчики рядов,Счетчики рядов,"2,873,465",568,2450.0%,78.3%,57.5%,135
Зоотовары / Шлемы для птиц,Шлемы для птиц,"2,872,797",786,2150.0%,100.0%,68.3%,52
Дом / Сетки для глажения,Сетки для глажения,"2,871,312",408,2450.0%,87.8%,53.2%,185
Продукты / Горох,Горох,"2,869,628",490,1650.0%,91.4%,65.6%,137
Автотовары / Фильтры,Фильтры-прессы,"2,868,198",477,2900.0%,100.0%,54.2%,50
Дом / Миксеры механические,Миксеры механические,"2,854,823","1,101",2950.0%,70.4%,60.2%,246
Товары для взрослых / Уретральные зонды,Уретральные зонды,"2,850,751",887,2950.0%,87.2%,60.2%,92
Спорт / Велохимия,Велохимия,"2,845,454",902,2750.0%,86.1%,62.2%,80
Мужчинам / Накладки для ног,Накладки на костыли,"2,842,811","1,218",3250.0%,75.6%,58.8%,69
Дорожки балансировочные,Дорожки балансировочные,"2,834,052",893,2750.0%,86.7%,62.2%,71
Продукты / Паста,Паста,"2,830,401",438,2150.0%,96.1%,59.5%,13
Консервированные готовые каши,Консервированные готовые каши,"2,823,480",718,2150.0%,95.4%,66.8%,88
Красота / Блоки полировочные,Блоки полировочные,"2,822,729",588,3250.0%,94.1%,53.0%,111
Спорт / Носовые зажимы,Носовые зажимы,"2,818,004",659,2450.0%,91.5%,62.2%,145
Дом / Виолончели,Виолончели,"2,802,655",770,2850.0%,100.0%,61.1%,38
Автотовары / Сирены неавтономные,Сирены неавтономные,"2,790,258","1,125",2650.0%,92.3%,65.8%,95
Дом / Бонго,Бонго,"2,789,046","1,056",2850.0%,100.0%,63.9%,50
Туники для малышей,Туники для малышей,"2,787,595",972,3450.0%,72.2%,54.1%,58
Плитки для подвесного потолка,Плитки для подвесного потолка,"2,781,391","2,862",2850.0%,74.0%,67.7%,14
Светильники смотровые,Светильники смотровые,"2,780,982","1,236",3250.0%,100.0%,61.0%,34
Зоотовары / Стриппинг,Стриппинг,"2,774,507",772,2150.0%,91.0%,67.1%,75
Кувалды для тренировок,Кувалды для тренировок,"2,765,261","2,850",2750.0%,100.0%,69.7%,36
Спорт / Велобахилы,Велобахилы,"2,761,299",855,3450.0%,71.2%,52.3%,43
Дом / Полки для телевизора,Полки для телевизора,"2,754,696",863,2650.0%,85.5%,62.7%,88
Дом / Нитевдеватели,Нитевдеватели,"2,753,590",613,2450.0%,91.7%,61.3%,179
Товары для взрослых / Маски эротик,Маски ИВЛ,"2,750,283","1,048",2750.0%,79.3%,62.9%,65
Насадки для стрижки животных,Насадки для стрижки животных,"2,748,393","2,274",2150.0%,70.0%,73.5%,50
Зеркала медицинские,Зеркала медицинские,"2,732,616",800,3150.0%,89.6%,57.3%,40
Сад и дача / Кормушки садовые,Лотковые кормушки,"2,720,243","1,375",2150.0%,100.0%,72.7%,54
Пеногасители,Пеногасители,"2,716,963","1,199",2550.0%,50.0%,61.2%,67
Спорт / Барьеры спортивные,Барьеры спортивные,"2,716,947","1,698",2750.0%,83.3%,66.8%,62
Красота / Пинцеты,Пинцеты медицинские,"2,714,205",592,2750.0%,89.6%,57.4%,49
Обувь / Жидкости для обуви,Жидкости для обуви,"2,711,766",634,3450.0%,100.0%,52.9%,120
Мужчинам / Комбидресс,Комбидресс,"2,711,732",777,3450.0%,45.6%,42.9%,99
Автотовары / Диски колесные,Ниши колесные,"2,704,761",991,2600.0%,100.0%,65.9%,41
Дом / Фритюрницы для плиты,Фритюрницы для плиты,"2,694,405","1,736",2950.0%,70.0%,63.9%,104
Сад и дача / Термометры для душа,Термометры для душа,"2,688,597",941,2750.0%,90.1%,63.1%,117
Бытовая техника / Электрощетки,Щетки для лыж,"2,685,832","2,040",2750.0%,50.0%,64.7%,73
Дом / Пекарский камень,Пекарский камень,"2,681,292","1,906",2950.0%,100.0%,66.3%,52
Сад и дача / Вилки садовые,Вилки садовые,"2,680,400",708,2950.0%,100.0%,59.2%,159
Дом / Диваны,Диваны плетеные,"2,669,232","4,425",2650.0%,100.0%,71.7%,11
Дом / Думбеки,Думбеки,"2,668,402",885,2850.0%,100.0%,62.5%,32
Продукты / Маш,Маш,"2,661,403",660,1650.0%,95.4%,70.8%,97
Теплоизоляция для теплых полов,Теплоизоляция для теплых полов,"2,658,238","1,961",2750.0%,90.7%,68.0%,62
Фильтры рулевого управления,Фильтры рулевого управления,"2,655,451",534,2650.0%,100.0%,58.5%,49
Сад и дача / Замки навесные,Навесные поилки,"2,648,688","1,297",2150.0%,100.0%,72.3%,202
Браслеты для плавания,Браслеты для плавания,"2,642,495",761,2950.0%,100.0%,60.0%,36
Blu-Ray проигрыватели,Blu-Ray проигрыватели,"2,641,816","2,630",2750.0%,100.0%,69.5%,28
Для ремонта / Радиаторы отопления,Радиаторы топливные,"2,638,179","3,281",2650.0%,100.0%,71.1%,30
Спорт / Чехлы для обручей,Чехлы для обручей,"2,633,863",894,2950.0%,87.4%,60.3%,94
Мухобойки механические,Мухобойки механические,"2,631,347",594,2350.0%,90.3%,61.6%,167
Сад и дача / Ледорубы,Ледорубы,"2,631,147","1,017",2950.0%,33.3%,46.9%,149
Канцтовары / Ручки,Ручки тактические,"2,627,905",820,2750.0%,100.0%,62.7%,81
Продукты / Фитококтейли,Фитококтейли,"2,626,638","1,555",2150.0%,90.9%,72.8%,78
Зоотовары / Бильные пальцы,Бильные пальцы,"2,618,392",792,2150.0%,50.0%,58.3%,68
Зоотовары / Ванны для груминга,Ванны для груминга,"2,614,792","1,100",2150.0%,100.0%,71.2%,57
Другие приспособления для крупно-рогатого скота,Другие приспособления для крупно-рогатого скота,"2,611,047","1,566",2150.0%,93.3%,73.0%,82
Дом / Сырницы,Сырницы,"2,608,217",930,2950.0%,50.0%,53.3%,161
Вентиляторы студийные,Вентиляторы студийные,"2,598,894","1,270",2800.0%,100.0%,65.7%,40
Адаптеры для автокормушек,Адаптеры для автокормушек,"2,584,174","1,605",2150.0%,100.0%,73.5%,54
Подставки для детских ванночек,Подставки для детских ванночек,"2,577,902","1,921",2650.0%,100.0%,69.3%,108
Здоровье / Компрессионные носки,Компрессионные носки,"2,567,922",528,2550.0%,76.2%,54.6%,62
Подколенники для ремонта авто,Подколенники для ремонта авто,"2,565,793",497,2650.0%,100.0%,57.4%,49
Обувь / Гелевые стельки,Гелевые стельки,"2,560,906",498,3450.0%,74.4%,43.9%,238
Продукты / Шроты,Шроты,"2,544,894",564,2150.0%,96.1%,63.7%,75
Спреи лечебные для животных,Спреи лечебные для животных,"2,537,916",984,2150.0%,100.0%,70.4%,85
Спорт / Спицы велосипедные,Спицы велосипедные,"2,530,910",449,2250.0%,86.0%,56.8%,71
Концентраты чайного гриба,Концентраты чайного гриба,"2,530,241",372,1650.0%,90.0%,59.6%,41
Уход за мотоэкипировкой,Уход за мотоэкипировкой,"2,527,022","1,317",2650.0%,100.0%,67.4%,30
Для ремонта / Склерометр,Склерометры,"2,517,716","2,135",3100.0%,100.0%,65.3%,28
Игрушки / Жвачка для рук,Жвачка для рук,"2,517,407",584,2350.0%,87.7%,60.9%,168
Косточки для бюстгальтера,Косточки для бюстгальтера,"2,516,608",766,3450.0%,83.8%,53.0%,114
Бактерии для подстилок,Бактерии для подстилок,"2,513,924",898,2950.0%,96.3%,61.3%,81
Продукты / Меренги,Меренги,"2,513,115",542,1650.0%,88.7%,66.9%,50
Товары для взрослых / Анальные пробки,Пробки лыжные,"2,511,878",902,2450.0%,75.0%,63.7%,27
Колпачки для тушения свеч,Колпачки для тушения свеч,"2,507,804",900,2950.0%,86.0%,60.2%,156
Термофутболки спортивные,Термофутболки спортивные,"2,506,253","2,544",3450.0%,37.5%,57.1%,50
Гинекологические наборы,Гинекологические наборы,"2,503,215",768,2750.0%,100.0%,62.1%,38
Мужчинам / Водолазки спортивные,Водолазки спортивные,"2,500,179","1,204",3450.0%,59.3%,54.3%,40
Колобашки для плавания,Колобашки для плавания,"2,495,443","1,049",2750.0%,87.5%,63.8%,105
Продукты / Круассаны,Круассаны,"2,490,640",720,1650.0%,90.0%,71.2%,57
Дом / Часы электронные,Электронные изгороди,"2,483,620","1,092",2750.0%,100.0%,65.2%,50
Продукты / Чак-чак,Чак-чак,"2,480,736",746,2150.0%,100.0%,67.8%,57
Канцтовары / Короба почтовые,Короба почтовые,"2,477,060","1,271",2950.0%,100.0%,64.2%,54
Трафареты для напитков,Трафареты для напитков,"2,475,956",720,2450.0%,91.8%,63.4%,102
Наборы для ремонта кабеля,Наборы для ремонта кабеля,"2,466,901","1,229",2650.0%,94.6%,66.6%,64
Здоровье / Пикфлоуметр,Пикфлоуметры,"2,466,710","1,736",3150.0%,84.6%,63.1%,43
Комплектующие для шнеков,Комплектующие для шнеков,"2,458,533",724,3150.0%,100.0%,57.5%,63
Дом / Маркировщики петель,Маркировщики петель,"2,453,053",438,2450.0%,78.1%,52.1%,143
Женщинам / Дафлкоты,Дафлкоты,"2,448,618","2,918",3450.0%,100.0%,62.8%,15
Термометры для аквариума,Термометры для аквариума,"2,448,263",818,1650.0%,91.3%,72.8%,161
Увлажнители для террариума,Увлажнители для террариума,"2,441,095","1,860",2150.0%,100.0%,74.2%,50
Салфетки для полировки,Салфетки для полировки,"2,439,309",715,3150.0%,100.0%,57.3%,113
Дом / Держатели для шубок,Держатели для шубок,"2,438,780","1,141",2950.0%,100.0%,63.5%,63
Товары для взрослых / Имитаторы груди,Имитаторы груди,"2,436,210","3,163",2950.0%,100.0%,68.0%,30
Защита для клип-кордов,Защита для клип-кордов,"2,434,299",748,3150.0%,86.0%,56.1%,80
Комплектующие к рулевым колонкам,Комплектующие к рулевым колонкам,"2,432,272",967,2750.0%,90.0%,63.3%,72
Мебель / Столики кальянные,Столики кальянные,"2,426,929","1,604",2650.0%,73.2%,66.7%,38
Электроника / Чехлы-аккумуляторы,Чехлы-аккумуляторы,"2,425,368",786,2950.0%,50.0%,50.1%,62
Люминофор для творчества,Люминофор для творчества,"2,423,672","1,461",2950.0%,88.0%,64.3%,101
Бытовая техника / Маслопрессы,Маслопрессы,"2,422,428","1,487",2550.0%,100.0%,69.1%,26
Продукты / Супы,Супы детские,"2,420,411",907,2050.0%,79.7%,68.4%,33
Детские садовые инструменты,Детские садовые инструменты,"2,414,924",904,2950.0%,50.0%,52.8%,79
Продукты / Пыльца цветочная,Пыльца цветочная,"2,409,676",602,2150.0%,93.0%,64.2%,74
Для ремонта / Шубки для валиков,Шубки для валиков,"2,407,978",696,2650.0%,100.0%,62.0%,103
Для ремонта / Гипс строительный,Гипс строительный,"2,407,495",522,2650.0%,85.7%,55.6%,91
Обувь / Воск для обуви,Воск для обуви,"2,400,344",458,3450.0%,94.0%,46.9%,193
Дом / Крюки для мяса,Крюки для мяса,"2,399,818",720,2950.0%,100.0%,59.4%,142
Товары для взрослых / Колготки эротик,Колготки эротик,"2,398,471",683,2950.0%,83.8%,56.5%,67
Канцтовары / Капсулы для монет,Капсулы для монет,"2,397,026",777,2950.0%,100.0%,60.2%,90
Для ремонта / Топы одноразовые,Топы одноразовые,"2,392,085",758,2850.0%,100.0%,60.9%,38
Акции / Спирограф,Спирографы,"2,389,353",623,2850.0%,91.0%,57.4%,114
Органайзеры для животных,Органайзеры для животных,"2,389,273",670,2150.0%,100.0%,66.6%,76
Автотовары / Пленки антидождь,Пленки антидождь,"2,388,051",516,2650.0%,100.0%,58.0%,198
Зеркала наблюдения за детьми,Зеркала наблюдения за детьми,"2,384,613","1,111",2650.0%,85.6%,65.1%,56
Стеки и плети для животных,Стеки и плети для животных,"2,382,308",453,2150.0%,100.0%,60.8%,42
Бытовая техника / Маслобойки,Маслобойки,"2,379,307","1,903",2550.0%,87.5%,69.7%,70
Ножи для удаления кутикулы,Ножи для удаления кутикулы,"2,376,960",522,2750.0%,94.4%,56.3%,119
Браслеты от укачивания,Браслеты от укачивания,"2,374,445",451,3150.0%,83.3%,47.2%,91
Продукты / Хумус,Хумус,"2,371,515",704,2150.0%,91.0%,66.0%,45
Заменители сухих сливок,Заменители сухих сливок,"2,369,835",962,2150.0%,100.0%,70.2%,54
Подшипники для лыжероллеров,Подшипники для лыжероллеров,"2,367,257","1,175",2750.0%,87.5%,64.7%,34
Палитры для смешивания косметики,Палитры для смешивания косметики,"2,361,010",625,2750.0%,83.6%,57.2%,156
Глушители пневмосистемы,Глушители пневмосистемы,"2,352,237","1,367",2650.0%,100.0%,67.6%,22
Красота / Основы для пилок,Основы для пилок,"2,352,232",568,3250.0%,88.0%,51.5%,255
Спорт / Намотчики для лески,Намотчики для лески,"2,350,687",794,2950.0%,87.5%,59.0%,113
Уход за разделочными досками,Уход за разделочными досками,"2,348,070","1,101",2450.0%,96.2%,67.9%,88
Таблетки для индикации зубного налета,Таблетки для индикации зубного налета,"2,338,057",468,3250.0%,91.6%,48.8%,61
Колодки для квадроциклов,Колодки для квадроциклов,"2,336,197",916,2650.0%,94.4%,64.2%,88
Продукты / Макароны детские,Макароны детские,"2,331,637",472,2450.0%,91.7%,57.0%,29
Антибактериальные терапевтические приборы,Антибактериальные терапевтические приборы,"2,330,832",922,3150.0%,100.0%,59.8%,50
Дом / Брикеты угольные,Брикеты угольные,"2,328,005","1,060",2850.0%,75.0%,61.4%,78
Акции / Наручники,Наручники,"2,323,446",832,2750.0%,75.2%,59.7%,60
Ручки для ванной комнаты,Ручки для ванной комнаты,"2,323,074",530,2250.0%,100.0%,62.4%,113
Подпятники автомобильные,Подпятники автомобильные,"2,314,971",567,2650.0%,89.5%,57.7%,132
Спорт / Рамы велосипедные,Рамы велосипедные,"2,314,392",523,2750.0%,100.0%,57.2%,36
Спорт / Набор для рыбалки,Балки декоративные,"2,310,674",914,2050.0%,100.0%,70.8%,55
Товары для взрослых / Веревки для бондажа,Веревки для бондажа,"2,302,420",857,2950.0%,79.3%,58.7%,71
Аксессуары / Ремни,Ремни для фиксации,"2,298,781","1,154",3250.0%,77.0%,58.5%,73
Для ремонта / Намагничиватели,Намагничиватели,"2,296,848",569,3150.0%,90.4%,52.9%,104
Обувь / Шампуни для обуви,Шампуни для обуви,"2,292,350",657,3450.0%,100.0%,53.3%,82
Дом / Захваты для банок,Захваты для банок,"2,292,101",793,2450.0%,93.9%,64.8%,105
Заглушки для подоконника,Заглушки для подоконника,"2,285,203",514,2350.0%,76.8%,56.2%,72
Продукты / Кэроб,Кэроб,"2,280,254",362,2150.0%,95.8%,55.4%,33
Спорт / Гелевые вставки,Гелевые вставки,"2,279,606",474,3450.0%,81.7%,44.8%,200
Зоотовары / Соль для аквариумов,Соль для аквариумов,"2,278,235","1,023",2150.0%,100.0%,70.7%,17
Колесные спицы для мототехники,Колесные спицы для мототехники,"2,277,880",958,2650.0%,66.7%,61.0%,122
Блокаторы вирусов,Блокаторы вирусов,"2,277,220",582,2550.0%,93.7%,59.8%,22
Дом / Лотки хлебные,Лотки хлебные,"2,270,881","1,057",2950.0%,100.0%,62.9%,73
Мази лечебные для животных,Мази лечебные для животных,"2,264,340",798,2150.0%,93.6%,67.8%,151
Детские гели для десен,Детские гели для десен,"2,262,324","1,603",2550.0%,91.7%,69.1%,61
Держатели для балдахинов,Держатели для балдахинов,"2,252,049",666,2950.0%,80.0%,55.5%,62
Дом / Скребки для посуды,Скребки для посуды,"2,247,834",684,2950.0%,100.0%,58.8%,180
Спорт / Велодекор,Велодекор,"2,242,361",921,2250.0%,93.3%,68.2%,68
Электроника / Трекеры сна,Трекеры сна,"2,238,327",898,2750.0%,100.0%,63.6%,35
Детям / Хипсит,Хипсит,"2,237,337","2,099",2650.0%,57.9%,66.9%,79
Приборы для завивки ресниц,Приборы для завивки ресниц,"2,222,314",760,2550.0%,100.0%,64.0%,106
Искусственные дорожные неровности,Искусственные дорожные неровности,"2,214,944","3,385",2650.0%,100.0%,71.1%,29
Терминалы для эквайринга,Терминалы для эквайринга,"2,214,941","9,867",2650.0%,100.0%,72.7%,13
Спасательные жилеты для животных,Спасательные жилеты для животных,"2,213,368","1,298",2150.0%,61.5%,68.5%,80
Красота / Ватные палочки,Палочки для йоги,"2,206,113",710,2750.0%,100.0%,61.2%,43
Измерители спортивные,Измерители спортивные,"2,196,824","1,456",2250.0%,100.0%,72.0%,41
Датчики скорости велосипедные,Датчики скорости велосипедные,"2,195,732","1,550",2750.0%,100.0%,67.3%,30
Газовые баллончики учебные,Газовые баллончики учебные,"2,194,367",852,2750.0%,100.0%,63.1%,38
Для ремонта / Колючие проволоки,Колючие проволоки,"2,187,609",816,2850.0%,100.0%,61.7%,30
Игрушки / Дуги игровые,Дуги безопасности,"2,186,853","3,823",2650.0%,100.0%,71.4%,35
Декодеры видеосигнала,Декодеры видеосигнала,"2,186,203","1,074",2850.0%,100.0%,64.1%,21
Стерилизаторы зубных щеток,Стерилизаторы зубных щеток,"2,180,681","1,258",2550.0%,93.1%,67.7%,142
Клапаны для аквариумных компрессоров,Клапаны для аквариумных компрессоров,"2,168,468",785,2150.0%,100.0%,68.3%,59
Мужчинам / Туники спортивные,Туники спортивные,"2,167,250","5,561",3450.0%,47.4%,62.5%,39
Гормональные препараты для животных,Гормональные препараты для животных,"2,164,884",813,2150.0%,89.1%,67.5%,41
Аксессуары / Пояса,Пояса для животных,"2,160,863",320,2150.0%,77.0%,46.0%,64
Здоровье / Капли назальные,Канюли назальные,"2,160,791",664,2750.0%,100.0%,60.5%,23
Сад и дача / Петли-вешалки,Петли-вешалки,"2,158,537","1,010",2450.0%,64.7%,63.3%,119
Точилки для бритвенных лезвий,Точилки для бритвенных лезвий,"2,157,256","1,124",3250.0%,100.0%,60.4%,42
Сад и дача / Шланги садовые,Шланги для кальянов,"2,151,867",501,2850.0%,73.5%,49.8%,70
Теплопроводящие материалы,Теплопроводящие материалы,"2,148,518",775,2850.0%,100.0%,61.2%,45
Продукты / Сбитень,Сбитень,"2,148,324",865,2150.0%,94.7%,68.7%,62
Губки для удаления затирки,Губки для удаления затирки,"2,144,990",750,3150.0%,81.8%,55.5%,76
Автоматы торговые механические,Автоматы торговые механические,"2,142,871","1,419",2650.0%,100.0%,67.9%,27
Термометры для мотоцикла,Термометры для мотоцикла,"2,137,557",632,2750.0%,100.0%,59.8%,37
Аксессуары / Армбенды,Армбенды,"2,133,154",719,3450.0%,100.0%,54.4%,53
Красота / Кремы для бани,Кремы для бани,"2,132,694",718,3250.0%,100.0%,56.4%,256
Продукты / Хрен столовый,Хрен столовый,"2,128,674",717,1650.0%,91.7%,71.3%,91
Аксессуары / Воротники,Воротники для мойки,"2,126,814","1,311",3250.0%,83.7%,60.2%,64
Для ремонта / Спуджер,Спуджеры,"2,124,580",765,2650.0%,94.0%,62.4%,66
Игрушки / Песок для песочниц,Песок для песочниц,"2,110,943",537,2850.0%,83.3%,53.6%,73
Продукты / Крупа кукурузная,Крупа кукурузная,"2,103,717",510,1650.0%,93.3%,66.7%,98
Зоотовары / Пудры для животных,Пудры для животных,"2,100,019","1,600",2150.0%,60.0%,70.2%,55
Спорт / Тенты,Тенты для снегоходов,"2,093,710","3,517",2650.0%,92.6%,71.0%,46
Зоотовары / Обереги для животных,Обереги для животных,"2,093,490",676,1650.0%,100.0%,71.7%,112
Палочки для сахарной ваты,Палочки для сахарной ваты,"2,087,656",975,2950.0%,89.9%,61.4%,55
Для ремонта / Асфальт холодный,Асфальт холодный,"2,084,379",951,2050.0%,100.0%,71.1%,34
Здоровье / Очки-тренажеры,Очки-тренажеры,"2,078,309",657,2550.0%,83.3%,59.9%,88
Чехлы для радиостанций,Чехлы для радиостанций,"2,068,054",936,3450.0%,89.0%,55.9%,87
Автотовары / Датчики дождя,Датчики дождя,"2,063,327","1,493",2650.0%,100.0%,68.1%,66
Продукты / Перловка,Перловка,"2,058,713",588,1650.0%,96.8%,69.4%,94
Мужчинам / Термоколготки,Термоколготки,"2,054,369",958,3450.0%,68.6%,53.3%,85
Раздельные купальники для малышей,Раздельные купальники для малышей,"2,052,594",519,3450.0%,100.0%,50.1%,69
Запчасти для скейтбордов,Запчасти для скейтбордов,"2,042,235","1,234",2750.0%,28.6%,49.8%,73
Мебель / Комоды плетеные,Комоды плетеные,"2,039,374","3,120",2650.0%,100.0%,70.9%,28
Товары для взрослых / Пульсаторы,Пульсаторы,"2,036,579","1,363",2950.0%,100.0%,64.6%,119
Мебель / Торговые весы,Прилавки торговые,"2,035,641","36,345",2650.0%,100.0%,73.3%,16
Наборы для приготовления масок,Наборы для приготовления масок,"2,027,416",709,2750.0%,89.0%,59.8%,158
Пакеты для педикюрных ванн,Пакеты для педикюрных ванн,"2,023,677","1,196",3250.0%,91.6%,60.2%,88
Спорт / Накомарники,Накомарники,"2,021,898",543,2950.0%,91.2%,54.3%,136
Системы крепления цоколя,Системы крепления цоколя,"2,020,003","2,351",2150.0%,89.6%,74.7%,64
Женщинам / Подкладки для бретелей,Подкладки для обуви,"2,016,561",720,3450.0%,50.0%,43.3%,134
Детские насадки на палец,Детские насадки на палец,"2,013,254",690,2650.0%,100.0%,61.9%,79
Дом / Доски стиральные,Доски стиральные,"2,012,608",713,2950.0%,100.0%,59.3%,99
Аксессуары / Линзы для очков,Линзы для очков,"2,007,773","1,007",3050.0%,78.0%,59.3%,59
Очки защитные медицинские,Очки защитные медицинские,"2,007,707",879,3000.0%,100.0%,60.9%,85
Мешки для замешивания теста,Мешки для замешивания теста,"2,007,612",655,2950.0%,100.0%,58.3%,51
Свистки для дрессировки,Свистки для дрессировки,"2,002,264",609,2150.0%,100.0%,65.4%,91
Коврики для кормления,Коврики для кормления,"1,991,394",875,2150.0%,100.0%,69.4%,131
Концентраты феромонов,Концентраты феромонов,"1,987,122","1,137",2950.0%,73.9%,61.0%,58
Ватные палочки для животных,Ватные палочки для животных,"1,986,821",531,1650.0%,100.0%,68.4%,47
Спорт / Табло судейские,Флажки судейские,"1,986,225",463,2450.0%,50.0%,40.9%,46
Спорт / Джамперы,Джамперы,"1,975,204",833,2750.0%,84.0%,61.1%,87
Аптечки для сельскохозяйственных животных,Аптечки для сельскохозяйственных животных,"1,974,666",981,2150.0%,100.0%,70.3%,36
Наконечники роллерные,Наконечники роллерные,"1,972,014",646,2750.0%,100.0%,60.1%,46
Продукты / Яйца,Яйца подкладные,"1,971,905",658,1650.0%,84.4%,69.1%,75
Продукты / Компоты детские,Компоты детские,"1,971,236","1,168",2450.0%,88.2%,67.7%,23
Электроника / NFC наклейки,NFC наклейки,"1,967,669",373,2750.0%,100.0%,51.1%,71
Дом / Кромки для шитья,Кромки для шитья,"1,967,519",963,2450.0%,100.0%,67.2%,97
Красота / Ванночки парафиновые,Ванночки парафиновые,"1,957,982","1,985",2750.0%,74.8%,67.1%,54
Жидкости для снятия нарощенных волос,Жидкости для снятия нарощенных волос,"1,953,068",717,3250.0%,82.3%,53.9%,74
Дом / Паяльники для страз,Паяльники для страз,"1,950,916","1,098",2950.0%,88.9%,62.3%,93
Наборы для чайного гриба,Наборы для чайного гриба,"1,948,028","2,123",2950.0%,95.7%,66.6%,67
Спорт / Бинты спортивные,Бинты быстрые,"1,942,781",784,2750.0%,50.0%,52.1%,70
Детям / Нагрудники,Нагрудники защитные,"1,939,944",796,2550.0%,91.5%,63.5%,60
Спорт / Кембрики рыболовные,Кембрики рыболовные,"1,937,242",892,2450.0%,91.8%,65.7%,114
Электроника / Фены для эмбоссинга,Фены для эмбоссинга,"1,930,372","2,067",2750.0%,84.6%,67.9%,77
Рефлектор медицинский,Рефлектор медицинский,"1,929,243",860,2550.0%,78.6%,62.7%,40
Спорт / Иглы для мячей,Иглы для мячей,"1,923,656",460,2250.0%,89.2%,58.0%,164
Дом / Сувенирные вилки,Сувенирные вилки,"1,921,760",796,2950.0%,100.0%,60.4%,52
Спорт / Зажимы на гриф,Зажимы на гриф,"1,918,777",792,2950.0%,82.5%,58.3%,68
Дом / Шпильки для гитары,Шпильки для гитары,"1,918,745",496,2850.0%,100.0%,55.4%,54
Оборудование для тату,Оборудование для тату,"1,918,310",832,2050.0%,88.4%,68.6%,45
Картриджи для генераторов водородной воды,Картриджи для генераторов водородной воды,"1,916,525","1,294",2950.0%,100.0%,64.3%,35
Спорт / Болеро спортивные,Болеро спортивные,"1,912,732",932,3450.0%,100.0%,56.9%,54
Модули контроля температуры,Модули контроля температуры,"1,910,160","1,753",2650.0%,100.0%,68.9%,37
Мужчинам / Термомайки,Термомайки,"1,908,951",954,3450.0%,50.7%,49.0%,39
Подвески пневматические усиленные,Подвески пневматические усиленные,"1,908,569","1,052",2650.0%,50.0%,58.3%,40
Подворотнички одноразовые,Подворотнички одноразовые,"1,908,006",460,3450.0%,100.0%,48.1%,44
Дом / Ленты клипсаторные,Ленты клипсаторные,"1,907,074",970,2450.0%,100.0%,67.3%,65
Женщинам / Твинсеты,Твинсеты,"1,901,293","1,635",3450.0%,100.0%,60.6%,62
Товары для взрослых / Бандажи эротик,Бандажи эротик,"1,901,183","1,192",2950.0%,100.0%,63.8%,55
Зоотовары / Загоны для животных,Загоны для животных,"1,900,175","1,683",2150.0%,100.0%,73.7%,72
Спорт / Калиперы тормозные,Калиперы тормозные,"1,899,745","1,306",2750.0%,88.5%,65.6%,81
Планшеты для наращивания ресниц,Планшеты для наращивания ресниц,"1,897,299",378,3250.0%,88.7%,43.6%,118
Провода для тату машинки,Провода для тату машинки,"1,892,302",647,3250.0%,79.5%,52.0%,72
Системы помощи водителю,Системы помощи водителю,"1,889,832","1,458",2650.0%,100.0%,68.0%,35
Спорт / Наборы балансиров,Наборы балансиров,"1,888,286",615,2750.0%,100.0%,59.5%,70
Товары для взрослых / Секс качели,Секс качели,"1,885,787","3,130",2950.0%,66.7%,66.7%,52
Корректоры осанки при письме,Корректоры осанки при письме,"1,884,698",898,2500.0%,85.4%,64.6%,109
Композиции живых цветов,Композиции живых цветов,"1,880,573","1,315",3250.0%,71.4%,59.0%,59
Акции / Трубки духовые,Трубки духовые,"1,876,793",437,2750.0%,100.0%,54.2%,40
Дом / Подставки для казана,Подставки для казана,"1,875,900","1,477",2950.0%,100.0%,65.1%,80
Коврики под разделочные доски,Коврики под разделочные доски,"1,871,843","1,294",2950.0%,100.0%,64.3%,76
Спорт / Ласты,Пластыри от курения,"1,868,423",560,2550.0%,89.4%,58.5%,123
Спорт / Повод,Поводья,"1,866,155","1,248",2950.0%,100.0%,64.1%,53
Защитные экраны для телевизоров,Защитные экраны для телевизоров,"1,865,495",949,2800.0%,100.0%,63.6%,43
Щипцы для посадки растений,Щипцы для посадки растений,"1,860,925","1,034",2150.0%,100.0%,70.8%,84
Продукты / Крендельки,Крендельки,"1,850,682",692,2150.0%,100.0%,66.9%,66
Продукты / Хлопья пшенные,Хлопья пшенные,"1,847,963",524,1650.0%,98.1%,67.9%,64
Системы очистки отработавших газов,Системы очистки отработавших газов,"1,840,221","2,351",2650.0%,100.0%,70.1%,23
Сад и дача / Фартуки садовые,Фартуки садовые,"1,839,786","1,081",2950.0%,75.0%,60.6%,104
Иглодержатели хирургические,Иглодержатели хирургические,"1,832,912","1,782",2550.0%,86.1%,69.3%,20
Темляки для лыжных палок,Темляки для лыжных палок,"1,828,723",367,2950.0%,100.0%,48.7%,51
Продукты / Овощи свежие,Овощи свежие,"1,820,305",123,1650.0%,100.0%,18.5%,3
Спорт / Болты для шлемов,Болты для шлемов,"1,816,463",919,2750.0%,80.1%,61.6%,63
Для ремонта / Держатели гвоздей,Держатели гвоздей,"1,814,827","1,180",3150.0%,96.5%,61.5%,75
Продукты / Пекмезы,Пекмезы,"1,814,343",641,2150.0%,99.0%,65.9%,24
Спорт / Мини-тиры,Мини-тиры,"1,812,531",715,2750.0%,100.0%,61.3%,32
Электроника / NFC-браслеты,NFC-браслеты,"1,807,092",642,2750.0%,85.0%,57.8%,48
Мужчинам / Пиджаки,Пиджаки для малышей,"1,802,536","1,410",3450.0%,45.7%,53.1%,28
Колеса для лыжероллеров,Колеса для лыжероллеров,"1,800,774","1,292",2750.0%,100.0%,66.3%,35
Ленты для конверта новорожденного,Ленты для конверта новорожденного,"1,792,783",436,2650.0%,55.8%,40.6%,54
Дом / Коврики для глажения,Коврики для глажения,"1,785,429","1,185",2950.0%,100.0%,63.7%,51
Инструменты для тейпирования гипсокартона,Инструменты для тейпирования гипсокартона,"1,784,454","1,874",3150.0%,100.0%,64.2%,85
Спорт / Зажимы рыболовные,Зажимы рыболовные,"1,782,939",548,2950.0%,91.2%,54.5%,133
Спорт / Буи,Буи,"1,782,934","1,157",2750.0%,91.3%,64.9%,53
Электроника / Трекеры сна,Трекеры активности,"1,779,911","1,513",2750.0%,100.0%,67.2%,45
Для ремонта / Изоленты,Ленты ободные,"1,774,728",398,2750.0%,91.5%,50.6%,92
Красота / Станки для педикюра,Станки для педикюра,"1,774,630",806,3250.0%,94.7%,57.0%,129
Акции / Горошек соленый,Горошек соленый,"1,774,606",419,2150.0%,100.0%,59.4%,22
Запчасти для морозильных камер,Запчасти для морозильных камер,"1,774,148","1,551",2850.0%,100.0%,66.3%,67
Спорт / Пилоны,Пилоны,"1,773,687","1,890",2750.0%,72.2%,66.6%,14
Распарыватели,Распарыватели,"1,773,336",387,2450.0%,94.2%,53.5%,144
Ремни для швейных машин,Ремни для швейных машин,"1,772,467",642,2050.0%,89.6%,65.6%,77
Автотовары / Колпаки,Колпаки для кальяна,"1,763,706",627,2850.0%,88.3%,57.1%,43
Продукты / Щербет,Щербет,"1,763,571",814,2150.0%,95.7%,68.2%,85
Дом / Зажимы для скатерти,Зажимы для скатерти,"1,763,480",718,2950.0%,92.7%,58.5%,133
Средства для ухода за крупным рогатым скотом,Средства для ухода за крупным рогатым скотом,"1,756,822","1,243",2150.0%,80.0%,70.5%,68
Подложки для гладильных досок,Подложки для гладильных досок,"1,752,042","1,753",2950.0%,93.4%,65.6%,53
Краны топливные для мототехники,Краны топливные для мототехники,"1,751,010",638,2650.0%,91.6%,59.8%,94
Спорт / Лестницы спортивные,Лестницы спортивные,"1,750,837","1,534",2750.0%,93.3%,66.9%,88
Рубашки для животных,Рубашки для животных,"1,750,635",587,2150.0%,19.2%,7.6%,62
Термометры для террариумов,Термометры для террариумов,"1,749,351",818,1650.0%,100.0%,73.7%,110
Электроника / Генераторы снега,Генераторы снега,"1,748,765","1,730",2750.0%,92.9%,67.5%,29
Спорт / Вафли протеиновые,Вафли протеиновые,"1,748,232","1,600",2550.0%,96.2%,69.3%,23
Красота / Очки для солярия,Очки для солярия,"1,746,596",815,2750.0%,82.8%,60.6%,91
Красота / Иглы для тату,Иглы для тату,"1,734,770",750,3250.0%,89.4%,55.6%,97
Аксессуары для тостеров,Аксессуары для тостеров,"1,731,268",617,2450.0%,100.0%,62.5%,57
Автотовары / Мосты кабельные,Мосты кабельные,"1,730,403","2,207",2600.0%,100.0%,70.4%,20
Дом / Стулья,Стулья для йоги,"1,727,912","3,507",2750.0%,100.0%,70.2%,39
Товары для взрослых / Уретральные зонды,Зонды ректальные,"1,727,843","1,830",3150.0%,91.6%,63.7%,39
Продукты / Полба,Полба,"1,727,716",545,1650.0%,100.0%,68.8%,79
Щитки номерных знаков,Щитки номерных знаков,"1,725,348",742,2650.0%,50.0%,51.9%,97
Продукты / Компоты,Компоты,"1,721,576",423,1650.0%,93.1%,63.2%,36
Боксы для плавательных масок,Боксы для плавательных масок,"1,709,477",698,2900.0%,100.0%,59.5%,30
Мебель / Тумбы детские,Тумбы детские,"1,702,641","4,632",2650.0%,100.0%,71.8%,21
Акции / Пневмоножницы,Пневмоножницы,"1,700,966","5,018",3050.0%,100.0%,67.9%,17
Термоколготки спортивные,Термоколготки спортивные,"1,698,366","1,614",3450.0%,100.0%,60.5%,44
Нагрудники для ресторанов,Нагрудники для ресторанов,"1,697,180",890,3100.0%,93.7%,59.4%,32
Запчасти для садовой мебели и качелей,Запчасти для садовой мебели и качелей,"1,695,945","3,500",2850.0%,100.0%,69.2%,42
Стойки автомобильных крыш,Стойки автомобильных крыш,"1,695,764","2,054",2650.0%,100.0%,69.6%,33
Безалкогольное шампанское,Безалкогольное шампанское,"1,695,696",894,2150.0%,89.7%,68.5%,31
Детям / Щеточки для ногтей,Щеточки для ногтей,"1,694,898",807,2650.0%,94.1%,63.0%,111
Щетки для подметальных машин,Щетки для подметальных машин,"1,694,529","1,642",2850.0%,100.0%,66.6%,63
Ювелирные изделия / Ювелирные замки,Ювелирные замки,"1,694,201",739,3300.0%,82.5%,53.9%,35
Выставочные палатки для животных,Выставочные палатки для животных,"1,693,274","3,241",2150.0%,61.9%,74.5%,33
Акции / Дерматоскоп,Дерматоскопы,"1,693,124","3,315",2550.0%,71.5%,71.1%,23
Чехлы для ручек холодильников,Чехлы для ручек холодильников,"1,687,279",668,2900.0%,100.0%,59.0%,33
Приставные столики для швейных машин,Приставные столики для швейных машин,"1,686,861",918,2950.0%,76.8%,59.2%,43
Сад и дача / Свечи уличные,Свечи уличные,"1,684,060","1,383",2950.0%,100.0%,64.7%,83
Штукатурно-клеевые смеси,Штукатурно-клеевые смеси,"1,677,836",911,2050.0%,100.0%,70.7%,62
Очистители воздуха для животных,Очистители воздуха для животных,"1,673,803","1,780",2150.0%,100.0%,74.0%,40
Темляки для скандинавских палок,Темляки для скандинавских палок,"1,671,509",783,2950.0%,63.6%,54.4%,31
Гидролинии велосипедные,Гидролинии велосипедные,"1,670,564",545,2750.0%,100.0%,57.8%,41
Спорт / Фляги велосипедные,Фляги топливные,"1,669,976",852,2700.0%,100.0%,63.6%,54
Канцтовары / Ручки,Ручки для бутылочек,"1,668,452",489,2650.0%,100.0%,57.1%,44
Разметки для игр,Разметки для игр,"1,666,815",946,2750.0%,80.0%,61.9%,55
Здоровье / Очки глаукомные,Очки глаукомные,"1,666,523",902,2500.0%,75.0%,63.2%,51
Идентификационные браслеты детские,Идентификационные браслеты детские,"1,664,359",865,2650.0%,40.0%,50.4%,73
Спорт / Прицелы охотничьи,Прицелы для лука,"1,659,971",982,2750.0%,75.0%,61.6%,53
Продукты / Консервы ягодные,Консервы ягодные,"1,659,748",788,2150.0%,88.5%,67.0%,68
Спорт / Попоны,Попоны,"1,658,660",959,2950.0%,100.0%,62.2%,43
Для ремонта / Кабельные чулки,Кабельные чулки,"1,653,867","1,528",3150.0%,100.0%,63.3%,37
Механизмы подъема столешниц,Механизмы подъема столешниц,"1,653,076","1,253",2850.0%,83.2%,63.8%,42
Стекловолокно для наращивания ногтей,Стекловолокно для наращивания ногтей,"1,651,271",542,2750.0%,84.9%,55.1%,115
Автотовары / Порты для зарядки,Порты для зарядки,"1,651,119",876,2650.0%,75.0%,61.3%,109
Зоотовары / Когти накладные,Когти накладные,"1,650,717",559,1650.0%,97.3%,68.8%,80
Обувь / Гелевые стельки,Гелевые подушечки,"1,643,072",394,3450.0%,85.7%,41.8%,236
Товары для взрослых / Вибротрусики,Вибротрусики,"1,640,131","2,470",2950.0%,88.9%,66.9%,63
Подшлемники под каску,Подшлемники под каску,"1,639,211",541,3150.0%,60.0%,43.9%,68
Сад и дача / Очистители щелевые,Очистители щелевые,"1,637,621","1,338",2950.0%,100.0%,64.5%,61
Здоровье / Повязки магнитные,Повязки магнитные,"1,630,046",838,2500.0%,89.2%,64.3%,76
Красота / Лезвия для педикюра,Лезвия для педикюра,"1,628,616",904,2750.0%,93.8%,63.1%,106
Совочки,Совочки,"1,624,024",635,2350.0%,100.0%,63.9%,61
Комплектующие для мягких окон,Комплектующие для мягких окон,"1,623,938","1,154",2850.0%,85.7%,63.4%,42
Шипы-накладки на обувь,Шипы-накладки на обувь,"1,617,105",909,2250.0%,66.7%,64.3%,60
Кронштейны для наружной рекламы,Кронштейны для наружной рекламы,"1,613,859","3,280",2600.0%,100.0%,71.6%,55
Дом / Сухое горючее,Сухое горючее,"1,606,099",481,2850.0%,100.0%,54.9%,98
Бытовая техника / Бензопилы,Пилы туристические,"1,605,819",938,2750.0%,75.0%,61.1%,102
Буи для подводного плавания,Буи для подводного плавания,"1,603,099","1,032",2950.0%,100.0%,62.7%,34
Средства для очистки секс-игрушек,Средства для очистки секс-игрушек,"1,596,110",694,2950.0%,92.2%,58.0%,72
Автотовары / Чехлы,Чехлы для зажигалок,"1,595,080",890,2850.0%,63.6%,57.4%,83
Сад и дача / Подковы сувенирные,Подковы для лошадей,"1,593,894","1,463",2850.0%,100.0%,66.0%,31
Киевницы,Киевницы,"1,593,804","1,055",2750.0%,100.0%,64.9%,32
Продукты / Нуга,Нуга,"1,593,558",581,2150.0%,100.0%,64.7%,61
Продукты / Морепродукты сушеные,Морепродукты сушеные,"1,593,367",907,2150.0%,94.4%,69.2%,37
Мужчинам / Пуловеры,Пуловеры для малышей,"1,592,995","1,396",3450.0%,88.9%,59.1%,24
Накидки для кормления грудью,Накидки для кормления грудью,"1,580,743","1,151",2650.0%,80.4%,64.9%,34
Подсветки для рулеток,Подсветки для рулеток,"1,578,626","1,486",2150.0%,100.0%,73.1%,61
Калиперы механические,Калиперы механические,"1,577,623","1,999",2750.0%,86.0%,67.8%,21
Защитные наклейки для мебели,Защитные наклейки для мебели,"1,576,021",837,2150.0%,90.8%,68.0%,200
Спорт / Диски для скольжения,Диски для скольжения,"1,570,671","1,015",2750.0%,80.0%,62.6%,56
Зеленки,Зеленки,"1,568,979",383,2750.0%,96.4%,50.8%,55
Кликеры для дрессировки,Кликеры для дрессировки,"1,568,845",815,1650.0%,91.7%,72.8%,109
Автотовары / Чехлы,Чехлы на гипс,"1,565,940",910,2750.0%,80.7%,61.6%,46
Товары для взрослых / Свечи БДСМ,Свечи БДСМ,"1,559,496","1,288",2950.0%,100.0%,64.3%,70
Мужчинам / Топы,Топы для малышей,"1,559,362",848,3450.0%,50.0%,46.6%,66
Чехлы для презервативов,Чехлы для презервативов,"1,556,838",721,3450.0%,100.0%,54.4%,33
Для ремонта / Закладные детали,Закладные детали,"1,554,849",629,2850.0%,80.0%,55.6%,40
Продукты / Имбирь маринованный,Имбирь маринованный,"1,554,790",479,1650.0%,96.5%,66.2%,76
Аксессуары / Часы-кулон,Часы-кулон,"1,544,254",794,3450.0%,100.0%,55.4%,104
Холдеры для коллекционирования,Холдеры для коллекционирования,"1,543,438",551,2450.0%,100.0%,61.0%,77
Акции / Чехол для дубинки,Дубинки резиновые,"1,537,983","1,488",2750.0%,100.0%,67.1%,59
Для ремонта / Счетчики воды,Счетчики лески,"1,534,879",865,2750.0%,100.0%,63.3%,48
Товары для взрослых / Маски эротик,Маски антихрап,"1,534,478",669,2750.0%,81.0%,57.7%,88
Дом / Наборы катушек,Наборы катушек,"1,533,642",736,2950.0%,100.0%,59.6%,111
Акции / Лыжи детские,Лыжи детские,"1,531,701","1,544",2750.0%,56.4%,63.3%,92
Чехлы для сплит-систем,Чехлы для сплит-систем,"1,529,308",796,3450.0%,79.4%,52.8%,92
Для ремонта / Известь,Известь,"1,522,070",494,2050.0%,92.9%,62.1%,57
Электроника / Видеоувеличители,Видеоувеличители,"1,518,945",852,2750.0%,87.5%,61.8%,114
Бытовая техника / Электрические ножи,Электрические ножи,"1,509,515","2,181",2450.0%,69.2%,70.2%,54
Пребиотики и пробиотики для животных,Пребиотики и пробиотики для животных,"1,506,029","1,486",1650.0%,79.0%,76.7%,46
Спорт / Хлебцы протеиновые,Хлебцы протеиновые,"1,503,995",938,2550.0%,100.0%,66.0%,25
Спорт / Вершинки фидерные,Вершинки фидерные,"1,502,456",610,2750.0%,66.7%,52.8%,49
Спорт / Чумбур,Чумбуры,"1,498,715",940,2950.0%,100.0%,62.0%,40
Акции / L-карнитин,Нити кулинарные,"1,496,878",497,2450.0%,92.8%,58.2%,91
Декорации для муравьиных ферм,Декорации для муравьиных ферм,"1,492,941",748,1650.0%,86.1%,71.1%,61
Красота / Воски для волос,Воски для серфинга,"1,492,334","1,212",2900.0%,100.0%,64.4%,27
Электроника / Видеочипы,Видеочипы,"1,490,399","1,014",2150.0%,85.7%,69.3%,33
Мочесборники для животных,Мочесборники для животных,"1,486,209","1,828",2150.0%,89.6%,73.6%,52
Для ремонта / Проходки для труб,Проходки для труб,"1,469,235",574,2750.0%,25.0%,16.8%,115
Антибиотики для животных,Антибиотики для животных,"1,469,006",764,2150.0%,100.0%,68.0%,21
Вина игристые безалкогольные,Вина игристые безалкогольные,"1,467,480","1,286",2150.0%,100.0%,72.3%,12
Чехлы для водной техники,Чехлы для водной техники,"1,466,688","3,236",2650.0%,75.0%,70.2%,38
Гели лечебные для животных,Гели лечебные для животных,"1,463,877",900,2150.0%,100.0%,69.6%,62
Внутриматочные спирали,Внутриматочные спирали,"1,456,158","1,196",2550.0%,84.6%,66.6%,24
Бытовая техника / Увлажнители,Теплоувлажнители,"1,453,977","2,307",2950.0%,100.0%,67.0%,49
Продукты / Трубочки для молока,Трубочки для молока,"1,453,412",534,2150.0%,94.4%,62.7%,45
Дом / Пипетки кулинарные,Пипетки кулинарные,"1,451,852",677,2950.0%,87.1%,56.9%,77
Бытовая техника / Омлетницы,Омлетницы,"1,448,802","1,371",2450.0%,100.0%,69.7%,72
Аксессуары / Зажимы,Зажимы медицинские,"1,448,789","1,006",2550.0%,70.2%,63.2%,37
Мебель / Полки для магазина,Полки для магазина,"1,437,306","6,511",2650.0%,100.0%,72.3%,100
Автотовары / Ароматизаторы,Ароматизаторы эротик,"1,431,143","2,170",2950.0%,100.0%,66.8%,17
Спорт / Шипы спасательные,Шипы спасательные,"1,428,923",752,2750.0%,90.0%,60.7%,35
Здоровье / Щипцы медицинские,Щипцы медицинские,"1,426,910","5,521",3000.0%,100.0%,68.6%,7
Спорт / Трензели,Трензели,"1,426,555","2,104",2950.0%,80.0%,65.7%,50
Линзы офтальмологические,Линзы офтальмологические,"1,421,119","1,781",2550.0%,50.0%,65.5%,33
Дом / Совки,Совки для корма,"1,420,929",758,1650.0%,90.5%,71.8%,93
Товары для взрослых / Гартеры эротик,Гартеры эротик,"1,417,969",742,2950.0%,68.2%,54.7%,55
Акции / Рыбные палочки,Рыбные закуски,"1,416,524",786,1650.0%,100.0%,73.3%,3
Жидкости для мыльных пузырей,Жидкости для мыльных пузырей,"1,414,207",585,3250.0%,95.2%,53.1%,97
Акции / Топ эротик,Леденцы эротик,"1,413,697",442,2950.0%,87.5%,49.8%,101
Ремни безопасности для животных,Ремни безопасности для животных,"1,409,802","1,327",2150.0%,86.4%,71.5%,101
Механизмы для диванов,Механизмы для диванов,"1,409,718",816,2650.0%,83.5%,61.8%,25
Спорт / Сушилки походные,Сушилки походные,"1,409,474",860,2750.0%,95.4%,62.8%,68
Стерилизаторы для банок,Стерилизаторы для банок,"1,407,774",412,2950.0%,94.9%,50.0%,133
Спорт / Шорты-ледянки,Ледянки,"1,407,475",736,2750.0%,64.0%,55.5%,165
Треугольники музыкальные,Треугольники музыкальные,"1,405,445","1,629",2850.0%,100.0%,66.6%,41
Автотовары / Диски,Обучающие диски,"1,405,207","1,103",2950.0%,70.6%,60.2%,67
Мужчинам / Блузки,Блузки для малышей,"1,403,683",816,3450.0%,52.0%,46.6%,75
Товары для взрослых / Бюстгальтеры эротик,Бюстгальтеры эротик,"1,402,357","1,031",2950.0%,72.2%,59.8%,35
Накладки на лыжи снегохода,Накладки на лыжи снегохода,"1,399,493","2,666",2650.0%,100.0%,70.5%,16
Ручки детские на руль,Ручки детские на руль,"1,393,551",947,2250.0%,100.0%,69.1%,60
Спорт / Пояса разогревочные,Пояса разогревочные,"1,393,052","1,379",2950.0%,66.7%,61.8%,74
Товары для взрослых / Юбки эротик,Юбки эротик,"1,391,224","1,034",2950.0%,71.3%,59.7%,23
Приспособления для мытья животных,Приспособления для мытья животных,"1,389,478",701,2150.0%,100.0%,67.1%,87
Дом / Мелодики,Мелодики,"1,388,814","1,662",2850.0%,100.0%,66.7%,51
Спорт / Таганок,Таганок,"1,383,638","1,330",2750.0%,100.0%,66.5%,53
Женщинам / Шарфы-пледы,Шарфы-пледы,"1,380,125",890,3450.0%,100.0%,56.5%,55
Матрасы электрические,Матрасы электрические,"1,371,411","1,980",2550.0%,50.0%,66.4%,42
Подставки для коптильни,Подставки для коптильни,"1,369,304","3,213",2450.0%,66.7%,71.8%,34
Наконечники для клюшек,Наконечники для клюшек,"1,365,892",903,2750.0%,76.4%,60.9%,55
Подогреватели и сушки посуды,Подогреватели и сушки посуды,"1,362,913","2,278",2550.0%,100.0%,71.0%,55
Детям / Май-слинги,Май-слинги,"1,358,215","2,250",2650.0%,57.9%,67.4%,31
Термошорты спортивные,Термошорты спортивные,"1,355,793","1,765",3450.0%,63.7%,58.4%,19
Туторы пальцевые,Туторы пальцевые,"1,349,918",821,2500.0%,61.3%,59.1%,59
Скотч для поддержания белья,Скотч для поддержания белья,"1,349,709",657,3450.0%,93.2%,52.4%,66
Электроника / Чехлы для стилусов,Чехлы для стилусов,"1,345,290",720,3450.0%,81.3%,51.8%,92
Аксессуары / Штрипки для брюк,Штрипки для брюк,"1,341,595",485,3450.0%,84.4%,46.0%,76
Автотовары / Муфты на руль,Муфты для колясок,"1,330,440","1,076",2650.0%,75.2%,63.6%,169
Устройства для прокалывания отверстий в бампере,Устройства для прокалывания отверстий в бампере,"1,327,558",927,2150.0%,100.0%,69.9%,37
Автотовары / Колесоотбойник,Колесоотбойники,"1,327,153","1,048",2650.0%,100.0%,65.9%,27
Детям / Чехлы для шезлонга,Чехлы для шезлонга,"1,324,493",415,2650.0%,100.0%,54.2%,35
Дом / Карандаши для ткани,Карандаши для ткани,"1,324,107",619,2450.0%,90.9%,61.3%,104
Фиксаторы аквариумного фона,Фиксаторы аквариумного фона,"1,323,347",765,2150.0%,100.0%,68.0%,45
Зоотовары / Краски для животных,Краски для животных,"1,319,860",507,1650.0%,100.0%,67.7%,65
Спорт / Джемы диетические,Джемы диетические,"1,313,977",382,2550.0%,96.0%,52.7%,21
Нагнетатели для тонометров,Нагнетатели для тонометров,"1,313,450",818,2550.0%,91.4%,63.8%,53
Мужчинам / Плащи,Плащи для малышей,"1,307,113","1,802",3450.0%,66.7%,58.8%,22
Дом / Кухонная утварь,Церковная утварь,"1,305,405","1,335",3450.0%,86.5%,58.6%,32
Дом / Щипцы кухонные,Щипцы для кальянов,"1,304,444",431,2350.0%,84.9%,54.6%,81
Товары для взрослых / Пояса эротик,Пояса эротик,"1,303,150",867,2950.0%,100.0%,61.3%,31
Бытовая техника / Маслопрессы,Прессы для бутылок,"1,301,417","1,254",2850.0%,100.0%,65.1%,93
Шприцы для кормления птиц,Шприцы для кормления птиц,"1,300,255","1,110",2150.0%,100.0%,71.3%,31
Товары для взрослых / Анальные бусы,Анальные груши,"1,298,529","1,245",2950.0%,75.0%,61.9%,89
Зоотовары / Масла для животных,Масла для животных,"1,296,452","1,570",2150.0%,100.0%,73.4%,47
Спорт / Намотки для ракеток,Якорные намотки,"1,295,610","1,137",2750.0%,83.8%,64.1%,68
Мужчинам / Дубленки,Дубленки для малышей,"1,293,650",621,3450.0%,39.2%,32.6%,25
Для ремонта / Магнитные сборщики,Магнитные сборщики,"1,290,578",725,2950.0%,89.6%,58.2%,37
Электроника / Поп-фильтры,Поп-фильтры,"1,286,180","1,618",2950.0%,100.0%,65.6%,40
Здоровье / Окклюдеры,Окклюдеры,"1,281,953",551,2500.0%,80.0%,56.9%,17
Товары для взрослых / Стэки эротик,Стэки эротик,"1,274,062","1,239",2950.0%,100.0%,64.0%,41
Подвески для скейтбордов,Подвески для скейтбордов,"1,263,060","1,550",2750.0%,100.0%,67.3%,42
Женщинам / Болеро,Болеро для малышей,"1,262,868","1,133",3450.0%,100.0%,58.4%,23
Дом / Фитили для аромаламп,Фитили для аромаламп,"1,260,794",660,2450.0%,91.2%,62.2%,59
Спорт / Ремешки для удилищ,Ремешки для удилищ,"1,256,050",404,2950.0%,93.8%,49.4%,58
Сад и дача / Таблички кулинарные,Таблички кулинарные,"1,252,596",723,2950.0%,100.0%,59.4%,63
Спорт / Виброгасители,Виброгасители,"1,251,595",720,2750.0%,100.0%,61.4%,58
Охладители воды для аквариума,Охладители воды для аквариума,"1,251,361",819,2150.0%,100.0%,68.7%,43
Спорт / Парашюты,Парашюты,"1,248,826","1,254",2750.0%,87.9%,65.2%,46
Дом / Доски для биговки,Доски для биговки,"1,248,426","1,470",2950.0%,100.0%,65.1%,46
Здоровье / Горчичники,Горчичники,"1,243,303",463,2750.0%,100.0%,55.2%,58
Фонарики диагностические,Фонарики диагностические,"1,242,311",798,3050.0%,89.1%,58.2%,60
Термоджемперы спортивные,Термоджемперы спортивные,"1,232,791","1,736",3450.0%,100.0%,60.9%,19
Продукты / Хлебная соломка,Хлебная соломка,"1,231,162",734,1650.0%,100.0%,72.6%,41
Дом / Бомбильи,Бомбильи,"1,224,755",554,2950.0%,93.7%,55.1%,120
Бытовая техника / Будильники энурезные,Будильники энурезные,"1,223,797","1,683",2550.0%,80.0%,68.6%,30
Составляющие эмульсионной трубки,Составляющие эмульсионной трубки,"1,222,490",713,2600.0%,100.0%,62.8%,24
Зоотовары / Скребницы,Скребницы,"1,219,671",723,2150.0%,94.0%,66.7%,61
Спорт / Ниппели для спиц,Ниппели для спиц,"1,217,636",428,2750.0%,100.0%,53.8%,43
Для ремонта / Подоконник,Отливы для окон,"1,215,602","1,654",2850.0%,100.0%,66.7%,48
Жилеты оздоровительные,Жилеты оздоровительные,"1,213,522","2,314",2550.0%,66.7%,69.3%,29
Мужчинам / Платки,Преднагреватели плат,"1,206,005",626,3150.0%,100.0%,55.7%,25
Для ремонта / Сетки для писсуаров,Сетки для писсуаров,"1,199,208",475,2750.0%,100.0%,55.7%,55
Противогрибковые препараты для животных,Противогрибковые препараты для животных,"1,198,929",759,1650.0%,100.0%,73.0%,43
Нейтрализаторы испарений клея,Нейтрализаторы испарений клея,"1,195,979",466,3250.0%,91.2%,48.7%,45
Здоровье / Тренажеры для глаз,Тренажеры для глаз,"1,195,130",902,2950.0%,100.0%,61.6%,65
Продукты / Ветчина,Ветчина,"1,191,028",458,2150.0%,100.0%,61.0%,4
Корпусы рулевого механизма,Корпусы рулевого механизма,"1,190,684",305,2650.0%,100.0%,47.3%,39
Дом / Маркеры для бокалов,Маркеры для бокалов,"1,190,436",515,2950.0%,86.4%,52.5%,126
Ленты для печатных машинок,Ленты для печатных машинок,"1,188,331","2,012",2950.0%,100.0%,66.5%,22
Спорт / Зевники,Зевники,"1,183,733",303,2750.0%,66.7%,32.9%,44
Продукты / Морсы детские,Морсы детские,"1,181,423",481,2450.0%,100.0%,58.9%,23
Изделия от мобильного излучения,Изделия от мобильного излучения,"1,179,698",738,2550.0%,100.0%,63.7%,28
Тренчкоты для малышей,Тренчкоты для малышей,"1,175,590","1,914",3450.0%,100.0%,61.3%,9
Продукты / Колбасы,Колбасы,"1,170,723",162,2150.0%,100.0%,29.1%,14
Ножи для швейных машин,Ножи для швейных машин,"1,165,093","1,001",2950.0%,86.1%,61.2%,67
Спорт / Ушки для лошадей,Ушки для лошадей,"1,162,385",437,2850.0%,100.0%,53.2%,66
Сад и дача / Плуг,Плуги,"1,162,063","2,478",2950.0%,100.0%,67.3%,36
Продукты / Крупа ячневая,Крупа ячневая,"1,159,612",534,1650.0%,97.6%,68.2%,69
Колеса для робот-пылесосов,Колеса для робот-пылесосов,"1,156,622",898,2550.0%,77.8%,63.0%,66
Переноски для продуктов,Переноски для продуктов,"1,154,080","1,796",2950.0%,100.0%,66.0%,74
Красота / Очистители воска,Очистители воска,"1,146,705",396,3250.0%,89.0%,44.8%,57
Игрушки / Нейроскакалки,Нейроскакалки,"1,146,684",807,2350.0%,88.4%,65.3%,64
Средства для нанесения декалей,Средства для нанесения декалей,"1,141,941",392,2950.0%,100.0%,50.1%,34
Фиксаторы спортивного инвентаря,Фиксаторы спортивного инвентаря,"1,139,464","1,776",2750.0%,100.0%,68.0%,41
Сад и дача / Карбид кальция,Карбид кальция,"1,136,263",784,2950.0%,99.2%,60.2%,33
Приспособления для интимной косметики,Приспособления для интимной косметики,"1,134,045",848,2950.0%,92.3%,60.3%,104
Сад и дача / Лопаты снеговые,Снеговые отвалы,"1,133,629","1,402",2800.0%,100.0%,66.3%,36
Акции / Снегоход,Кофры для снегоходов,"1,132,430","4,291",2750.0%,100.0%,70.6%,23
Сад и дача / Решетки газонные,Решетки на окна,"1,129,561","4,974",2850.0%,100.0%,69.9%,14
Канцтовары / Пломбировочные ленты,Пломбировочные ленты,"1,118,856",769,2450.0%,100.0%,65.1%,52
Держатели для накладных ногтей,Держатели для накладных ногтей,"1,117,583",736,3250.0%,87.0%,55.0%,80
Здоровье / Спреи от курения,Спреи от курения,"1,117,157",825,2550.0%,100.0%,64.8%,47
Термокомплекты для малышей,Термокомплекты для малышей,"1,113,449","1,296",3450.0%,50.0%,53.2%,41
Продукты / Сет,Сетки для кальяна,"1,108,737",921,2850.0%,100.0%,62.8%,30
Смазки для садовой техники,Смазки для садовой техники,"1,103,664",611,2850.0%,97.6%,58.1%,67
Вешалки для отпаривателей,Вешалки для отпаривателей,"1,103,127","3,157",2550.0%,100.0%,72.0%,46
Красота / Лед косметический,Лед косметический,"1,102,822",842,3250.0%,100.0%,58.0%,59
Экспресс-тесты для животных,Экспресс-тесты для животных,"1,098,809",900,2150.0%,100.0%,69.6%,64
Для ремонта / Столбы для забора,Столбы для забора,"1,093,389","2,348",2850.0%,100.0%,68.1%,19
Помпы микроинфузионные,Помпы микроинфузионные,"1,083,448","2,528",3150.0%,100.0%,65.3%,14
Газовые грили туристические,Газовые грили туристические,"1,081,200","3,586",2700.0%,100.0%,70.8%,39
Держатели для аквариума,Держатели для аквариума,"1,080,623",910,1650.0%,100.0%,74.7%,65
Запчасти для переносок,Запчасти для переносок,"1,080,457","1,974",2150.0%,100.0%,74.4%,22
Обувь / Гели для обуви,Гели для обуви,"1,072,558",445,3450.0%,100.0%,47.5%,105
Электроника / Трекпады,Трекпады,"1,070,563","2,669",2450.0%,100.0%,72.5%,19
Спорт / Куканы рыболовные,Куканы рыболовные,"1,070,505",706,2750.0%,100.0%,61.2%,108
Продукты / Хворост,Хворост,"1,068,113",581,2150.0%,100.0%,64.7%,17
Вентиляционно-осушительные коробки,Вентиляционно-осушительные коробки,"1,067,941","1,546",2750.0%,100.0%,67.3%,36
Автотовары / Фиксаторы пружины,Фиксаторы райзера,"1,063,928",690,2750.0%,100.0%,60.9%,18
Пистолеты для фламбирования,Пистолеты для фламбирования,"1,063,167",955,2900.0%,100.0%,62.6%,26
Женщинам / Ленты для груди,Ленты для груди,"1,057,300",552,3450.0%,100.0%,51.0%,114
Спорт / Носки для грепплинга,Носки для грепплинга,"1,056,392",480,3450.0%,100.0%,48.8%,27
Красота / Убтаны,Убтаны,"1,055,505",530,3250.0%,94.4%,51.5%,53
Акции / Ринзер,Ринзеры,"1,055,076",800,2750.0%,89.9%,61.4%,65
Дом / Держатели,Держатели для мела,"1,054,330","1,073",2950.0%,60.0%,58.1%,26
Пластыри от укачивания,Пластыри от укачивания,"1,053,756",678,2550.0%,90.0%,61.4%,57
Спорт / Планки спортивные,Планки спортивные,"1,053,407","1,274",2750.0%,100.0%,66.2%,17
Амортизаторы под седло,Амортизаторы под седло,"1,043,302",683,2150.0%,100.0%,66.8%,34
Средства для сельскохозяйственного оборудования,Средства для сельскохозяйственного оборудования,"1,043,129","1,055",2850.0%,11.1%,3.2%,38
Профили для гипсокартона,Профили для гипсокартона,"1,033,066",828,2850.0%,100.0%,61.8%,35
Спорт / Заводные кольца,Заводные кольца,"1,028,480",546,2750.0%,86.3%,55.5%,106
Электроника / Умные горшки,Умные горшки,"1,021,985","2,703",2750.0%,76.5%,68.6%,54
Красота / Наборы для солярия,Наборы для солярия,"1,019,662","1,526",3250.0%,100.0%,62.3%,47
Страховочные шарики для прицепов,Страховочные шарики для прицепов,"1,012,581",598,2150.0%,100.0%,65.1%,28
Подшивы,Подшивы,"1,012,502",626,2950.0%,91.9%,56.6%,41
Ремешки для пульсометров,Ремешки для пульсометров,"1,011,936",621,3450.0%,100.0%,52.6%,76
Аксессуары для велостанков,Аксессуары для велостанков,"1,011,694","1,386",2950.0%,50.0%,59.0%,45
Рукава послеоперационные,Рукава послеоперационные,"1,011,430","1,559",3150.0%,100.0%,63.4%,15
Напитки сокосодержащие детские,Напитки сокосодержащие детские,"1,010,339","1,568",2450.0%,100.0%,70.4%,17
Спорт / Черпаки для лодок,Черпаки для лодок,"1,009,762","1,122",2700.0%,100.0%,65.9%,33
Подкладки для объема волос,Подкладки для объема волос,"1,008,232",460,3450.0%,74.6%,42.2%,41
Товары для взрослых / Секс кресла,Секс кресла,"1,002,376","3,022",2950.0%,50.0%,65.2%,24
Туши для рапидографов,Туши для рапидографов,"1,000,987",984,2450.0%,95.4%,67.0%,49
Спорт / Гарпуны,Гарпуны,"1,000,723","1,244",2750.0%,94.1%,65.7%,37
Аксессуары / Шпильки-спиральки,Шпильки-спиральки,"998,346",549,3450.0%,95.4%,50.2%,41
Молотки неврологические,Молотки неврологические,"997,891","1,021",2550.0%,87.5%,65.5%,35
Маски послеоперационные,Маски послеоперационные,"997,789","1,233",2550.0%,66.7%,64.8%,17
Сменные пакеты для туалета,Сменные пакеты для туалета,"997,449","1,063",3250.0%,100.0%,60.0%,32
Спорт / Лапа,Плунжерные клапаны,"995,920","1,224",2750.0%,100.0%,66.0%,34
Средства с феромонами,Средства с феромонами,"994,688",720,2950.0%,100.0%,59.4%,62
Дезодоранты для животных,Дезодоранты для животных,"994,008",955,2150.0%,94.4%,69.6%,111
Напальчники для игры на гитаре,Напальчники для игры на гитаре,"986,853",409,2350.0%,66.7%,47.2%,66
Чистящие средства для кальяна,Чистящие средства для кальяна,"986,353",402,2850.0%,100.0%,51.6%,40
Манжеты для пульсометров,Манжеты для пульсометров,"984,506",631,2750.0%,100.0%,59.8%,38
Акции / Счетчик банкнот,Сортировщики банкнот,"984,134","1,506",2650.0%,95.8%,68.0%,9
Спорт / Фартуки рыболовные,Фартуки рыболовные,"982,065",879,2950.0%,100.0%,61.4%,39
Дом / Смесители,Смеси М-150,"971,710",935,2600.0%,100.0%,65.4%,29
Бытовая техника / Картриджи для бритв,Картриджи для бритв,"968,858","1,508",2550.0%,80.0%,67.9%,53
Детям / Салфетки для груди,Салфетки для груди,"968,721","1,208",2650.0%,87.8%,66.0%,32
Дом / Держатели,Держатели щитков,"959,075",748,2950.0%,83.3%,57.7%,68
Инструменты для обработки кия и наклеек,Инструменты для обработки кия и наклеек,"956,694","1,431",2750.0%,88.1%,66.2%,33
Гели для защитных стекол,Гели для защитных стекол,"954,968",664,2950.0%,100.0%,58.5%,52
Аксессуары / Ремни,Ремни для автокресел,"953,724","1,118",2650.0%,77.1%,64.2%,66
Акции / БИПАП-аппарат,БИПАП-аппараты,"953,266","3,425",2550.0%,100.0%,72.2%,10
Товары для взрослых / Чокеры эротик,Чокеры эротик,"951,457",761,2950.0%,83.3%,57.9%,39
Для ремонта / Листы оцинкованные,Листы оцинкованные,"949,214","2,494",2850.0%,50.0%,65.1%,26
Дом / Защитные экраны,Ветрозащитные экраны,"945,059","1,449",2750.0%,100.0%,67.0%,51
Спорт / Каны рыболовные,Ретриверы рыболовные,"940,517",584,2250.0%,71.4%,58.3%,73
Дом / Ванночки детские,Ванночки сидячие,"936,752","1,140",2500.0%,83.3%,66.6%,17
Халаты для животных,Халаты для животных,"933,989",847,2150.0%,100.0%,69.1%,46
Спорт / Краги конные,Краги для снегоходов,"933,541",627,2700.0%,100.0%,60.2%,30
Аксессуары / Банданы,Банданы для малышей,"933,415",468,3450.0%,74.0%,42.4%,44
Аксессуары / Монетница,Сортировщики монет,"932,476","1,227",2650.0%,86.0%,65.9%,25
Комплектующие для респираторов,Комплектующие для респираторов,"932,136",855,2850.0%,94.4%,61.6%,65
Клапаны для слива воды,Клапаны для слива воды,"930,400","1,145",2650.0%,40.0%,56.0%,49
Вставки для большого пальца,Вставки для большого пальца,"929,708",489,2550.0%,71.4%,51.6%,117
Продукты / Ростки ячменя,Ростки ячменя,"925,219",385,1650.0%,90.6%,60.6%,27
Здоровье / Магниты медицинские,Магниты медицинские,"923,831",561,2550.0%,100.0%,60.2%,50
Соль для маникюра и педикюра,Соль для маникюра и педикюра,"922,718",474,3250.0%,94.0%,49.5%,65
Товары для взрослых / Простыни БДСМ,Простыни БДСМ,"922,480","1,352",2950.0%,85.7%,63.6%,39
Схемы проводки кабеля автомобильные,Схемы проводки кабеля автомобильные,"916,336","1,065",2650.0%,100.0%,66.0%,31
Дом / Гардеробные номерки,Гардеробные номерки,"915,404",858,3450.0%,76.7%,53.3%,59
Зоотовары / Ограничители лая,Ограничители лая,"914,658","1,264",2150.0%,100.0%,72.2%,52
Красота / Шиммер для ванн,Шиммер для ванн,"913,253",397,2750.0%,50.0%,32.2%,50
Для ремонта / Щебень,Щебень,"912,843",494,2850.0%,100.0%,55.3%,15
Продукты / Закуски,Закуски,"909,280",225,2150.0%,95.0%,41.1%,18
Дом / Паштетницы,Паштетницы,"905,802","1,694",2950.0%,88.2%,65.1%,64
Для ремонта / Шорты рабочие,Шорты рабочие,"903,507","3,469",3450.0%,31.8%,58.3%,13
Канцтовары / Смывки для клея,Смывки для лыж,"893,713",760,2700.0%,100.0%,62.5%,41
Дом / Гармошки,Гармошки,"893,462","1,302",2850.0%,100.0%,65.4%,16
Бытовки сборные,Бытовки сборные,"892,430","193,846",300.0%,100.0%,97.0%,3
Брызговики для лыжероллеров,Брызговики для лыжероллеров,"891,626",409,2750.0%,100.0%,52.9%,29
Мужчинам / Подтяжки бельевые,Подтяжки бельевые,"875,648","1,473",3450.0%,100.0%,60.1%,27
Столы журнальные плетеные,Столы журнальные плетеные,"875,446","10,668",2650.0%,100.0%,72.8%,29
Шпоры для верховой езды,Шпоры для верховой езды,"875,303","2,090",2750.0%,100.0%,68.7%,55
Нагрудники для лошадей,Нагрудники для лошадей,"874,457",869,2950.0%,100.0%,61.3%,30
Дом / Кастаньеты,Кастаньеты,"874,172",664,2850.0%,100.0%,59.5%,88
Ремни для выпрямления ног,Ремни для выпрямления ног,"872,719","1,548",2750.0%,100.0%,67.3%,42
Акции / Диафильм,Диафильмы,"870,423","1,333",2850.0%,100.0%,65.5%,28
Футляры для тампонов и прокладок,Футляры для тампонов и прокладок,"869,348",720,3250.0%,82.4%,54.0%,35
Подсветка для ноутбука,Подсветка для ноутбука,"869,236","1,409",2450.0%,100.0%,69.8%,53
Дом / Фреш-пакеты,Фреш-пакеты,"867,332","1,542",2950.0%,100.0%,65.3%,36
Красота / Чаши для бритья,Чаши для бритья,"857,622","1,079",3250.0%,100.0%,60.1%,53
Аппликаторы для инъекций,Аппликаторы для инъекций,"857,205",851,3150.0%,100.0%,59.1%,19
Дом / Клаве,Клаве,"856,646",528,2850.0%,90.0%,54.7%,54
Велосипедки для малышей,Велосипедки для малышей,"855,948",846,3450.0%,100.0%,56.0%,34
Держатели для вентканалов,Держатели для вентканалов,"854,490",792,2750.0%,83.2%,60.4%,40
Дом / Сурдины,Сурдины,"852,905",728,2850.0%,100.0%,60.5%,49
Зеркала для магазина,Зеркала для магазина,"852,424","1,513",2650.0%,100.0%,68.2%,24
Дом / Звукосниматели,Сниматели для обуви,"852,049","1,289",3450.0%,83.9%,58.1%,52
Дом / Наборы для карвинга,Наборы для карвинга,"851,144",714,2950.0%,100.0%,59.3%,53
Регуляторы рулевой колонки,Регуляторы рулевой колонки,"850,348","2,163",2150.0%,100.0%,74.8%,12
Электроника / Сигвеи,Сигвеи,"846,891","16,280",3050.0%,100.0%,69.0%,13
Обувь / Блески для обуви,Блески для обуви,"846,235",892,3450.0%,66.7%,52.0%,65
Канцтовары / Рапидографы,Рапидографы,"845,845",879,2950.0%,91.1%,60.5%,45
Акции / Тату-рукава,Тату-рукава,"841,970",461,3450.0%,86.5%,45.4%,61
Спорт / Связки для лыж,Связки для лыж,"841,065",520,2450.0%,81.5%,56.6%,87
Автотовары / Фильтры,Фильтры дуплексные,"840,697","1,040",2750.0%,90.0%,64.0%,26
Переключатели давления,Переключатели давления,"838,248","1,642",2750.0%,100.0%,67.6%,37
Обувь / Жиры для обуви,Жиры для обуви,"837,724",731,3450.0%,100.0%,54.6%,21
Спорт / Шнурки для манков,Шнурки для манков,"836,367",703,2950.0%,93.8%,58.4%,41
Дом / Умная жидкость,Умная жидкость,"827,485",411,2950.0%,100.0%,51.0%,39
Кремы лечебные для животных,Кремы лечебные для животных,"826,867",807,2150.0%,100.0%,68.6%,60
Картриджи для отпаривателей,Картриджи для отпаривателей,"826,010","2,350",2550.0%,100.0%,71.1%,17
Дом / Сушилки для лапши,Сушилки для лапши,"822,259","1,546",2950.0%,100.0%,65.3%,34
Спорт / Вилки ригидные,Вилки ригидные,"817,339","1,004",2750.0%,100.0%,64.5%,27
Газ для страйкбольного оружия,Газ для страйкбольного оружия,"816,381",721,2750.0%,86.2%,59.6%,7
Спорт / Гермочехлы,Гермочехлы,"814,233",974,2950.0%,73.3%,59.3%,76
Дверные звонки для собак,Дверные звонки для собак,"808,995",623,1650.0%,100.0%,70.7%,32
Канцтовары / Резаки для бумаги,Резаки для мыла,"807,517","1,481",2950.0%,74.5%,63.3%,39
Сад и дача / Ледорубы,Ледорубы спортивные,"796,136","2,205",2750.0%,100.0%,68.9%,34
Детям / Подзоры для кроватей,Подзоры для кроватей,"793,303","1,482",2650.0%,100.0%,68.1%,32
Для ремонта / Песок строительный,Песок строительный,"793,070",525,2050.0%,84.4%,61.4%,47
Спорт / Кардиодатчики,Кардиодатчики,"791,370",630,2750.0%,92.3%,58.7%,26
Сад и дача / Вагонки деревянные,Углы деревянные,"790,895","1,072",2850.0%,100.0%,64.0%,42
Акции / Бонг,Бонги,"787,353","1,108",2850.0%,75.0%,61.9%,7
Клей для временных татуировок,Клей для временных татуировок,"786,515",333,3250.0%,85.5%,39.4%,47
Насадки для вибраторов,Насадки для вибраторов,"785,358",688,2950.0%,100.0%,58.9%,42
Дом / Секции с зеркалом,Секции с зеркалом,"783,741","1,106",2600.0%,100.0%,66.8%,12
Дом / Блокноты,Блокноты электронные,"781,825","1,941",2750.0%,100.0%,68.4%,37
Продукты / Баранки,Баранки,"779,383",604,2150.0%,92.3%,64.2%,23
Фиксаторы мебельных чехлов,Фиксаторы мебельных чехлов,"772,016","1,115",2150.0%,93.3%,70.8%,21
Продукты / Пудинги,Пудинги,"768,785",418,2150.0%,88.9%,57.0%,23
Миксеры для косметики,Миксеры для косметики,"767,914","1,008",2550.0%,94.8%,66.1%,56
Дом / Жемчуга жидкие,Жемчуга жидкие,"767,495",648,2450.0%,100.0%,63.2%,33
Сад и дача / Обливные устройства,Устройства AirFloss,"756,738","1,706",2550.0%,100.0%,69.8%,18
Автотовары / Накидки,Слинг-накидки,"753,367","2,144",2650.0%,60.7%,67.4%,38
Канцтовары / Резаки для бумаги,Резаки для сигары,"751,313","1,383",2850.0%,100.0%,65.7%,49
Красота / Спреи,Спреи для цитрусовых,"744,835",722,2950.0%,100.0%,59.4%,40
Детям / Май-слинги,Слинги с кольцами,"744,469","1,514",2650.0%,71.3%,66.1%,22
Для ремонта / Пандус,Пандусы медицинские,"744,090","7,074",2550.0%,100.0%,73.4%,15
Для ремонта / Брюки одноразовые,Брюки одноразовые,"744,079",768,2850.0%,100.0%,61.1%,15
Сад и дача / Кисти для клея,Кисти для клея,"743,128",462,2650.0%,100.0%,56.2%,44
Детям / Слингобусы,Слингобусы,"737,469",702,2650.0%,100.0%,62.1%,44
Красота / Чехлы для косметики,Чехлы для косметики,"734,955","1,110",3250.0%,74.3%,57.8%,79
Акции / Виномер,Виномеры,"734,377",277,2450.0%,100.0%,46.6%,84
Спорт / Гурта для лошади,Корды для лошади,"733,054","1,132",2950.0%,100.0%,63.4%,32
Товары для взрослых / Неглиже эротик,Неглиже эротик,"732,252","1,163",2950.0%,80.0%,61.9%,46
Дом / Снежинки,Снежинки,"732,076",353,3250.0%,77.7%,38.3%,165
Детям / Компрессы детские,Компрессы спортивные,"723,953","1,492",2750.0%,90.0%,66.5%,50
Продукты / Хлопья пшеничные,Хлопья пшеничные,"721,473",536,1650.0%,97.9%,68.2%,40
Сад и дача / Рукавицы для бани,Рукавицы одноразовые,"721,296","1,006",2550.0%,100.0%,66.5%,39
Фильтры для тепловентиляторов,Фильтры для тепловентиляторов,"715,554","4,514",2550.0%,100.0%,72.7%,30
Электроника / Электробайк,Электробайки,"710,782","33,258",2850.0%,100.0%,71.3%,6
Блоки системы дополнительного воздуха,Блоки системы дополнительного воздуха,"708,174","1,192",2600.0%,83.3%,65.9%,38
Самостраховки,Самостраховки,"705,383","1,624",2700.0%,73.2%,66.3%,11
Автотовары / Муфты на руль,Муфты для рук,"699,908","1,331",3450.0%,100.0%,59.5%,37
Для ремонта / Другие измерители,Измерители жира,"699,604","1,759",2500.0%,100.0%,70.5%,50
Товары для взрослых / Возбуждающие препараты,Возбуждающие напитки,"698,293","1,120",2950.0%,50.0%,56.2%,23
Стерилизаторы для ножей,Стерилизаторы для ножей,"689,988","3,264",2450.0%,100.0%,73.0%,25
Заменители сухого молока,Заменители сухого молока,"687,430",884,2150.0%,100.0%,69.5%,11
Газовые баллоны медицинские,Газовые баллоны медицинские,"686,722",813,2500.0%,100.0%,65.2%,19
Пластыри для животных,Пластыри для животных,"685,808",325,2150.0%,88.7%,50.8%,20
Матрасы для переносок,Матрасы для переносок,"680,628","1,529",2650.0%,100.0%,68.3%,12
Термоноски для малышей,Термоноски для малышей,"679,344",340,3450.0%,87.7%,38.7%,41
Автотовары / Чехлы,Чехлы для галстуков,"676,873",612,3450.0%,100.0%,52.4%,43
Красота / Футляры для помад,Футляры для помад,"673,996",516,3250.0%,100.0%,52.0%,56
Дом / Мандолины,Мандолины,"673,548",865,2850.0%,100.0%,62.3%,29
Бытовая техника / Утюги,Утюги смазочные,"673,538","5,390",2750.0%,100.0%,71.0%,20
Дом / Подставки,Подставки для сигар,"669,695",928,2350.0%,100.0%,67.9%,34
Ниппели под термометры,Ниппели под термометры,"666,423",484,2450.0%,100.0%,59.0%,45
Ручки для лыжных палок,Ручки для лыжных палок,"664,008",860,2950.0%,100.0%,61.2%,37
Спорт / Пуловеры спортивные,Пуловеры спортивные,"662,083","1,401",3450.0%,100.0%,59.8%,36
Средства для удаления обоев,Средства для удаления обоев,"661,219",550,2850.0%,85.7%,54.5%,55
Дом / Ершики кухонные,Ершики для кальянов,"655,198",383,2850.0%,100.0%,50.6%,50
Спорт / Сэндбэги,Сэндбэги,"655,185","1,955",2750.0%,89.5%,67.9%,37
Спорт / Карточки судейские,Карточки судейские,"654,830",418,2450.0%,96.8%,55.7%,29
Расширители гинекологические,Расширители гинекологические,"650,297","1,100",2950.0%,87.2%,62.2%,55
Аксессуары / Берет,Береты для малышей,"648,877",452,3450.0%,100.0%,47.8%,16
Для ремонта / Ондулин,Ондулин,"647,562","1,647",2850.0%,100.0%,66.6%,9
Товары для взрослых / Ленты эротик,Ленты эротик,"646,080",597,2950.0%,84.0%,54.5%,54
Магниты для велокомпьютеров,Магниты для велокомпьютеров,"644,426","1,061",2950.0%,100.0%,63.0%,24
Аудиокниги CD,Аудиокниги CD,"644,067",865,2950.0%,93.3%,60.6%,43
Дом / Касалетки,Касалетки,"643,331","2,656",2900.0%,100.0%,68.0%,32
Автопилоты для прикормочных корабликов,Автопилоты для прикормочных корабликов,"641,638","1,563",2700.0%,100.0%,67.9%,10
Склизы для снегоходов,Склизы для снегоходов,"635,881","3,214",2150.0%,93.3%,75.8%,9
Автотовары / Чехлы,Чехлы для ножниц,"635,084",623,3450.0%,85.8%,50.5%,55
Вешалки для спортивной формы,Вешалки для спортивной формы,"634,444","1,322",2950.0%,100.0%,64.4%,27
Спорт / Защита ног лошади,Защита ног лошади,"631,913","1,624",2950.0%,100.0%,65.6%,34
Принадлежности для письма по Брайлю,Принадлежности для письма по Брайлю,"630,948","1,320",2950.0%,100.0%,64.4%,24
Для ремонта / Плитка клинкерная,Плитка клинкерная,"630,202","1,254",2850.0%,100.0%,65.1%,23
Съемники рыболовных крючков,Съемники рыболовных крючков,"628,130",956,2450.0%,100.0%,67.1%,43
Дом / Шилья для рукоделия,Шилья для кальяна,"626,167",345,2850.0%,92.5%,46.4%,28
Ножки для конвекторов,Ножки для конвекторов,"625,679",509,2550.0%,71.4%,52.5%,59
Спорт / Велоудочки,Велоудочки,"623,519","1,172",2750.0%,100.0%,65.7%,11
Таймеры для автоматизации птичника,Таймеры для автоматизации птичника,"620,833","1,320",1650.0%,100.0%,77.4%,27
Трубки для питьевой системы,Трубки для питьевой системы,"615,540",744,2750.0%,100.0%,61.7%,55
Здоровье / Компрессионные брюки,Компрессионные брюки,"610,522","2,356",2500.0%,82.1%,70.9%,26
Автоподсекатели для удочек,Автоподсекатели для удочек,"608,379","1,151",2250.0%,100.0%,70.5%,57
Спорт / Аквадиски,Аквадиски,"603,643","1,122",2750.0%,100.0%,65.4%,30
Пленки для панорамных масок,Пленки для панорамных масок,"599,021","1,025",2850.0%,100.0%,63.7%,14
Канцтовары / Ручки,Ручки для шпателя,"597,366",691,2650.0%,100.0%,61.9%,43
Ушечистки для животных,Ушечистки для животных,"593,639","1,094",1650.0%,100.0%,76.2%,35
Зоотовары / Фен для животных,Вакцины для животных,"593,477",838,1650.0%,68.4%,69.5%,9
Мужчинам / Фартуки медицинские,Фартуки медицинские,"591,137","1,464",3450.0%,53.8%,55.3%,31
Колокольчики для лошади,Колокольчики для лошади,"590,606",889,2150.0%,100.0%,69.5%,37
Товары для взрослых / Пэстис эротик,Пэстис эротик,"588,866",630,2950.0%,82.9%,55.2%,63
Дом / Мыло металлическое,Мыло металлическое,"586,910","1,150",2450.0%,92.1%,67.9%,50
Импеллеры для аквариумного фильтра,Импеллеры для аквариумного фильтра,"586,880",779,2150.0%,100.0%,68.2%,36
Горжетки,Горжетки,"585,726","1,467",3450.0%,100.0%,60.0%,24
Продукты / Конфеты 18+,Конфеты 18+,"583,400",460,1650.0%,100.0%,66.1%,61
Спорт / Заглушки для руля,Заглушки для лыж,"582,521",509,2700.0%,100.0%,57.3%,30
Продукты / Воздушный рис,Воздушный рис,"571,653",417,2150.0%,100.0%,59.3%,35
Зоотовары / Хлопья для животных,Хлопья для животных,"571,310",432,2150.0%,100.0%,60.0%,13
Спорт / Гидрошлемы,Гидрошлемы,"570,471",858,2950.0%,100.0%,61.2%,35
Автотовары / Регуляторы прогрева,Регуляторы прогрева,"567,645","2,504",2650.0%,66.7%,68.7%,23
Продукты / Тортилья,Тортилья,"567,135",618,2150.0%,100.0%,65.6%,22
Порошки лечебные для животных,Порошки лечебные для животных,"564,300","1,119",2150.0%,100.0%,71.4%,10
Для ремонта / Маски паяльные,Маски паяльные,"554,854",893,2850.0%,100.0%,62.5%,92
Продукты / Пасты фруктовые,Пасты фруктовые,"554,624",489,2150.0%,100.0%,62.1%,23
Слингомайки,Слингомайки,"551,184","1,328",2650.0%,53.1%,62.2%,13
Зоотовары / Спринцовки для животных,Спринцовки эротик,"550,553","1,092",2950.0%,86.0%,62.0%,51
Крепления для лыжероллеров,Крепления для лыжероллеров,"545,036","3,249",2750.0%,100.0%,70.0%,13
Наборы молочных продуктов,Наборы молочных продуктов,"543,967",773,2150.0%,100.0%,68.2%,19
Сад и дача / Ведра для золы,Ведра для золы,"537,963","1,302",2850.0%,100.0%,65.4%,17
Майки послеоперационные,Майки послеоперационные,"537,770","1,722",2550.0%,65.5%,67.4%,7
Продукты / Лист бамбука,Листья бамбука,"535,662",749,2150.0%,100.0%,67.8%,33
Сад и дача / Дома и бани сборные,Дома и бани сборные,"532,860","809,832",300.0%,100.0%,97.0%,1
Керамзит строительный,Керамзит строительный,"532,510",786,2050.0%,95.2%,68.8%,23
Продукты / Зелень и салаты,Зелень и салаты,"531,696",223,2150.0%,100.0%,42.6%,3
Автотовары / Фильтры,Фильтры для лотков,"527,746","1,080",2150.0%,91.1%,70.4%,37
Подвесы для подъемников,Подвесы для подъемников,"525,150","3,787",2750.0%,68.0%,69.4%,10
Акции / ИВЛ-аппарат,ИВЛ-аппараты,"524,701","1,500",2550.0%,100.0%,69.2%,25
Мебель / Подставка для руки компьютерная,Руки для фистинга,"522,239","3,720",2950.0%,100.0%,68.3%,29
Наборы марок для коллекционирования,Наборы марок для коллекционирования,"521,348",303,2950.0%,100.0%,44.1%,36
Автотовары / Стяжки пружин,Стяжки для ковриков,"520,739","1,423",2250.0%,100.0%,71.9%,61
Дом / Карты,Контурные карты,"520,680",295,2450.0%,98.1%,47.9%,67
Товары для взрослых / Анальные крюки,Анальные крюки,"515,747","1,183",2950.0%,100.0%,63.7%,43
Подкладки для бретелей,Подкладки для бретелей,"513,678",707,3450.0%,71.4%,49.7%,38
Запчасти для секс машины,Запчасти для секс машины,"513,304","1,320",2950.0%,100.0%,64.4%,16
Календари эротические,Календари эротические,"512,837",956,2950.0%,100.0%,62.1%,27
Усилители искры в системе зажигания,Усилители искры в системе зажигания,"511,383","1,255",2650.0%,100.0%,67.1%,28
Мужчинам / Чулки,Велочулки,"510,528",739,3450.0%,100.0%,54.7%,33
Смеси лечебные для животных,Смеси лечебные для животных,"510,463",835,2150.0%,100.0%,68.9%,6
Зоотовары / Рептух для сена,Рептухи для сена,"509,512","1,893",2150.0%,100.0%,74.3%,29
Защитные ленты обода ракетки,Защитные ленты обода ракетки,"501,310",941,2750.0%,100.0%,64.0%,29
Здоровье / Контактные линзы,Контактные среды,"499,984",757,2550.0%,100.0%,63.9%,33
Дом / Шкафные группы,Шкафные группы,"497,809","7,255",2650.0%,100.0%,72.4%,21
Спорт / Колодки стартовые,Колодки стартовые,"493,288","3,600",2250.0%,100.0%,75.3%,12
Растворы для разведения хны,Растворы для разведения хны,"492,418",642,3250.0%,92.4%,54.0%,49
Косточки для воротника рубашки,Косточки для воротника рубашки,"491,891",638,3450.0%,100.0%,53.0%,26
Дом / Сетки для копчения,Сетки для копчения,"487,134",763,2950.0%,96.6%,59.6%,22
Световозвращатели спортивные,Световозвращатели спортивные,"486,486",905,2250.0%,93.1%,68.0%,45
Сад и дача / Септик,Септики,"485,352","2,871",750.0%,100.0%,89.7%,30
Спорт / Пучковязы,Пучковязы,"481,858",504,2250.0%,100.0%,61.6%,75
Детям / Пеленки,Пеленки крестильные,"479,224","1,029",2650.0%,100.0%,65.7%,14
Кофеварки автомобильные,Кофеварки автомобильные,"471,737","3,323",2650.0%,100.0%,71.1%,12
Сумки для гироскутеров,Сумки для гироскутеров,"470,350","1,417",2950.0%,100.0%,64.9%,27
Спорт / Краги конные,Мартингалы конные,"470,103","2,818",2950.0%,100.0%,67.7%,10
Канцтовары / Чернила,Чернила пищевые,"468,178",766,2150.0%,100.0%,68.1%,28
Сад и дача / Меха для розжига,Меха для розжига,"465,983",798,2350.0%,84.8%,64.7%,101
Пакеты для транспортировки рыб,Пакеты для транспортировки рыб,"463,320",917,2150.0%,100.0%,69.8%,42
Товары для взрослых / Шоколад эротик,Шоколад эротик,"462,192",696,2150.0%,82.0%,64.5%,39
Спорт / Ленты для пуант,Ленты для пуант,"461,452",986,2950.0%,100.0%,62.4%,27
Пинцеты для коллекционирования,Пинцеты для коллекционирования,"461,296",626,2450.0%,83.3%,60.2%,40
Продукты / Куличи,Куличи,"455,667",493,1650.0%,100.0%,67.3%,26
Интерфейсы для микроэлектроники,Интерфейсы для микроэлектроники,"450,596",763,2850.0%,100.0%,61.0%,18
Дом / Лиры,Лиры,"450,567","5,230",2850.0%,100.0%,70.0%,19
Продукты / Хлопья гороховые,Хлопья гороховые,"448,370",457,2150.0%,98.2%,60.7%,15
Для ремонта / Швеллер,Швеллеры,"440,438","1,006",2850.0%,100.0%,63.5%,21
Шорты послеоперационные,Шорты послеоперационные,"435,850",673,2550.0%,100.0%,62.6%,20
Спреи для вратарских перчаток,Спреи для вратарских перчаток,"434,137","1,102",2950.0%,100.0%,63.2%,17
Для ремонта / Листы оцинкованные,Листы пробковые,"432,317",523,2850.0%,100.0%,56.2%,24
Вкладыши для тормозных колодок,Вкладыши для тормозных колодок,"431,068",486,2750.0%,85.7%,53.3%,34
Коньки для лыж снегохода,Коньки для лыж снегохода,"425,406","3,939",2150.0%,100.0%,76.5%,11
Доски для пересаживания,Доски для пересаживания,"422,368","3,857",3250.0%,81.2%,64.9%,26
Держатели для флаконов лака,Держатели для флаконов лака,"420,916","1,144",3250.0%,100.0%,60.5%,37
Здоровье / Скребки Гуаша,Скребки для лыж,"408,049",680,2750.0%,96.6%,60.3%,44
Вилки для распечатывания сот,Вилки для распечатывания сот,"405,145",970,2150.0%,100.0%,70.3%,35
Акции / Трубки курительные,Трубки курительные,"404,738",520,2850.0%,91.7%,54.7%,19
Камертоны медицинские,Камертоны медицинские,"399,759","1,082",3150.0%,100.0%,61.1%,24
Накатки для лыж,Накатки для лыж,"398,805","2,098",2250.0%,100.0%,73.7%,15
Автотовары / Предохранители автомобильные,Хранители паролей,"394,864",559,2750.0%,100.0%,58.2%,31
Матрасы для санок,Матрасы для санок,"392,954","1,277",2950.0%,28.6%,48.6%,47
Для ремонта / Счетчики воды,Счетчики посетителей,"391,798","3,252",2650.0%,100.0%,71.0%,9
Спорт / Шорты-ледянки,Шорты-ледянки,"390,589","3,123",3450.0%,100.0%,62.9%,4
Продукты / Смузи,Смузи детские,"389,216",960,2450.0%,100.0%,67.2%,17
Красота / Наборы,Наборы для слэклайна,"388,286",721,2750.0%,100.0%,61.4%,24
Джеггинсы для малышей,Джеггинсы для малышей,"388,113",300,3450.0%,41.7%,1.5%,35
Спорт / Расширители хвата,Расширители колеи,"386,200","1,608",2650.0%,66.7%,66.0%,14
Бытовая техника / Маслопрессы,Прессы для корма,"383,121",364,1650.0%,100.0%,61.5%,45
Наклейки на ступни ног,Наклейки на ступни ног,"382,776",719,2450.0%,100.0%,64.4%,28
Насосы для распыления фломастеров,Насосы для распыления фломастеров,"381,333",475,2950.0%,100.0%,53.7%,33
Спорт / Гермоаптечки,Гермоаптечки,"380,401",710,2900.0%,100.0%,59.7%,22
Электроника / Моноколеса,Моноколеса,"380,355","4,553",3000.0%,100.0%,68.2%,11
Зоотовары / Мелки для шерсти,Мелки для шерсти,"369,852",989,2150.0%,100.0%,70.4%,23
Насадки для систем отбеливания,Насадки для систем отбеливания,"368,201","1,120",2550.0%,100.0%,67.4%,19
Товары для взрослых / Шорты эротик,Шорты эротик,"367,528","1,664",2950.0%,100.0%,65.7%,9
Спорт / Лыжи для самоката,Лыжи для самоката,"364,879","1,945",2950.0%,50.0%,62.3%,36
Душевые кабины для инвалидов,Душевые кабины для инвалидов,"358,741","2,036",2750.0%,100.0%,68.6%,21
Стикеры от мобильного излучения,Стикеры от мобильного излучения,"355,580",541,2550.0%,100.0%,59.7%,35
Мешки для фильтрующих наполнителей,Мешки для фильтрующих наполнителей,"355,099",671,1650.0%,100.0%,71.6%,39
Товары для взрослых / Мыло эротик,Мыло эротик,"354,875",363,2950.0%,72.0%,39.9%,41
Наборы для кэнди бара,Наборы для кэнди бара,"353,456",850,2900.0%,100.0%,61.6%,31
Горелки для сухого горючего,Горелки для сухого горючего,"352,259",539,2750.0%,100.0%,57.7%,44
Смеси реставрационные,Смеси реставрационные,"352,124",741,2850.0%,100.0%,60.7%,31
Товары для взрослых / Браслеты эротик,Браслеты эротик,"350,923",948,2950.0%,100.0%,62.1%,26
Сменные блоки к диффузорам для животных,Сменные блоки к диффузорам для животных,"350,504","1,010",2150.0%,100.0%,70.6%,12
Автотовары / Фильтры,Фильтры частичные,"342,630","1,290",2600.0%,100.0%,67.8%,15
Продукты / Лапша WOK,Лапша WOK,"342,368",250,1650.0%,100.0%,51.5%,7
Прокладки осевого шенкеля,Прокладки осевого шенкеля,"341,844",779,2150.0%,100.0%,68.2%,12
Продукты / Крупа гороховая,Крупа гороховая,"338,885",462,1650.0%,100.0%,66.2%,8
Спорт / Трамплин,Трамплины,"337,636","2,962",2250.0%,100.0%,74.8%,14
Красота / Гидрофильные плитки,Гидрофильные плитки,"336,858",720,3250.0%,100.0%,56.4%,52
Дом / Лопатки кухонные,Лопатки на пальцы,"336,443",293,2250.0%,100.0%,50.2%,19
Электроника / Электроролики,Электроролики,"330,698",600,2550.0%,100.0%,61.2%,32
Товары для взрослых / Грации эротик,Грации эротик,"323,097",953,2950.0%,100.0%,62.1%,69
Канцтовары / Дыроколы,Дыроколы для крышек,"322,640",454,2450.0%,100.0%,57.9%,23
Продукты / Хлопья картофельные,Хлопья картофельные,"320,200",370,1650.0%,100.0%,61.9%,23
Нахвостники для лошадей,Нахвостники для лошадей,"314,030",902,2900.0%,100.0%,62.1%,19
Сад и дача / Насосы и помпы,Насосы на член,"308,723","1,197",2950.0%,88.2%,62.9%,17
Спорт / Тиски спортивные,Тиски спортивные,"308,718","1,672",2750.0%,100.0%,67.7%,6
Обувь / Масла для обуви,Масла для обуви,"306,019","1,132",3450.0%,100.0%,58.4%,30
Дом / Смесители,Смеси М-300,"305,487",463,2050.0%,100.0%,62.2%,19
Средства по уходу за пилоном,Средства по уходу за пилоном,"304,844","1,404",2950.0%,85.7%,63.9%,6
Автотовары / Накидки,Накидки для малышей,"304,215","1,263",3450.0%,100.0%,59.2%,21
Абсорбент углекислого газа,Абсорбент углекислого газа,"302,012","1,227",2750.0%,100.0%,66.0%,16
Тороки для дичи,Тороки для дичи,"301,918",591,2750.0%,100.0%,59.0%,27
Зоотовары / Вилы для уборки,Вилы для уборки,"301,613",935,2150.0%,100.0%,69.9%,33
Товары для взрослых / Стрэпы эротик,Стрэпы эротик,"300,940","1,172",2950.0%,100.0%,63.7%,28
Держатели для баллончиков,Держатели для баллончиков,"299,920",854,2750.0%,90.9%,62.2%,14
Аксессуары / Ювелирные четки,Ювелирные четки,"298,982","1,061",3300.0%,100.0%,59.5%,20
Складные каркасные ванны,Складные каркасные ванны,"297,320","3,794",2700.0%,100.0%,70.9%,11
Зоотовары / Корм для муравьев,Корм для муравьев,"294,163","1,170",1650.0%,100.0%,76.7%,20
Продукты / Крупы бобовые,Крупы бобовые,"289,364",540,2150.0%,100.0%,63.7%,13
Сад и дача / Замки дверные,Переходы дверные,"287,827",810,2850.0%,100.0%,61.6%,20
Ершики для питьевых систем,Ершики для питьевых систем,"279,512",831,2750.0%,84.0%,61.0%,26
Мебель / Стулья плетеные,Стулья плетеные,"279,280","10,601",2600.0%,100.0%,73.2%,17
Термометры для животных,Термометры для животных,"275,029",849,2150.0%,100.0%,69.1%,52
Бирки для новорожденных,Бирки для новорожденных,"271,632",551,2150.0%,89.5%,62.3%,39
Кронштейны для уздечек,Кронштейны для уздечек,"270,940","1,136",2950.0%,100.0%,63.5%,26
Продукты / Рожь,Рожь,"268,813",246,2150.0%,94.3%,44.0%,32
Здоровье / Иглы Губера,Иглы кулинарные,"264,696","1,202",2950.0%,100.0%,63.8%,27
Акции / Кадило для кальяна,Кадило для кальяна,"263,962","1,707",2850.0%,100.0%,66.8%,15
Кронштейны для сноубордов,Кронштейны для сноубордов,"261,920",965,2750.0%,100.0%,64.2%,26
Красота / Наконечники для тату,Наконечники для тату,"261,850",384,3250.0%,88.6%,44.0%,41
Компрессионные леггинсы,Компрессионные леггинсы,"260,886",779,2500.0%,100.0%,64.7%,27
Спорт / Слэмболы,Слэмболы,"260,537","2,050",2700.0%,100.0%,69.1%,7
Треугольники бильярдные,Треугольники бильярдные,"255,575",851,2750.0%,69.0%,58.9%,24
Автотовары / Пружины подвески,Пружины для шейкера,"255,227",433,2450.0%,100.0%,57.0%,44
Мужчинам / Юбки медицинские,Юбки медицинские,"254,741","2,331",3450.0%,60.0%,59.8%,13
Для ремонта / Пассаметр,Пассаметры,"253,457","1,194",3100.0%,100.0%,62.3%,10
Пустышки для медикаментов,Пустышки для медикаментов,"247,088",646,2550.0%,100.0%,62.1%,30
Продукты / Хлопья ржаные,Хлопья ржаные,"245,941",519,1650.0%,100.0%,68.1%,24
Товары для взрослых / Секс мячи,Секс мячи,"245,432","1,033",2950.0%,100.0%,62.8%,3
Аксессуары / Спирали для прически,Спирали для прически,"245,007",517,3450.0%,100.0%,50.0%,35
Таймеры для аквариума,Таймеры для аквариума,"244,064","2,653",2150.0%,100.0%,75.5%,21
Блеск-тату для животных,Блеск-тату для животных,"240,035",499,1650.0%,100.0%,67.5%,27
Продукты / Хлопья ячменные,Хлопья ячменные,"239,561",375,2150.0%,93.3%,55.6%,17
Игрушки / Кендамы,Кендамы,"236,835","1,252",2850.0%,100.0%,65.1%,18
Продукты / Мака перуанская,Мака перуанская,"236,652",904,2150.0%,92.3%,68.9%,17
Анализаторы состава тела,Анализаторы состава тела,"236,282","1,306",2750.0%,100.0%,66.4%,17
Салфетки для удаления смазки,Салфетки для удаления смазки,"236,103",701,2750.0%,100.0%,61.1%,21
Спорт / Халаты спортивные,Халаты спортивные,"236,013","1,757",3450.0%,50.0%,56.4%,6
Здоровье / Очки перископы,Очки перископы,"234,114",972,2500.0%,100.0%,66.8%,20
Запчасти для снегокатов,Запчасти для снегокатов,"232,556",779,2750.0%,81.4%,59.9%,21
Обувь / Гелевые стельки,Гелевые полоски,"232,037",389,3450.0%,100.0%,44.9%,48
Для ремонта / Пробковые полы,Пробковые полы,"231,080","10,029",2800.0%,88.0%,71.1%,2
Здоровье / Аппликаторы грязевые,Аппликаторы грязевые,"230,397",949,2550.0%,62.5%,61.0%,12
Продукты / Пасты ягодные,Пасты ягодные,"227,028",488,2150.0%,100.0%,62.1%,9
Запчасти для игровых палаток,Запчасти для игровых палаток,"224,092","1,207",2850.0%,78.0%,63.0%,17
Акции / Сухарики детские,Сухарики детские,"217,567",416,2150.0%,100.0%,59.3%,16
Для ремонта / Сифон,Сифонные поилки,"217,191",983,1650.0%,100.0%,75.4%,21
Корректоры артериального давления,Корректоры артериального давления,"217,172","9,314",2550.0%,100.0%,73.6%,31
Мужчинам / Пончо,Пончо для малышей,"216,905",827,3450.0%,100.0%,55.8%,26
Акции / Негатоскоп,Негатоскопы,"215,303","8,053",2550.0%,100.0%,73.5%,8
Палочки для наращивания ресниц,Палочки для наращивания ресниц,"214,490",610,3250.0%,100.0%,54.4%,25
Датчики вращения педалей,Датчики вращения педалей,"213,883","1,584",2750.0%,100.0%,67.5%,10
Кольца для палок,Кольца для палок,"212,229",929,2750.0%,100.0%,63.9%,35
Губки для нанесения масла,Губки для нанесения масла,"203,032",609,3150.0%,100.0%,55.4%,25
Столики для кормления животных,Столики для кормления животных,"201,422","1,800",2150.0%,100.0%,74.1%,16
Дом / Одеяла,Одеяла одноразовые,"201,070","1,388",2550.0%,100.0%,68.7%,17
Дробилки для винограда,Дробилки для винограда,"199,551","1,130",2850.0%,100.0%,64.4%,23
Спорт / Счетчики судейские,Счетчики судейские,"198,115",936,2950.0%,100.0%,62.0%,21
Спорт / Замки цепи,Замки для колясок,"197,689",861,2650.0%,100.0%,64.2%,24
Масло пищевое детское,Масло пищевое детское,"195,483",909,2200.0%,100.0%,69.2%,10
Автотовары / Шипы ремонтные,Шипы для педалей,"194,926",672,2750.0%,100.0%,60.6%,23
Для ремонта / Плитка гранитная,Плитка гранитная,"193,137","5,695",2850.0%,100.0%,70.1%,15
Розжиги электрические,Розжиги электрические,"192,772","1,146",2850.0%,100.0%,64.5%,31
Спорт / Сноуборды,Сноуборды детские,"190,004","4,170",2750.0%,50.0%,68.7%,15
Спорт / Шипы для шиповок,Шипы для шиповок,"189,515","1,027",2950.0%,100.0%,62.7%,30
Продукты / Напитки молочные,Напитки молочные,"188,735",386,2150.0%,100.0%,57.7%,12
Крепления для массажеров,Крепления для массажеров,"187,971","1,294",2550.0%,100.0%,68.3%,16
Ночные сорочки для малышей,Ночные сорочки для малышей,"186,241","1,122",3450.0%,100.0%,58.4%,11
Запчасти для электронных сигарет,Запчасти для электронных сигарет,"185,661",877,2850.0%,66.7%,57.8%,27
Продукты / Пончики,Пончики,"181,799",718,2150.0%,100.0%,67.4%,26
Спринцовки для животных,Спринцовки для животных,"170,184","1,162",1650.0%,100.0%,76.6%,10
Фильтры для фритюрниц,Фильтры для фритюрниц,"165,747",883,2450.0%,100.0%,66.4%,38
Дроны-опрыскиватели для сельского хозяйства,Дроны-опрыскиватели для сельского хозяйства,"164,938","3,901",2750.0%,100.0%,70.4%,9
Блоки управления двигателем снегохода,Блоки управления двигателем снегохода,"163,790","3,126",2650.0%,100.0%,70.9%,3
Бумага для папильоток,Бумага для папильоток,"162,812",837,2150.0%,100.0%,68.9%,7
Обувь / Автопятки,Автопятки,"162,020",366,3450.0%,100.0%,43.6%,22
Диффузоры для кальяна,Диффузоры для кальяна,"158,268","1,035",2350.0%,100.0%,68.8%,24
Обувь / Полироли для обуви,Полироли для обуви,"157,812","1,585",3450.0%,100.0%,60.5%,23
Для ремонта / Имитация бруса,Имитация бруса,"156,720","1,998",2850.0%,100.0%,67.5%,5
Солезаменители,Солезаменители,"155,885",296,2150.0%,99.0%,51.2%,5
Товары для взрослых / Щеточки эротик,Щеточки эротик,"154,951",662,2450.0%,100.0%,63.4%,15
Продукты / Мальтодекстрин,Мальтодекстрин,"151,193",397,2150.0%,100.0%,58.3%,8
Автотовары / Полировальные машины,Полировальные камни,"150,544","1,695",2250.0%,100.0%,72.8%,15
Сосуды для святой воды,Сосуды для святой воды,"149,207","1,050",2450.0%,100.0%,67.9%,27
Сменные ручки для ирригаторов,Сменные ручки для ирригаторов,"148,462",986,2550.0%,100.0%,66.4%,19
Продукты / Хлеб,Хлеб,"146,838",133,1650.0%,100.0%,23.3%,13
Дом / Курницы,Курницы,"146,400","1,136",2950.0%,100.0%,63.5%,26
Комплектующие для лодочных прицепов,Комплектующие для лодочных прицепов,"144,800","1,212",2750.0%,100.0%,65.9%,16
Держатели зубной нити,Держатели зубной нити,"143,991",773,3250.0%,100.0%,57.2%,24
Гранаты тренировочные,Гранаты тренировочные,"143,790","1,376",2750.0%,100.0%,66.7%,24
Компрессионные бриджи,Компрессионные бриджи,"141,298","1,138",3250.0%,100.0%,60.5%,12
Мебель / Столы плетеные,Столы плетеные,"139,886","10,726",2600.0%,100.0%,73.3%,16
Обувь / Лосьоны для обуви,Лосьоны для обуви,"139,468",318,3450.0%,100.0%,40.3%,18
Охладители для бокалов,Охладители для бокалов,"139,089","1,418",2750.0%,100.0%,66.9%,19
Профили для обработки лыж,Профили для обработки лыж,"137,467","3,022",2250.0%,100.0%,74.9%,2
Продукты / Хлопья из полбы,Хлопья из полбы,"135,238",435,1650.0%,100.0%,65.1%,10
Товары для взрослых / Благовония эротик,Благовония эротик,"134,703",974,2950.0%,100.0%,62.3%,11
Многомодульные станции для завтрака,Многомодульные станции для завтрака,"132,813","7,308",2450.0%,100.0%,74.4%,8
Пробковые компенсаторы,Пробковые компенсаторы,"130,833",650,2850.0%,100.0%,59.2%,10
Товары для взрослых / Посуда эротик,Посуда эротик,"127,878","1,314",2950.0%,100.0%,64.4%,18
Педали для тату машинки,Педали для тату машинки,"126,511","1,148",3250.0%,86.0%,59.4%,29
Дом / Мыльные основы,Основы для пицц,"124,698",600,2150.0%,100.0%,65.2%,4
Детям / Компрессы детские,Компрессы детские,"120,194","1,079",2500.0%,100.0%,67.6%,15
Мужчинам / Рубашки одноразовые,Рубашки одноразовые,"119,702",947,2850.0%,100.0%,63.1%,10
Электроника / Трекеры времени,Трекеры времени,"114,997","1,468",2750.0%,100.0%,67.1%,22
Товары для взрослых / Подвязки эротик,Подвязки эротик,"112,984",762,2950.0%,100.0%,60.0%,12
Спорт / Базы спортивные,Базы спортивные,"111,068","1,832",2700.0%,100.0%,68.6%,19
Товары для взрослых / Указки эротик,Указки эротик,"107,173",814,2450.0%,100.0%,65.7%,8
Топы послеоперационные,Топы послеоперационные,"102,052","1,407",2750.0%,33.3%,55.4%,12
Продукты / Масло сливочное,Масло сливочное,"93,686",269,2150.0%,71.4%,36.9%,14
Продукты / Перец фаршированный,Перец фаршированный,"92,022","2,728",1650.0%,100.0%,80.6%,3
Продукты / Сало,Сало,"91,195",327,2150.0%,100.0%,54.0%,5
Акции / Серьги медицинские,Серьги медицинские,"88,952",779,2750.0%,100.0%,62.2%,19
Шапки-ушанки для малышей,Шапки-ушанки для малышей,"83,433",718,3450.0%,33.3%,32.1%,27
Таблетки для ирригаторов,Таблетки для ирригаторов,"83,068","1,123",3250.0%,96.8%,60.1%,7
Продукты / Мацони,Мацони,"82,196",483,1650.0%,98.8%,66.7%,7
Дом / Дамару,Дамару,"77,830","1,860",2850.0%,100.0%,67.2%,11
Продукты / Орехи в сиропе,Орехи в сиропе,"76,713",570,2150.0%,100.0%,64.5%,20
Товары для взрослых / Топы эротик,Топы эротик,"73,970","1,018",2950.0%,100.0%,62.6%,12
Товары для взрослых / Галстуки эротик,Галстуки эротик,"73,653",750,2950.0%,50.0%,49.2%,2
Автотовары / Накидки,Накидки для санок,"73,014","3,220",2450.0%,84.4%,72.6%,9
Женщинам / Торсеты,Торсеты,"71,255","1,309",3450.0%,42.9%,51.2%,14
Аксессуары / Пояса,Пояса от колик,"70,867","1,346",2650.0%,100.0%,67.6%,4
Спорт / Кастет,Кастеты,"70,343","1,011",2250.0%,100.0%,69.6%,8
Кронштейны для скейтбордов,Кронштейны для скейтбордов,"69,845","1,367",2750.0%,100.0%,66.6%,17
Бестабачные смеси для кальянов,Бестабачные смеси для кальянов,"68,728",456,2850.0%,100.0%,54.0%,5
Спорт / Канторез,Канторезы,"68,273",847,2750.0%,66.7%,58.3%,30
Мужчинам / Капри,Капри для малышей,"64,968",722,3450.0%,100.0%,54.4%,9
Зоотовары / Пилочки для животных,Пилочки для животных,"59,550","2,017",2150.0%,100.0%,74.5%,17
Товары для взрослых / Помады эротик,Помады эротик,"59,255",928,2950.0%,100.0%,61.9%,8
Для ремонта / Профили монтажные,Профили маячковые,"55,158","1,054",2850.0%,100.0%,63.9%,9
Бытовая техника / Электрощетки,Щетки для сукна,"53,813","1,562",2950.0%,100.0%,65.4%,9
Продукты / Баурсак,Баурсак,"52,460",548,2150.0%,100.0%,63.9%,4
Портновские гладильные болванки,Портновские гладильные болванки,"51,681",940,2950.0%,100.0%,62.0%,12
Товары для взрослых / Манжеты эротик,Манжеты эротик,"50,151",944,2950.0%,100.0%,62.0%,2
Аксессуары / Капоры,Капоры для малышей,"49,455",939,3450.0%,100.0%,57.0%,8
Товары для взрослых / Дезодоранты эротик,Дезодоранты эротик,"48,685","1,299",2950.0%,100.0%,64.3%,12
Спорт / Гурта для лошади,Троки для лошади,"48,384","1,096",2950.0%,100.0%,63.2%,7
Подставки для кальянов,Подставки для кальянов,"44,849",759,2850.0%,100.0%,61.0%,12
Икра имитированная красная,Икра имитированная красная,"40,413",627,2150.0%,55.6%,55.5%,4
Комбидрессы послеоперационные,Комбидрессы послеоперационные,"38,219",427,2550.0%,100.0%,55.8%,16
Ботинки для лыжероллеров,Ботинки для лыжероллеров,"38,120","4,769",2950.0%,100.0%,68.8%,1
Термоколготки для малышей,Термоколготки для малышей,"37,628",423,3450.0%,100.0%,46.6%,6
Икра имитированная черная,Икра имитированная черная,"36,656",571,2150.0%,66.7%,57.5%,4
Товары для взрослых / Накидки эротик,Накидки эротик,"36,268","1,537",2950.0%,90.0%,64.7%,5
Продукты / Колбаски,Колбаски,"35,967",351,2150.0%,100.0%,55.7%,2
Продукты / Лепешки,Лепешки,"35,451",160,2150.0%,97.6%,27.3%,1
Мужчинам / Накладки для ног,Накладки для лошадей,"35,365","1,441",2900.0%,100.0%,65.4%,4
Продукты / Джезерье,Джезерье,"26,874","1,192",1650.0%,100.0%,76.8%,5
Товары для взрослых / Гольфы эротик,Гольфы эротик,"25,476",588,2950.0%,100.0%,56.9%,5
Мужчинам / Кальсоны,Кальсоны для малышей,"25,085",617,3450.0%,100.0%,52.5%,16
Продукты / Порошки соевые,Порошки соевые,"23,288",486,2150.0%,94.2%,61.0%,3
Автотовары / Таксометры,Таксометры,"21,890","1,442",2600.0%,100.0%,68.5%,6
Мебель / Системы,Системы нагрева,"15,371","1,434",2850.0%,100.0%,65.9%,4
Напитки кисломолочные детские,Напитки кисломолочные детские,"14,468",316,2200.0%,100.0%,52.7%,2
Дом / Фигурки и статуэтки,Статуэтки,"13,985","1,165",2950.0%,78.1%,61.7%,12
Продукты / Лаваш,Лаваш,"10,878",164,1650.0%,95.0%,32.2%,6
Зоотовары / Тальк для животных,Тальк для животных,"10,575",595,2150.0%,100.0%,65.1%,4
Продукты / Ростки ржи,Ростки ржи,"9,857","2,029",2150.0%,92.9%,74.3%,2
Дом / Крючки,Крючки медицинские,"9,589",801,2500.0%,100.0%,65.0%,3
Майки спортивные для малышей,Майки спортивные для малышей,"9,520",508,3450.0%,85.7%,47.1%,8
Товары для взрослых / Леггинсы эротик,Леггинсы эротик,"8,812",600,2950.0%,100.0%,57.2%,5
Акции / Спички,Спички,"7,608",240,2800.0%,100.0%,38.7%,1
Чехлы-книжки для телефонов,Чехлы-книжки для телефонов,"6,100",390,2950.0%,78.6%,51.3%,12
Выключатели электронные,Выключатели электронные,"4,933",550,2850.0%,75.0%,62.8%,7
Термоджемперы для малышей,Термоджемперы для малышей,"3,742",957,3450.0%,100.0%,57.1%,1
Продукты / Долма,Долма,"2,759",224,1650.0%,97.8%,47.0%,1
Термофутболки для малышей,Термофутболки для малышей,"1,846",733,3450.0%,76.0%,51.1%,2
Продукты / Замороженное тесто,Замороженное тесто,"1,300","1,276",1650.0%,100.0%,77.2%,1
Крестильные брюки для малышей,Крестильные брюки для малышей,650,936,2950.0%,100.0%,62.0%,1
Аксессуары / Хлопья нутовые,Хлопья нутовые,597,846,1650.0%,100.0%,74.0%,1
Канцтовары / Бумага для заметок и стикеры,Стикеры,543,270,2450.0%,91.2%,43.0%,6
"Роллы, суши и онигири","Роллы, суши и онигири",519,399,2150.0%,95.2%,57.4%,1
